=== RUN START: 2025-12-03T10:40:01Z user=amhengly pwd=/home/amhengly ===

PLAY [Backup database] *********************************************************

TASK [Gathering Facts] *********************************************************
ok: [gc-worker01]

TASK [db_backup : Ensure backup folder exists] *********************************
ok: [gc-worker01]

TASK [db_backup : Set backup timestamp] ****************************************
ok: [gc-worker01]

TASK [db_backup : Backup database] *********************************************
changed: [gc-worker01]

PLAY RECAP *********************************************************************
gc-worker01                : ok=4    changed=1    unreachable=0    failed=0    skipped=0    rescued=0    ignored=0   

=== EXIT 0: 2025-12-03T10:40:11Z ===
=== RUN START: 2025-12-03T10:41:01Z user=amhengly pwd=/home/amhengly ===

PLAY [Backup database] *********************************************************

TASK [Gathering Facts] *********************************************************
ok: [gc-worker01]

TASK [db_backup : Ensure backup folder exists] *********************************
ok: [gc-worker01]

TASK [db_backup : Set backup timestamp] ****************************************
ok: [gc-worker01]

TASK [db_backup : Backup database] *********************************************
changed: [gc-worker01]

PLAY RECAP *********************************************************************
gc-worker01                : ok=4    changed=1    unreachable=0    failed=0    skipped=0    rescued=0    ignored=0   

=== EXIT 0: 2025-12-03T10:41:11Z ===
=== RUN START: 2025-12-03T10:42:01Z user=amhengly pwd=/home/amhengly ===

PLAY [Backup database] *********************************************************

TASK [Gathering Facts] *********************************************************
ok: [gc-worker01]

TASK [db_backup : Ensure backup folder exists] *********************************
ok: [gc-worker01]

TASK [db_backup : Set backup timestamp] ****************************************
ok: [gc-worker01]

TASK [db_backup : Backup database] *********************************************
changed: [gc-worker01]

TASK [db_backup : Find old backups] ********************************************
ok: [gc-worker01]

TASK [db_backup : Remove old backups older than 5 minutes] *********************
--- before
+++ after
@@ -1,4 +1,4 @@
 {
     "path": "/Database/db_backup/mydb_2025-12-03_10-16.sql",
-    "state": "file"
+    "state": "absent"
 }

changed: [gc-worker01] => (item={'path': '/Database/db_backup/mydb_2025-12-03_10-16.sql', 'mode': '0644', 'isdir': False, 'ischr': False, 'isblk': False, 'isreg': True, 'isfifo': False, 'islnk': False, 'issock': False, 'uid': 0, 'gid': 0, 'size': 2082, 'inode': 789822, 'dev': 2049, 'nlink': 1, 'atime': 1764756970.6295288, 'mtime': 1764756970.7535298, 'ctime': 1764756970.7535298, 'gr_name': 'root', 'pw_name': 'root', 'wusr': True, 'rusr': True, 'xusr': False, 'wgrp': False, 'rgrp': True, 'xgrp': False, 'woth': False, 'roth': True, 'xoth': False, 'isuid': False, 'isgid': False})
--- before
+++ after
@@ -1,4 +1,4 @@
 {
     "path": "/Database/db_backup/mydb_2025-12-03_10-13.sql",
-    "state": "file"
+    "state": "absent"
 }

changed: [gc-worker01] => (item={'path': '/Database/db_backup/mydb_2025-12-03_10-13.sql', 'mode': '0644', 'isdir': False, 'ischr': False, 'isblk': False, 'isreg': True, 'isfifo': False, 'islnk': False, 'issock': False, 'uid': 0, 'gid': 0, 'size': 2082, 'inode': 789819, 'dev': 2049, 'nlink': 1, 'atime': 1764756839.7665894, 'mtime': 1764756839.8974254, 'ctime': 1764756839.8974254, 'gr_name': 'root', 'pw_name': 'root', 'wusr': True, 'rusr': True, 'xusr': False, 'wgrp': False, 'rgrp': True, 'xgrp': False, 'woth': False, 'roth': True, 'xoth': False, 'isuid': False, 'isgid': False})
--- before
+++ after
@@ -1,4 +1,4 @@
 {
     "path": "/Database/db_backup/mydb_2025-12-03_10-17.sql",
-    "state": "file"
+    "state": "absent"
 }

changed: [gc-worker01] => (item={'path': '/Database/db_backup/mydb_2025-12-03_10-17.sql', 'mode': '0644', 'isdir': False, 'ischr': False, 'isblk': False, 'isreg': True, 'isfifo': False, 'islnk': False, 'issock': False, 'uid': 0, 'gid': 0, 'size': 2082, 'inode': 789823, 'dev': 2049, 'nlink': 1, 'atime': 1764757030.2309566, 'mtime': 1764757030.3549576, 'ctime': 1764757030.3549576, 'gr_name': 'root', 'pw_name': 'root', 'wusr': True, 'rusr': True, 'xusr': False, 'wgrp': False, 'rgrp': True, 'xgrp': False, 'woth': False, 'roth': True, 'xoth': False, 'isuid': False, 'isgid': False})
--- before
+++ after
@@ -1,4 +1,4 @@
 {
     "path": "/Database/db_backup/mydb_2025-12-03_10-14.sql",
-    "state": "file"
+    "state": "absent"
 }

changed: [gc-worker01] => (item={'path': '/Database/db_backup/mydb_2025-12-03_10-14.sql', 'mode': '0644', 'isdir': False, 'ischr': False, 'isblk': False, 'isreg': True, 'isfifo': False, 'islnk': False, 'issock': False, 'uid': 0, 'gid': 0, 'size': 2082, 'inode': 789821, 'dev': 2049, 'nlink': 1, 'atime': 1764756851.4546733, 'mtime': 1764756864.26278, 'ctime': 1764756864.26278, 'gr_name': 'root', 'pw_name': 'root', 'wusr': True, 'rusr': True, 'xusr': False, 'wgrp': False, 'rgrp': True, 'xgrp': False, 'woth': False, 'roth': True, 'xoth': False, 'isuid': False, 'isgid': False})
--- before
+++ after
@@ -1,4 +1,4 @@
 {
     "path": "/Database/db_backup/mydb_2025-12-03_10-20.sql",
-    "state": "file"
+    "state": "absent"
 }

changed: [gc-worker01] => (item={'path': '/Database/db_backup/mydb_2025-12-03_10-20.sql', 'mode': '0644', 'isdir': False, 'ischr': False, 'isblk': False, 'isreg': True, 'isfifo': False, 'islnk': False, 'issock': False, 'uid': 0, 'gid': 0, 'size': 2082, 'inode': 789826, 'dev': 2049, 'nlink': 1, 'atime': 1764757210.709252, 'mtime': 1764757210.8282528, 'ctime': 1764757210.8282528, 'gr_name': 'root', 'pw_name': 'root', 'wusr': True, 'rusr': True, 'xusr': False, 'wgrp': False, 'rgrp': True, 'xgrp': False, 'woth': False, 'roth': True, 'xoth': False, 'isuid': False, 'isgid': False})
--- before
+++ after
@@ -1,4 +1,4 @@
 {
     "path": "/Database/db_backup/mydb_2025-12-03_10-26.sql",
-    "state": "file"
+    "state": "absent"
 }

changed: [gc-worker01] => (item={'path': '/Database/db_backup/mydb_2025-12-03_10-26.sql', 'mode': '0644', 'isdir': False, 'ischr': False, 'isblk': False, 'isreg': True, 'isfifo': False, 'islnk': False, 'issock': False, 'uid': 0, 'gid': 0, 'size': 2082, 'inode': 789827, 'dev': 2049, 'nlink': 1, 'atime': 1764757570.0548313, 'mtime': 1764757570.1738322, 'ctime': 1764757570.1738322, 'gr_name': 'root', 'pw_name': 'root', 'wusr': True, 'rusr': True, 'xusr': False, 'wgrp': False, 'rgrp': True, 'xgrp': False, 'woth': False, 'roth': True, 'xoth': False, 'isuid': False, 'isgid': False})
--- before
+++ after
@@ -1,4 +1,4 @@
 {
     "path": "/Database/db_backup/mydb_2025-12-03_10-19.sql",
-    "state": "file"
+    "state": "absent"
 }

changed: [gc-worker01] => (item={'path': '/Database/db_backup/mydb_2025-12-03_10-19.sql', 'mode': '0644', 'isdir': False, 'ischr': False, 'isblk': False, 'isreg': True, 'isfifo': False, 'islnk': False, 'issock': False, 'uid': 0, 'gid': 0, 'size': 2082, 'inode': 789825, 'dev': 2049, 'nlink': 1, 'atime': 1764757150.0308166, 'mtime': 1764757150.1528175, 'ctime': 1764757150.1528175, 'gr_name': 'root', 'pw_name': 'root', 'wusr': True, 'rusr': True, 'xusr': False, 'wgrp': False, 'rgrp': True, 'xgrp': False, 'woth': False, 'roth': True, 'xoth': False, 'isuid': False, 'isgid': False})
--- before
+++ after
@@ -1,4 +1,4 @@
 {
     "path": "/Database/db_backup/mydb_2025-12-03_10-27.sql",
-    "state": "file"
+    "state": "absent"
 }

changed: [gc-worker01] => (item={'path': '/Database/db_backup/mydb_2025-12-03_10-27.sql', 'mode': '0644', 'isdir': False, 'ischr': False, 'isblk': False, 'isreg': True, 'isfifo': False, 'islnk': False, 'issock': False, 'uid': 0, 'gid': 0, 'size': 2082, 'inode': 789828, 'dev': 2049, 'nlink': 1, 'atime': 1764757630.8002675, 'mtime': 1764757630.9673948, 'ctime': 1764757630.9673948, 'gr_name': 'root', 'pw_name': 'root', 'wusr': True, 'rusr': True, 'xusr': False, 'wgrp': False, 'rgrp': True, 'xgrp': False, 'woth': False, 'roth': True, 'xoth': False, 'isuid': False, 'isgid': False})
--- before
+++ after
@@ -1,4 +1,4 @@
 {
     "path": "/Database/db_backup/mydb_2025-12-03_10-18.sql",
-    "state": "file"
+    "state": "absent"
 }

changed: [gc-worker01] => (item={'path': '/Database/db_backup/mydb_2025-12-03_10-18.sql', 'mode': '0644', 'isdir': False, 'ischr': False, 'isblk': False, 'isreg': True, 'isfifo': False, 'islnk': False, 'issock': False, 'uid': 0, 'gid': 0, 'size': 2082, 'inode': 789824, 'dev': 2049, 'nlink': 1, 'atime': 1764757091.0533931, 'mtime': 1764757091.2243943, 'ctime': 1764757091.2243943, 'gr_name': 'root', 'pw_name': 'root', 'wusr': True, 'rusr': True, 'xusr': False, 'wgrp': False, 'rgrp': True, 'xgrp': False, 'woth': False, 'roth': True, 'xoth': False, 'isuid': False, 'isgid': False})

PLAY RECAP *********************************************************************
gc-worker01                : ok=6    changed=2    unreachable=0    failed=0    skipped=0    rescued=0    ignored=0   

=== EXIT 0: 2025-12-03T10:42:33Z ===


=== RUN START: 2025-12-03T10:45:01Z user=amhengly pwd=/home/amhengly ===
=== RUN START: 2025-12-03T10:45:01Z user=amhengly pwd=/home/amhengly ===

PLAY [Backup database] *********************************************************

TASK [Gathering Facts] *********************************************************

PLAY [Backup database] *********************************************************

TASK [Gathering Facts] *********************************************************
ok: [gc-worker01]

TASK [db_backup : Ensure backup folder exists] *********************************
ok: [gc-worker01]

TASK [db_backup : Ensure backup folder exists] *********************************
ok: [gc-worker01]

TASK [db_backup : Set backup timestamp] ****************************************
ok: [gc-worker01]

TASK [db_backup : Set backup timestamp] ****************************************
ok: [gc-worker01]

TASK [db_backup : Backup database] *********************************************
ok: [gc-worker01]

TASK [db_backup : Backup database] *********************************************
changed: [gc-worker01]

TASK [db_backup : Find old backups] ********************************************
changed: [gc-worker01]

TASK [db_backup : Find old backups] ********************************************
ok: [gc-worker01]

TASK [db_backup : Remove old backups older than 5 minutes] *********************
ok: [gc-worker01]

TASK [db_backup : Remove old backups older than 5 minutes] *********************
ok: [gc-worker01] => (item={'path': '/Database/db_backup/mydb_2025-12-03_10-40.sql', 'mode': '0644', 'isdir': False, 'ischr': False, 'isblk': False, 'isreg': True, 'isfifo': False, 'islnk': False, 'issock': False, 'uid': 0, 'gid': 0, 'size': 2082, 'inode': 789829, 'dev': 2049, 'nlink': 1, 'atime': 1764758410.4488633, 'mtime': 1764758410.5692353, 'ctime': 1764758410.5692353, 'gr_name': 'root', 'pw_name': 'root', 'wusr': True, 'rusr': True, 'xusr': False, 'wgrp': False, 'rgrp': True, 'xgrp': False, 'woth': False, 'roth': True, 'xoth': False, 'isuid': False, 'isgid': False})
--- before
+++ after
@@ -1,4 +1,4 @@
 {
     "path": "/Database/db_backup/mydb_2025-12-03_10-42.sql",
-    "state": "file"
+    "state": "absent"
 }

changed: [gc-worker01] => (item={'path': '/Database/db_backup/mydb_2025-12-03_10-42.sql', 'mode': '0644', 'isdir': False, 'ischr': False, 'isblk': False, 'isreg': True, 'isfifo': False, 'islnk': False, 'issock': False, 'uid': 0, 'gid': 0, 'size': 2082, 'inode': 789831, 'dev': 2049, 'nlink': 1, 'atime': 1764758530.4187243, 'mtime': 1764758530.5787256, 'ctime': 1764758530.5787256, 'gr_name': 'root', 'pw_name': 'root', 'wusr': True, 'rusr': True, 'xusr': False, 'wgrp': False, 'rgrp': True, 'xgrp': False, 'woth': False, 'roth': True, 'xoth': False, 'isuid': False, 'isgid': False})
--- before
+++ after
@@ -1,4 +1,4 @@
 {
     "path": "/Database/db_backup/mydb_2025-12-03_10-41.sql",
-    "state": "file"
+    "state": "absent"
 }

changed: [gc-worker01] => (item={'path': '/Database/db_backup/mydb_2025-12-03_10-41.sql', 'mode': '0644', 'isdir': False, 'ischr': False, 'isblk': False, 'isreg': True, 'isfifo': False, 'islnk': False, 'issock': False, 'uid': 0, 'gid': 0, 'size': 2082, 'inode': 789830, 'dev': 2049, 'nlink': 1, 'atime': 1764758470.2352924, 'mtime': 1764758470.445294, 'ctime': 1764758470.445294, 'gr_name': 'root', 'pw_name': 'root', 'wusr': True, 'rusr': True, 'xusr': False, 'wgrp': False, 'rgrp': True, 'xgrp': False, 'woth': False, 'roth': True, 'xoth': False, 'isuid': False, 'isgid': False})

PLAY RECAP *********************************************************************
gc-worker01                : ok=6    changed=2    unreachable=0    failed=0    skipped=0    rescued=0    ignored=0   

--- before
+++ after
@@ -1,4 +1,4 @@
 {
     "path": "/Database/db_backup/mydb_2025-12-03_10-40.sql",
-    "state": "file"
+    "state": "absent"
 }

changed: [gc-worker01] => (item={'path': '/Database/db_backup/mydb_2025-12-03_10-40.sql', 'mode': '0644', 'isdir': False, 'ischr': False, 'isblk': False, 'isreg': True, 'isfifo': False, 'islnk': False, 'issock': False, 'uid': 0, 'gid': 0, 'size': 2082, 'inode': 789829, 'dev': 2049, 'nlink': 1, 'atime': 1764758410.4488633, 'mtime': 1764758410.5692353, 'ctime': 1764758410.5692353, 'gr_name': 'root', 'pw_name': 'root', 'wusr': True, 'rusr': True, 'xusr': False, 'wgrp': False, 'rgrp': True, 'xgrp': False, 'woth': False, 'roth': True, 'xoth': False, 'isuid': False, 'isgid': False})
ok: [gc-worker01] => (item={'path': '/Database/db_backup/mydb_2025-12-03_10-42.sql', 'mode': '0644', 'isdir': False, 'ischr': False, 'isblk': False, 'isreg': True, 'isfifo': False, 'islnk': False, 'issock': False, 'uid': 0, 'gid': 0, 'size': 2082, 'inode': 789831, 'dev': 2049, 'nlink': 1, 'atime': 1764758530.4187243, 'mtime': 1764758530.5787256, 'ctime': 1764758530.5787256, 'gr_name': 'root', 'pw_name': 'root', 'wusr': True, 'rusr': True, 'xusr': False, 'wgrp': False, 'rgrp': True, 'xgrp': False, 'woth': False, 'roth': True, 'xoth': False, 'isuid': False, 'isgid': False})
ok: [gc-worker01] => (item={'path': '/Database/db_backup/mydb_2025-12-03_10-41.sql', 'mode': '0644', 'isdir': False, 'ischr': False, 'isblk': False, 'isreg': True, 'isfifo': False, 'islnk': False, 'issock': False, 'uid': 0, 'gid': 0, 'size': 2082, 'inode': 789830, 'dev': 2049, 'nlink': 1, 'atime': 1764758470.2352924, 'mtime': 1764758470.445294, 'ctime': 1764758470.445294, 'gr_name': 'root', 'pw_name': 'root', 'wusr': True, 'rusr': True, 'xusr': False, 'wgrp': False, 'rgrp': True, 'xgrp': False, 'woth': False, 'roth': True, 'xoth': False, 'isuid': False, 'isgid': False})

PLAY RECAP *********************************************************************
gc-worker01                : ok=6    changed=2    unreachable=0    failed=0    skipped=0    rescued=0    ignored=0   

=== EXIT 0: 2025-12-03T10:45:24Z ===
=== EXIT 0: 2025-12-03T10:45:24Z ===
=== RUN START: 2025-12-03T10:46:01Z user=amhengly pwd=/home/amhengly ===


=== RUN START: 2025-12-03T10:48:01Z user=amhengly pwd=/home/amhengly ===

PLAY [Backup database] *********************************************************

TASK [Gathering Facts] *********************************************************
ok: [gc-worker01]

TASK [db_backup : Ensure backup folder exists] *********************************
ok: [gc-worker01]

TASK [db_backup : Set backup timestamp] ****************************************
ok: [gc-worker01]

TASK [db_backup : Backup database] *********************************************
changed: [gc-worker01]

TASK [db_backup : Find old backups] ********************************************
ok: [gc-worker01]

TASK [db_backup : Remove old backups older than 5 minutes] *********************
--- before
+++ after
@@ -1,4 +1,4 @@
 {
     "path": "/Database/db_backup/mydb_2025-12-03_10-45.sql",
-    "state": "file"
+    "state": "absent"
 }

changed: [gc-worker01] => (item={'path': '/Database/db_backup/mydb_2025-12-03_10-45.sql', 'mode': '0644', 'isdir': False, 'ischr': False, 'isblk': False, 'isreg': True, 'isfifo': False, 'islnk': False, 'issock': False, 'uid': 0, 'gid': 0, 'size': 2082, 'inode': 789819, 'dev': 2049, 'nlink': 1, 'atime': 1764758712.5010312, 'mtime': 1764758712.6940327, 'ctime': 1764758712.6940327, 'gr_name': 'root', 'pw_name': 'root', 'wusr': True, 'rusr': True, 'xusr': False, 'wgrp': False, 'rgrp': True, 'xgrp': False, 'woth': False, 'roth': True, 'xoth': False, 'isuid': False, 'isgid': False})

PLAY RECAP *********************************************************************
gc-worker01                : ok=6    changed=2    unreachable=0    failed=0    skipped=0    rescued=0    ignored=0   

=== EXIT 0: 2025-12-03T10:48:16Z ===


=== RUN START: 2025-12-03T10:51:01Z user=amhengly pwd=/home/amhengly ===

PLAY [Backup database] *********************************************************

TASK [Gathering Facts] *********************************************************
ok: [gc-worker01]

TASK [db_backup : Ensure backup folder exists] *********************************
ok: [gc-worker01]

TASK [db_backup : Set backup timestamp] ****************************************
ok: [gc-worker01]

TASK [db_backup : Backup database] *********************************************
changed: [gc-worker01]

TASK [db_backup : Find old backups] ********************************************
ok: [gc-worker01]

TASK [db_backup : Remove old backups older than 3 minutes] *********************
--- before
+++ after
@@ -1,4 +1,4 @@
 {
     "path": "/Database/db_backup/mydb_2025-12-03_10-48.sql",
-    "state": "file"
+    "state": "absent"
 }

changed: [gc-worker01] => (item={'path': '/Database/db_backup/mydb_2025-12-03_10-48.sql', 'mode': '0644', 'isdir': False, 'ischr': False, 'isblk': False, 'isreg': True, 'isfifo': False, 'islnk': False, 'issock': False, 'uid': 0, 'gid': 0, 'size': 2082, 'inode': 789823, 'dev': 2049, 'nlink': 1, 'atime': 1764758890.6913102, 'mtime': 1764758890.8124657, 'ctime': 1764758890.8124657, 'gr_name': 'root', 'pw_name': 'root', 'wusr': True, 'rusr': True, 'xusr': False, 'wgrp': False, 'rgrp': True, 'xgrp': False, 'woth': False, 'roth': True, 'xoth': False, 'isuid': False, 'isgid': False})
--- before
+++ after
@@ -1,4 +1,4 @@
 {
     "path": "/Database/db_backup/mydb_2025-12-03_10-47.sql",
-    "state": "file"
+    "state": "absent"
 }

changed: [gc-worker01] => (item={'path': '/Database/db_backup/mydb_2025-12-03_10-47.sql', 'mode': '0644', 'isdir': False, 'ischr': False, 'isblk': False, 'isreg': True, 'isfifo': False, 'islnk': False, 'issock': False, 'uid': 0, 'gid': 0, 'size': 2082, 'inode': 789822, 'dev': 2049, 'nlink': 1, 'atime': 1764758830.4588778, 'mtime': 1764758830.5810106, 'ctime': 1764758830.5810106, 'gr_name': 'root', 'pw_name': 'root', 'wusr': True, 'rusr': True, 'xusr': False, 'wgrp': False, 'rgrp': True, 'xgrp': False, 'woth': False, 'roth': True, 'xoth': False, 'isuid': False, 'isgid': False})
--- before
+++ after
@@ -1,4 +1,4 @@
 {
     "path": "/Database/db_backup/mydb_2025-12-03_10-46.sql",
-    "state": "file"
+    "state": "absent"
 }

changed: [gc-worker01] => (item={'path': '/Database/db_backup/mydb_2025-12-03_10-46.sql', 'mode': '0644', 'isdir': False, 'ischr': False, 'isblk': False, 'isreg': True, 'isfifo': False, 'islnk': False, 'issock': False, 'uid': 0, 'gid': 0, 'size': 2082, 'inode': 789821, 'dev': 2049, 'nlink': 1, 'atime': 1764758770.554448, 'mtime': 1764758770.6734488, 'ctime': 1764758770.6734488, 'gr_name': 'root', 'pw_name': 'root', 'wusr': True, 'rusr': True, 'xusr': False, 'wgrp': False, 'rgrp': True, 'xgrp': False, 'woth': False, 'roth': True, 'xoth': False, 'isuid': False, 'isgid': False})

PLAY RECAP *********************************************************************
gc-worker01                : ok=6    changed=2    unreachable=0    failed=0    skipped=0    rescued=0    ignored=0   

=== EXIT 0: 2025-12-03T10:51:19Z ===
=== RUN START: 2025-12-16T08:46:01Z user=amhengly pwd=/home/amhengly ===
[WARNING]: Could not match supplied host pattern, ignoring: db_servers

PLAY [Backup database] *********************************************************
skipping: no hosts matched

PLAY RECAP *********************************************************************

=== EXIT 0: 2025-12-16T08:46:03Z ===
=== RUN START: 2025-12-16T08:47:01Z user=amhengly pwd=/home/amhengly ===
[WARNING]: Could not match supplied host pattern, ignoring: db_servers

PLAY [Backup database] *********************************************************
skipping: no hosts matched

PLAY RECAP *********************************************************************

=== EXIT 0: 2025-12-16T08:47:02Z ===
=== RUN START: 2025-12-16T08:48:01Z user=amhengly pwd=/home/amhengly ===
[WARNING]: Could not match supplied host pattern, ignoring: db_servers

PLAY [Backup database] *********************************************************
skipping: no hosts matched

PLAY RECAP *********************************************************************

=== EXIT 0: 2025-12-16T08:48:03Z ===
=== RUN START: 2025-12-16T08:49:01Z user=amhengly pwd=/home/amhengly ===
[WARNING]: Could not match supplied host pattern, ignoring: db_servers

PLAY [Backup database] *********************************************************
skipping: no hosts matched

PLAY RECAP *********************************************************************

=== EXIT 0: 2025-12-16T08:49:03Z ===
=== RUN START: 2025-12-16T08:50:01Z user=amhengly pwd=/home/amhengly ===
[WARNING]: Could not match supplied host pattern, ignoring: db_servers

PLAY [Backup database] *********************************************************
skipping: no hosts matched

PLAY RECAP *********************************************************************

=== EXIT 0: 2025-12-16T08:50:03Z ===
=== RUN START: 2025-12-16T08:51:01Z user=amhengly pwd=/home/amhengly ===
[WARNING]: Could not match supplied host pattern, ignoring: db_servers

PLAY [Backup database] *********************************************************
skipping: no hosts matched

PLAY RECAP *********************************************************************

=== EXIT 0: 2025-12-16T08:51:03Z ===
=== RUN START: 2025-12-16T08:52:01Z user=amhengly pwd=/home/amhengly ===
[WARNING]: Could not match supplied host pattern, ignoring: db_servers

PLAY [Backup database] *********************************************************
skipping: no hosts matched

PLAY RECAP *********************************************************************

=== EXIT 0: 2025-12-16T08:52:02Z ===
=== RUN START: 2025-12-16T08:53:01Z user=amhengly pwd=/home/amhengly ===
[WARNING]: Could not match supplied host pattern, ignoring: db_servers

PLAY [Backup database] *********************************************************
skipping: no hosts matched

PLAY RECAP *********************************************************************

=== EXIT 0: 2025-12-16T08:53:03Z ===
=== RUN START: 2025-12-16T08:54:01Z user=amhengly pwd=/home/amhengly ===
[WARNING]: Could not match supplied host pattern, ignoring: db_servers

PLAY [Backup database] *********************************************************
skipping: no hosts matched

PLAY RECAP *********************************************************************

=== EXIT 0: 2025-12-16T08:54:03Z ===
=== RUN START: 2025-12-16T08:55:01Z user=amhengly pwd=/home/amhengly ===
[WARNING]: Could not match supplied host pattern, ignoring: db_servers

PLAY [Backup database] *********************************************************
skipping: no hosts matched

PLAY RECAP *********************************************************************

=== EXIT 0: 2025-12-16T08:55:02Z ===
=== RUN START: 2025-12-16T08:56:01Z user=amhengly pwd=/home/amhengly ===
[WARNING]: Could not match supplied host pattern, ignoring: db_servers

PLAY [Backup database] *********************************************************
skipping: no hosts matched

PLAY RECAP *********************************************************************

=== EXIT 0: 2025-12-16T08:56:03Z ===
=== RUN START: 2025-12-16T08:57:01Z user=amhengly pwd=/home/amhengly ===
[WARNING]: Could not match supplied host pattern, ignoring: db_servers

PLAY [Backup database] *********************************************************
skipping: no hosts matched

PLAY RECAP *********************************************************************

=== EXIT 0: 2025-12-16T08:57:03Z ===
=== RUN START: 2025-12-16T08:58:01Z user=amhengly pwd=/home/amhengly ===
[WARNING]: Could not match supplied host pattern, ignoring: db_servers

PLAY [Backup database] *********************************************************
skipping: no hosts matched

PLAY RECAP *********************************************************************

=== EXIT 0: 2025-12-16T08:58:03Z ===
=== RUN START: 2025-12-16T08:59:01Z user=amhengly pwd=/home/amhengly ===
[WARNING]: Could not match supplied host pattern, ignoring: db_servers

PLAY [Backup database] *********************************************************
skipping: no hosts matched

PLAY RECAP *********************************************************************

=== EXIT 0: 2025-12-16T08:59:02Z ===
=== RUN START: 2025-12-16T09:00:01Z user=amhengly pwd=/home/amhengly ===
[WARNING]: Could not match supplied host pattern, ignoring: db_servers

PLAY [Backup database] *********************************************************
skipping: no hosts matched

PLAY RECAP *********************************************************************

=== EXIT 0: 2025-12-16T09:00:03Z ===
=== RUN START: 2025-12-16T09:01:01Z user=amhengly pwd=/home/amhengly ===
[WARNING]: Could not match supplied host pattern, ignoring: db_servers

PLAY [Backup database] *********************************************************
skipping: no hosts matched

PLAY RECAP *********************************************************************

=== EXIT 0: 2025-12-16T09:01:03Z ===
=== RUN START: 2025-12-16T09:02:01Z user=amhengly pwd=/home/amhengly ===
[WARNING]: Could not match supplied host pattern, ignoring: db_servers

PLAY [Backup database] *********************************************************
skipping: no hosts matched

PLAY RECAP *********************************************************************

=== EXIT 0: 2025-12-16T09:02:03Z ===
=== RUN START: 2025-12-16T09:03:01Z user=amhengly pwd=/home/amhengly ===
[WARNING]: Could not match supplied host pattern, ignoring: db_servers

PLAY [Backup database] *********************************************************
skipping: no hosts matched

PLAY RECAP *********************************************************************

=== EXIT 0: 2025-12-16T09:03:03Z ===
=== RUN START: 2025-12-16T09:04:01Z user=amhengly pwd=/home/amhengly ===
[WARNING]: Could not match supplied host pattern, ignoring: db_servers

PLAY [Backup database] *********************************************************
skipping: no hosts matched

PLAY RECAP *********************************************************************

=== EXIT 0: 2025-12-16T09:04:03Z ===
=== RUN START: 2025-12-16T09:05:01Z user=amhengly pwd=/home/amhengly ===
[WARNING]: Could not match supplied host pattern, ignoring: db_servers

PLAY [Backup database] *********************************************************
skipping: no hosts matched

PLAY RECAP *********************************************************************

=== EXIT 0: 2025-12-16T09:05:02Z ===
=== RUN START: 2025-12-16T09:06:01Z user=amhengly pwd=/home/amhengly ===
[WARNING]: Could not match supplied host pattern, ignoring: db_servers

PLAY [Backup database] *********************************************************
skipping: no hosts matched

PLAY RECAP *********************************************************************

=== EXIT 0: 2025-12-16T09:06:03Z ===
=== RUN START: 2025-12-16T09:07:01Z user=amhengly pwd=/home/amhengly ===
[WARNING]: Could not match supplied host pattern, ignoring: db_servers

PLAY [Backup database] *********************************************************
skipping: no hosts matched

PLAY RECAP *********************************************************************

=== EXIT 0: 2025-12-16T09:07:03Z ===
=== RUN START: 2025-12-16T09:08:01Z user=amhengly pwd=/home/amhengly ===
[WARNING]: Could not match supplied host pattern, ignoring: db_servers

PLAY [Backup database] *********************************************************
skipping: no hosts matched

PLAY RECAP *********************************************************************

=== EXIT 0: 2025-12-16T09:08:03Z ===
=== RUN START: 2025-12-16T09:09:01Z user=amhengly pwd=/home/amhengly ===
[WARNING]: Could not match supplied host pattern, ignoring: db_servers

PLAY [Backup database] *********************************************************
skipping: no hosts matched

PLAY RECAP *********************************************************************

=== EXIT 0: 2025-12-16T09:09:03Z ===
=== RUN START: 2025-12-16T09:10:01Z user=amhengly pwd=/home/amhengly ===
[WARNING]: Could not match supplied host pattern, ignoring: db_servers

PLAY [Backup database] *********************************************************
skipping: no hosts matched

PLAY RECAP *********************************************************************

=== EXIT 0: 2025-12-16T09:10:02Z ===
=== RUN START: 2025-12-16T09:11:02Z user=amhengly pwd=/home/amhengly ===
[WARNING]: Could not match supplied host pattern, ignoring: db_servers

PLAY [Backup database] *********************************************************
skipping: no hosts matched

PLAY RECAP *********************************************************************

=== EXIT 0: 2025-12-16T09:11:03Z ===
=== RUN START: 2025-12-16T09:12:01Z user=amhengly pwd=/home/amhengly ===
[WARNING]: Could not match supplied host pattern, ignoring: db_servers

PLAY [Backup database] *********************************************************
skipping: no hosts matched

PLAY RECAP *********************************************************************

=== EXIT 0: 2025-12-16T09:12:03Z ===
=== RUN START: 2025-12-16T09:13:01Z user=amhengly pwd=/home/amhengly ===
[WARNING]: Could not match supplied host pattern, ignoring: db_servers

PLAY [Backup database] *********************************************************
skipping: no hosts matched

PLAY RECAP *********************************************************************

=== EXIT 0: 2025-12-16T09:13:03Z ===
=== RUN START: 2025-12-16T09:14:01Z user=amhengly pwd=/home/amhengly ===
[WARNING]: Could not match supplied host pattern, ignoring: db_servers

PLAY [Backup database] *********************************************************
skipping: no hosts matched

PLAY RECAP *********************************************************************

=== EXIT 0: 2025-12-16T09:14:03Z ===
=== RUN START: 2025-12-16T09:15:01Z user=amhengly pwd=/home/amhengly ===
[WARNING]: Could not match supplied host pattern, ignoring: db_servers

PLAY [Backup database] *********************************************************
skipping: no hosts matched

PLAY RECAP *********************************************************************

=== EXIT 0: 2025-12-16T09:15:02Z ===
=== RUN START: 2025-12-16T09:16:02Z user=amhengly pwd=/home/amhengly ===
[WARNING]: Could not match supplied host pattern, ignoring: db_servers

PLAY [Backup database] *********************************************************
skipping: no hosts matched

PLAY RECAP *********************************************************************

=== EXIT 0: 2025-12-16T09:16:03Z ===
=== RUN START: 2025-12-16T09:17:01Z user=amhengly pwd=/home/amhengly ===
[WARNING]: Could not match supplied host pattern, ignoring: db_servers

PLAY [Backup database] *********************************************************
skipping: no hosts matched

PLAY RECAP *********************************************************************

=== EXIT 0: 2025-12-16T09:17:03Z ===
=== RUN START: 2025-12-16T09:18:01Z user=amhengly pwd=/home/amhengly ===
[WARNING]: Could not match supplied host pattern, ignoring: db_servers

PLAY [Backup database] *********************************************************
skipping: no hosts matched

PLAY RECAP *********************************************************************

=== EXIT 0: 2025-12-16T09:18:03Z ===
=== RUN START: 2025-12-16T09:19:01Z user=amhengly pwd=/home/amhengly ===
[WARNING]: Could not match supplied host pattern, ignoring: db_servers

PLAY [Backup database] *********************************************************
skipping: no hosts matched

PLAY RECAP *********************************************************************

=== EXIT 0: 2025-12-16T09:19:02Z ===
=== RUN START: 2025-12-16T09:20:01Z user=amhengly pwd=/home/amhengly ===
[WARNING]: Could not match supplied host pattern, ignoring: db_servers

PLAY [Backup database] *********************************************************
skipping: no hosts matched

PLAY RECAP *********************************************************************

=== EXIT 0: 2025-12-16T09:20:03Z ===
=== RUN START: 2025-12-16T09:21:01Z user=amhengly pwd=/home/amhengly ===
[WARNING]: Could not match supplied host pattern, ignoring: db_servers

PLAY [Backup database] *********************************************************
skipping: no hosts matched

PLAY RECAP *********************************************************************

=== EXIT 0: 2025-12-16T09:21:03Z ===
=== RUN START: 2025-12-16T09:22:01Z user=amhengly pwd=/home/amhengly ===
[WARNING]: Could not match supplied host pattern, ignoring: db_servers

PLAY [Backup database] *********************************************************
skipping: no hosts matched

PLAY RECAP *********************************************************************

=== EXIT 0: 2025-12-16T09:22:03Z ===
=== RUN START: 2025-12-16T09:23:01Z user=amhengly pwd=/home/amhengly ===
[WARNING]: Could not match supplied host pattern, ignoring: db_servers

PLAY [Backup database] *********************************************************
skipping: no hosts matched

PLAY RECAP *********************************************************************

=== EXIT 0: 2025-12-16T09:23:03Z ===
=== RUN START: 2025-12-16T09:24:01Z user=amhengly pwd=/home/amhengly ===
[WARNING]: Could not match supplied host pattern, ignoring: db_servers

PLAY [Backup database] *********************************************************
skipping: no hosts matched

PLAY RECAP *********************************************************************

=== EXIT 0: 2025-12-16T09:24:02Z ===
=== RUN START: 2025-12-16T09:25:01Z user=amhengly pwd=/home/amhengly ===
[WARNING]: Could not match supplied host pattern, ignoring: db_servers

PLAY [Backup database] *********************************************************
skipping: no hosts matched

PLAY RECAP *********************************************************************

=== EXIT 0: 2025-12-16T09:25:03Z ===
=== RUN START: 2025-12-16T09:26:01Z user=amhengly pwd=/home/amhengly ===
[WARNING]: Could not match supplied host pattern, ignoring: db_servers

PLAY [Backup database] *********************************************************
skipping: no hosts matched

PLAY RECAP *********************************************************************

=== EXIT 0: 2025-12-16T09:26:03Z ===
=== RUN START: 2025-12-16T09:27:01Z user=amhengly pwd=/home/amhengly ===
[WARNING]: Could not match supplied host pattern, ignoring: db_servers

PLAY [Backup database] *********************************************************
skipping: no hosts matched

PLAY RECAP *********************************************************************

=== EXIT 0: 2025-12-16T09:27:03Z ===
=== RUN START: 2025-12-16T09:28:01Z user=amhengly pwd=/home/amhengly ===
[WARNING]: Could not match supplied host pattern, ignoring: db_servers

PLAY [Backup database] *********************************************************
skipping: no hosts matched

PLAY RECAP *********************************************************************

=== EXIT 0: 2025-12-16T09:28:03Z ===
=== RUN START: 2025-12-16T09:29:01Z user=amhengly pwd=/home/amhengly ===
[WARNING]: Could not match supplied host pattern, ignoring: db_servers

PLAY [Backup database] *********************************************************
skipping: no hosts matched

PLAY RECAP *********************************************************************

=== EXIT 0: 2025-12-16T09:29:03Z ===
=== RUN START: 2025-12-16T09:30:01Z user=amhengly pwd=/home/amhengly ===
[WARNING]: Could not match supplied host pattern, ignoring: db_servers

PLAY [Backup database] *********************************************************
skipping: no hosts matched

PLAY RECAP *********************************************************************

=== EXIT 0: 2025-12-16T09:30:03Z ===
=== RUN START: 2025-12-16T09:31:01Z user=amhengly pwd=/home/amhengly ===
[WARNING]: Could not match supplied host pattern, ignoring: db_servers

PLAY [Backup database] *********************************************************
skipping: no hosts matched

PLAY RECAP *********************************************************************

=== EXIT 0: 2025-12-16T09:31:03Z ===
=== RUN START: 2025-12-16T09:32:01Z user=amhengly pwd=/home/amhengly ===
[WARNING]: Could not match supplied host pattern, ignoring: db_servers

PLAY [Backup database] *********************************************************
skipping: no hosts matched

PLAY RECAP *********************************************************************

=== EXIT 0: 2025-12-16T09:32:03Z ===
=== RUN START: 2025-12-16T09:33:01Z user=amhengly pwd=/home/amhengly ===
[WARNING]: Could not match supplied host pattern, ignoring: db_servers

PLAY [Backup database] *********************************************************
skipping: no hosts matched

PLAY RECAP *********************************************************************

=== EXIT 0: 2025-12-16T09:33:03Z ===
=== RUN START: 2025-12-16T09:34:01Z user=amhengly pwd=/home/amhengly ===
[WARNING]: Could not match supplied host pattern, ignoring: db_servers

PLAY [Backup database] *********************************************************
skipping: no hosts matched

PLAY RECAP *********************************************************************

=== EXIT 0: 2025-12-16T09:34:02Z ===
=== RUN START: 2025-12-16T09:35:01Z user=amhengly pwd=/home/amhengly ===
[WARNING]: Could not match supplied host pattern, ignoring: db_servers

PLAY [Backup database] *********************************************************
skipping: no hosts matched

PLAY RECAP *********************************************************************

=== EXIT 0: 2025-12-16T09:35:03Z ===
=== RUN START: 2025-12-16T09:36:01Z user=amhengly pwd=/home/amhengly ===
[WARNING]: Could not match supplied host pattern, ignoring: db_servers

PLAY [Backup database] *********************************************************
skipping: no hosts matched

PLAY RECAP *********************************************************************

=== EXIT 0: 2025-12-16T09:36:03Z ===
=== RUN START: 2025-12-16T09:37:01Z user=amhengly pwd=/home/amhengly ===
[WARNING]: Could not match supplied host pattern, ignoring: db_servers

PLAY [Backup database] *********************************************************
skipping: no hosts matched

PLAY RECAP *********************************************************************

=== EXIT 0: 2025-12-16T09:37:03Z ===
=== RUN START: 2025-12-16T09:38:01Z user=amhengly pwd=/home/amhengly ===
[WARNING]: Could not match supplied host pattern, ignoring: db_servers

PLAY [Backup database] *********************************************************
skipping: no hosts matched

PLAY RECAP *********************************************************************

=== EXIT 0: 2025-12-16T09:38:03Z ===
=== RUN START: 2025-12-16T09:39:01Z user=amhengly pwd=/home/amhengly ===
[WARNING]: Could not match supplied host pattern, ignoring: db_servers

PLAY [Backup database] *********************************************************
skipping: no hosts matched

PLAY RECAP *********************************************************************

=== EXIT 0: 2025-12-16T09:39:03Z ===
=== RUN START: 2025-12-16T09:40:01Z user=amhengly pwd=/home/amhengly ===
[WARNING]: Could not match supplied host pattern, ignoring: db_servers

PLAY [Backup database] *********************************************************
skipping: no hosts matched

PLAY RECAP *********************************************************************

=== EXIT 0: 2025-12-16T09:40:02Z ===
=== RUN START: 2025-12-16T09:41:01Z user=amhengly pwd=/home/amhengly ===
[WARNING]: Could not match supplied host pattern, ignoring: db_servers

PLAY [Backup database] *********************************************************
skipping: no hosts matched

PLAY RECAP *********************************************************************

=== EXIT 0: 2025-12-16T09:41:03Z ===
=== RUN START: 2025-12-16T09:42:01Z user=amhengly pwd=/home/amhengly ===
[WARNING]: Could not match supplied host pattern, ignoring: db_servers

PLAY [Backup database] *********************************************************
skipping: no hosts matched

PLAY RECAP *********************************************************************

=== EXIT 0: 2025-12-16T09:42:03Z ===
=== RUN START: 2025-12-16T09:43:01Z user=amhengly pwd=/home/amhengly ===
[WARNING]: Could not match supplied host pattern, ignoring: db_servers

PLAY [Backup database] *********************************************************
skipping: no hosts matched

PLAY RECAP *********************************************************************

=== EXIT 0: 2025-12-16T09:43:02Z ===
=== RUN START: 2025-12-16T09:44:01Z user=amhengly pwd=/home/amhengly ===
[WARNING]: Could not match supplied host pattern, ignoring: db_servers

PLAY [Backup database] *********************************************************
skipping: no hosts matched

PLAY RECAP *********************************************************************

=== EXIT 0: 2025-12-16T09:44:03Z ===
=== RUN START: 2025-12-16T09:45:01Z user=amhengly pwd=/home/amhengly ===
[WARNING]: Could not match supplied host pattern, ignoring: db_servers

PLAY [Backup database] *********************************************************
skipping: no hosts matched

PLAY RECAP *********************************************************************

=== EXIT 0: 2025-12-16T09:45:03Z ===
=== RUN START: 2025-12-16T09:46:01Z user=amhengly pwd=/home/amhengly ===
[WARNING]: Could not match supplied host pattern, ignoring: db_servers

PLAY [Backup database] *********************************************************
skipping: no hosts matched

PLAY RECAP *********************************************************************

=== EXIT 0: 2025-12-16T09:46:02Z ===
=== RUN START: 2025-12-16T09:47:01Z user=amhengly pwd=/home/amhengly ===
[WARNING]: Could not match supplied host pattern, ignoring: db_servers

PLAY [Backup database] *********************************************************
skipping: no hosts matched

PLAY RECAP *********************************************************************

=== EXIT 0: 2025-12-16T09:47:04Z ===
=== RUN START: 2025-12-16T09:48:01Z user=amhengly pwd=/home/amhengly ===
[WARNING]: Could not match supplied host pattern, ignoring: db_servers

PLAY [Backup database] *********************************************************
skipping: no hosts matched

PLAY RECAP *********************************************************************

=== EXIT 0: 2025-12-16T09:48:02Z ===
=== RUN START: 2025-12-16T09:49:01Z user=amhengly pwd=/home/amhengly ===
[WARNING]: Could not match supplied host pattern, ignoring: db_servers

PLAY [Backup database] *********************************************************
skipping: no hosts matched

PLAY RECAP *********************************************************************

=== EXIT 0: 2025-12-16T09:49:03Z ===
=== RUN START: 2025-12-16T09:50:01Z user=amhengly pwd=/home/amhengly ===
[WARNING]: Could not match supplied host pattern, ignoring: db_servers

PLAY [Backup database] *********************************************************
skipping: no hosts matched

PLAY RECAP *********************************************************************

=== EXIT 0: 2025-12-16T09:50:03Z ===
=== RUN START: 2025-12-16T09:51:01Z user=amhengly pwd=/home/amhengly ===
[WARNING]: Could not match supplied host pattern, ignoring: db_servers

PLAY [Backup database] *********************************************************
skipping: no hosts matched

PLAY RECAP *********************************************************************

=== EXIT 0: 2025-12-16T09:51:03Z ===
=== RUN START: 2025-12-16T09:52:01Z user=amhengly pwd=/home/amhengly ===
[WARNING]: Could not match supplied host pattern, ignoring: db_servers

PLAY [Backup database] *********************************************************
skipping: no hosts matched

PLAY RECAP *********************************************************************

=== EXIT 0: 2025-12-16T09:52:02Z ===
=== RUN START: 2025-12-16T09:53:02Z user=amhengly pwd=/home/amhengly ===
[WARNING]: Could not match supplied host pattern, ignoring: db_servers

PLAY [Backup database] *********************************************************
skipping: no hosts matched

PLAY RECAP *********************************************************************

=== EXIT 0: 2025-12-16T09:53:03Z ===
=== RUN START: 2025-12-16T09:54:01Z user=amhengly pwd=/home/amhengly ===
[WARNING]: Could not match supplied host pattern, ignoring: db_servers

PLAY [Backup database] *********************************************************
skipping: no hosts matched

PLAY RECAP *********************************************************************

=== EXIT 0: 2025-12-16T09:54:03Z ===
=== RUN START: 2025-12-16T09:55:01Z user=amhengly pwd=/home/amhengly ===
[WARNING]: Could not match supplied host pattern, ignoring: db_servers

PLAY [Backup database] *********************************************************
skipping: no hosts matched

PLAY RECAP *********************************************************************

=== EXIT 0: 2025-12-16T09:55:03Z ===
=== RUN START: 2025-12-16T09:56:01Z user=amhengly pwd=/home/amhengly ===
[WARNING]: Could not match supplied host pattern, ignoring: db_servers

PLAY [Backup database] *********************************************************
skipping: no hosts matched

PLAY RECAP *********************************************************************

=== EXIT 0: 2025-12-16T09:56:03Z ===
=== RUN START: 2025-12-16T09:57:01Z user=amhengly pwd=/home/amhengly ===
[WARNING]: Could not match supplied host pattern, ignoring: db_servers

PLAY [Backup database] *********************************************************
skipping: no hosts matched

PLAY RECAP *********************************************************************

=== EXIT 0: 2025-12-16T09:57:03Z ===
=== RUN START: 2025-12-16T09:58:01Z user=amhengly pwd=/home/amhengly ===
[WARNING]: Could not match supplied host pattern, ignoring: db_servers

PLAY [Backup database] *********************************************************
skipping: no hosts matched

PLAY RECAP *********************************************************************

=== EXIT 0: 2025-12-16T09:58:02Z ===
=== RUN START: 2025-12-16T09:59:01Z user=amhengly pwd=/home/amhengly ===
[WARNING]: Could not match supplied host pattern, ignoring: db_servers

PLAY [Backup database] *********************************************************
skipping: no hosts matched

PLAY RECAP *********************************************************************

=== EXIT 0: 2025-12-16T09:59:03Z ===
=== RUN START: 2025-12-16T10:00:01Z user=amhengly pwd=/home/amhengly ===
[WARNING]: Could not match supplied host pattern, ignoring: db_servers

PLAY [Backup database] *********************************************************
skipping: no hosts matched

PLAY RECAP *********************************************************************

=== EXIT 0: 2025-12-16T10:00:03Z ===
=== RUN START: 2025-12-16T10:01:01Z user=amhengly pwd=/home/amhengly ===
[WARNING]: Could not match supplied host pattern, ignoring: db_servers

PLAY [Backup database] *********************************************************
skipping: no hosts matched

PLAY RECAP *********************************************************************

=== EXIT 0: 2025-12-16T10:01:03Z ===
=== RUN START: 2025-12-16T10:02:01Z user=amhengly pwd=/home/amhengly ===
[WARNING]: Could not match supplied host pattern, ignoring: db_servers

PLAY [Backup database] *********************************************************
skipping: no hosts matched

PLAY RECAP *********************************************************************

=== EXIT 0: 2025-12-16T10:02:03Z ===
=== RUN START: 2025-12-16T10:03:01Z user=amhengly pwd=/home/amhengly ===
[WARNING]: Could not match supplied host pattern, ignoring: db_servers

PLAY [Backup database] *********************************************************
skipping: no hosts matched

PLAY RECAP *********************************************************************

=== EXIT 0: 2025-12-16T10:03:02Z ===
=== RUN START: 2025-12-16T10:04:01Z user=amhengly pwd=/home/amhengly ===
[WARNING]: Could not match supplied host pattern, ignoring: db_servers

PLAY [Backup database] *********************************************************
skipping: no hosts matched

PLAY RECAP *********************************************************************

=== EXIT 0: 2025-12-16T10:04:03Z ===
=== RUN START: 2025-12-16T10:05:01Z user=amhengly pwd=/home/amhengly ===
[WARNING]: Could not match supplied host pattern, ignoring: db_servers

PLAY [Backup database] *********************************************************
skipping: no hosts matched

PLAY RECAP *********************************************************************

=== EXIT 0: 2025-12-16T10:05:03Z ===
=== RUN START: 2025-12-16T10:06:01Z user=amhengly pwd=/home/amhengly ===
[WARNING]: Could not match supplied host pattern, ignoring: db_servers

PLAY [Backup database] *********************************************************
skipping: no hosts matched

PLAY RECAP *********************************************************************

=== EXIT 0: 2025-12-16T10:06:03Z ===
=== RUN START: 2025-12-16T10:07:01Z user=amhengly pwd=/home/amhengly ===
[WARNING]: Could not match supplied host pattern, ignoring: db_servers

PLAY [Backup database] *********************************************************
skipping: no hosts matched

PLAY RECAP *********************************************************************

=== EXIT 0: 2025-12-16T10:07:03Z ===
=== RUN START: 2025-12-16T10:08:01Z user=amhengly pwd=/home/amhengly ===
[WARNING]: Could not match supplied host pattern, ignoring: db_servers

PLAY [Backup database] *********************************************************
skipping: no hosts matched

PLAY RECAP *********************************************************************

=== EXIT 0: 2025-12-16T10:08:02Z ===
=== RUN START: 2025-12-16T10:09:01Z user=amhengly pwd=/home/amhengly ===
[WARNING]: Could not match supplied host pattern, ignoring: db_servers

PLAY [Backup database] *********************************************************
skipping: no hosts matched

PLAY RECAP *********************************************************************

=== EXIT 0: 2025-12-16T10:09:03Z ===
=== RUN START: 2025-12-16T10:10:01Z user=amhengly pwd=/home/amhengly ===
[WARNING]: Could not match supplied host pattern, ignoring: db_servers

PLAY [Backup database] *********************************************************
skipping: no hosts matched

PLAY RECAP *********************************************************************

=== EXIT 0: 2025-12-16T10:10:03Z ===
=== RUN START: 2025-12-16T10:11:01Z user=amhengly pwd=/home/amhengly ===
[WARNING]: Could not match supplied host pattern, ignoring: db_servers

PLAY [Backup database] *********************************************************
skipping: no hosts matched

PLAY RECAP *********************************************************************

=== EXIT 0: 2025-12-16T10:11:02Z ===
=== RUN START: 2025-12-16T10:12:01Z user=amhengly pwd=/home/amhengly ===
[WARNING]: Could not match supplied host pattern, ignoring: db_servers

PLAY [Backup database] *********************************************************
skipping: no hosts matched

PLAY RECAP *********************************************************************

=== EXIT 0: 2025-12-16T10:12:03Z ===
=== RUN START: 2025-12-16T10:13:01Z user=amhengly pwd=/home/amhengly ===
[WARNING]: Could not match supplied host pattern, ignoring: db_servers

PLAY [Backup database] *********************************************************
skipping: no hosts matched

PLAY RECAP *********************************************************************

=== EXIT 0: 2025-12-16T10:13:03Z ===
=== RUN START: 2025-12-16T10:14:01Z user=amhengly pwd=/home/amhengly ===
[WARNING]: Could not match supplied host pattern, ignoring: db_servers

PLAY [Backup database] *********************************************************
skipping: no hosts matched

PLAY RECAP *********************************************************************

=== EXIT 0: 2025-12-16T10:14:03Z ===
=== RUN START: 2025-12-16T10:15:01Z user=amhengly pwd=/home/amhengly ===
[WARNING]: Could not match supplied host pattern, ignoring: db_servers

PLAY [Backup database] *********************************************************
skipping: no hosts matched

PLAY RECAP *********************************************************************

=== EXIT 0: 2025-12-16T10:15:02Z ===
=== RUN START: 2025-12-16T10:16:02Z user=amhengly pwd=/home/amhengly ===
[WARNING]: Could not match supplied host pattern, ignoring: db_servers

PLAY [Backup database] *********************************************************
skipping: no hosts matched

PLAY RECAP *********************************************************************

=== EXIT 0: 2025-12-16T10:16:03Z ===
=== RUN START: 2025-12-16T10:17:01Z user=amhengly pwd=/home/amhengly ===
[WARNING]: Could not match supplied host pattern, ignoring: db_servers

PLAY [Backup database] *********************************************************
skipping: no hosts matched

PLAY RECAP *********************************************************************

=== EXIT 0: 2025-12-16T10:17:03Z ===
=== RUN START: 2025-12-16T10:18:01Z user=amhengly pwd=/home/amhengly ===
[WARNING]: Could not match supplied host pattern, ignoring: db_servers

PLAY [Backup database] *********************************************************
skipping: no hosts matched

PLAY RECAP *********************************************************************

=== EXIT 0: 2025-12-16T10:18:03Z ===
=== RUN START: 2025-12-16T10:19:01Z user=amhengly pwd=/home/amhengly ===
[WARNING]: Could not match supplied host pattern, ignoring: application_servers

PLAY [Backup database] *********************************************************
skipping: no hosts matched

PLAY RECAP *********************************************************************

=== EXIT 0: 2025-12-16T10:19:03Z ===
=== RUN START: 2025-12-16T10:20:01Z user=amhengly pwd=/home/amhengly ===
[WARNING]: Could not match supplied host pattern, ignoring: application_servers

PLAY [Backup database] *********************************************************
skipping: no hosts matched

PLAY RECAP *********************************************************************

=== EXIT 0: 2025-12-16T10:20:03Z ===
=== RUN START: 2025-12-16T10:21:01Z user=amhengly pwd=/home/amhengly ===
[WARNING]: Could not match supplied host pattern, ignoring: application

PLAY [Backup database] *********************************************************
skipping: no hosts matched

PLAY RECAP *********************************************************************

=== EXIT 0: 2025-12-16T10:21:02Z ===
=== RUN START: 2025-12-16T10:22:01Z user=amhengly pwd=/home/amhengly ===
[WARNING]: Could not match supplied host pattern, ignoring: application

PLAY [Backup database] *********************************************************
skipping: no hosts matched

PLAY RECAP *********************************************************************

=== EXIT 0: 2025-12-16T10:22:03Z ===
=== RUN START: 2025-12-16T10:23:01Z user=amhengly pwd=/home/amhengly ===
[WARNING]: Could not match supplied host pattern, ignoring: application

PLAY [Backup database] *********************************************************
skipping: no hosts matched

PLAY RECAP *********************************************************************

=== EXIT 0: 2025-12-16T10:23:03Z ===
=== RUN START: 2025-12-16T10:24:01Z user=amhengly pwd=/home/amhengly ===
[WARNING]: Could not match supplied host pattern, ignoring: application

PLAY [Backup database] *********************************************************
skipping: no hosts matched

PLAY RECAP *********************************************************************

=== EXIT 0: 2025-12-16T10:24:03Z ===
=== RUN START: 2025-12-16T10:25:01Z user=amhengly pwd=/home/amhengly ===
[WARNING]: Could not match supplied host pattern, ignoring: application

PLAY [Backup database] *********************************************************
skipping: no hosts matched

PLAY RECAP *********************************************************************

=== EXIT 0: 2025-12-16T10:25:02Z ===
=== RUN START: 2025-12-16T10:26:01Z user=amhengly pwd=/home/amhengly ===
[WARNING]: Could not match supplied host pattern, ignoring: application

PLAY [Backup database] *********************************************************
skipping: no hosts matched

PLAY RECAP *********************************************************************

=== EXIT 0: 2025-12-16T10:26:03Z ===
=== RUN START: 2025-12-16T10:27:01Z user=amhengly pwd=/home/amhengly ===
[WARNING]: Could not match supplied host pattern, ignoring: application

PLAY [Backup database] *********************************************************
skipping: no hosts matched

PLAY RECAP *********************************************************************

=== EXIT 0: 2025-12-16T10:27:03Z ===
=== RUN START: 2025-12-16T10:28:01Z user=amhengly pwd=/home/amhengly ===
[WARNING]: Could not match supplied host pattern, ignoring: application

PLAY [Backup database] *********************************************************
skipping: no hosts matched

PLAY RECAP *********************************************************************

=== EXIT 0: 2025-12-16T10:28:03Z ===
=== RUN START: 2025-12-16T10:29:01Z user=amhengly pwd=/home/amhengly ===
[WARNING]: Could not match supplied host pattern, ignoring: application

PLAY [Backup database] *********************************************************
skipping: no hosts matched

PLAY RECAP *********************************************************************

=== EXIT 0: 2025-12-16T10:29:03Z ===
=== RUN START: 2025-12-16T10:30:01Z user=amhengly pwd=/home/amhengly ===
[WARNING]: Could not match supplied host pattern, ignoring: application

PLAY [Backup database] *********************************************************
skipping: no hosts matched

PLAY RECAP *********************************************************************

=== EXIT 0: 2025-12-16T10:30:03Z ===
=== RUN START: 2025-12-16T10:31:01Z user=amhengly pwd=/home/amhengly ===
[WARNING]: Could not match supplied host pattern, ignoring: application

PLAY [Backup database] *********************************************************
skipping: no hosts matched

PLAY RECAP *********************************************************************

=== EXIT 0: 2025-12-16T10:31:03Z ===
=== RUN START: 2025-12-16T10:32:01Z user=amhengly pwd=/home/amhengly ===
[WARNING]: Could not match supplied host pattern, ignoring: application

PLAY [Backup database] *********************************************************
skipping: no hosts matched

PLAY RECAP *********************************************************************

=== EXIT 0: 2025-12-16T10:32:02Z ===
=== RUN START: 2025-12-16T10:33:01Z user=amhengly pwd=/home/amhengly ===
[WARNING]: Could not match supplied host pattern, ignoring: application

PLAY [Backup database] *********************************************************
skipping: no hosts matched

PLAY RECAP *********************************************************************

=== EXIT 0: 2025-12-16T10:33:03Z ===
=== RUN START: 2025-12-16T10:34:01Z user=amhengly pwd=/home/amhengly ===
[WARNING]: Could not match supplied host pattern, ignoring: application

PLAY [Backup database] *********************************************************
skipping: no hosts matched

PLAY RECAP *********************************************************************

=== EXIT 0: 2025-12-16T10:34:03Z ===
=== RUN START: 2025-12-16T10:35:01Z user=amhengly pwd=/home/amhengly ===
[WARNING]: Could not match supplied host pattern, ignoring: application

PLAY [Backup database] *********************************************************
skipping: no hosts matched

PLAY RECAP *********************************************************************

=== EXIT 0: 2025-12-16T10:35:03Z ===
=== RUN START: 2025-12-16T10:36:01Z user=amhengly pwd=/home/amhengly ===
[WARNING]: Could not match supplied host pattern, ignoring: application

PLAY [Backup database] *********************************************************
skipping: no hosts matched

PLAY RECAP *********************************************************************

=== EXIT 0: 2025-12-16T10:36:02Z ===
=== RUN START: 2025-12-16T10:37:01Z user=amhengly pwd=/home/amhengly ===
[WARNING]: Could not match supplied host pattern, ignoring: application

PLAY [Backup database] *********************************************************
skipping: no hosts matched

PLAY RECAP *********************************************************************

=== EXIT 0: 2025-12-16T10:37:03Z ===
=== RUN START: 2025-12-16T10:38:01Z user=amhengly pwd=/home/amhengly ===
[WARNING]: Could not match supplied host pattern, ignoring: application

PLAY [Backup database] *********************************************************
skipping: no hosts matched

PLAY RECAP *********************************************************************

=== EXIT 0: 2025-12-16T10:38:03Z ===
=== RUN START: 2025-12-16T10:39:01Z user=amhengly pwd=/home/amhengly ===
[WARNING]: Could not match supplied host pattern, ignoring: application

PLAY [Backup database] *********************************************************
skipping: no hosts matched

PLAY RECAP *********************************************************************

=== EXIT 0: 2025-12-16T10:39:02Z ===
=== RUN START: 2025-12-16T10:40:01Z user=amhengly pwd=/home/amhengly ===
[WARNING]: Could not match supplied host pattern, ignoring: application

PLAY [Backup database] *********************************************************
skipping: no hosts matched

PLAY RECAP *********************************************************************

=== EXIT 0: 2025-12-16T10:40:03Z ===
=== RUN START: 2025-12-16T10:41:01Z user=amhengly pwd=/home/amhengly ===
[WARNING]: Could not match supplied host pattern, ignoring: application

PLAY [Backup database] *********************************************************
skipping: no hosts matched

PLAY RECAP *********************************************************************

=== EXIT 0: 2025-12-16T10:41:03Z ===
=== RUN START: 2025-12-16T10:42:01Z user=amhengly pwd=/home/amhengly ===
[WARNING]: Could not match supplied host pattern, ignoring: application

PLAY [Backup database] *********************************************************
skipping: no hosts matched

PLAY RECAP *********************************************************************

=== EXIT 0: 2025-12-16T10:42:03Z ===
=== RUN START: 2025-12-16T10:43:01Z user=amhengly pwd=/home/amhengly ===
[WARNING]: Could not match supplied host pattern, ignoring: application

PLAY [Backup database] *********************************************************
skipping: no hosts matched

PLAY RECAP *********************************************************************

=== EXIT 0: 2025-12-16T10:43:02Z ===
=== RUN START: 2025-12-16T10:44:01Z user=amhengly pwd=/home/amhengly ===
[WARNING]: Could not match supplied host pattern, ignoring: application

PLAY [Backup database] *********************************************************
skipping: no hosts matched

PLAY RECAP *********************************************************************

=== EXIT 0: 2025-12-16T10:44:03Z ===
=== RUN START: 2025-12-16T10:45:01Z user=amhengly pwd=/home/amhengly ===
[WARNING]: Could not match supplied host pattern, ignoring: application

PLAY [Backup database] *********************************************************
skipping: no hosts matched

PLAY RECAP *********************************************************************

=== EXIT 0: 2025-12-16T10:45:03Z ===
=== RUN START: 2025-12-16T10:46:01Z user=amhengly pwd=/home/amhengly ===
[WARNING]: Could not match supplied host pattern, ignoring: application

PLAY [Backup database] *********************************************************
skipping: no hosts matched

PLAY RECAP *********************************************************************

=== EXIT 0: 2025-12-16T10:46:03Z ===
=== RUN START: 2025-12-16T10:47:01Z user=amhengly pwd=/home/amhengly ===
[WARNING]: Could not match supplied host pattern, ignoring: application

PLAY [Backup database] *********************************************************
skipping: no hosts matched

PLAY RECAP *********************************************************************

=== EXIT 0: 2025-12-16T10:47:03Z ===
=== RUN START: 2025-12-16T10:48:01Z user=amhengly pwd=/home/amhengly ===
[WARNING]: Could not match supplied host pattern, ignoring: application

PLAY [Backup database] *********************************************************
skipping: no hosts matched

PLAY RECAP *********************************************************************

=== EXIT 0: 2025-12-16T10:48:02Z ===
=== RUN START: 2025-12-16T10:49:01Z user=amhengly pwd=/home/amhengly ===
[WARNING]: Could not match supplied host pattern, ignoring: application

PLAY [Backup database] *********************************************************
skipping: no hosts matched

PLAY RECAP *********************************************************************

=== EXIT 0: 2025-12-16T10:49:03Z ===
=== RUN START: 2025-12-16T10:50:01Z user=amhengly pwd=/home/amhengly ===
[WARNING]: Could not match supplied host pattern, ignoring: application

PLAY [Backup database] *********************************************************
skipping: no hosts matched

PLAY RECAP *********************************************************************

=== EXIT 0: 2025-12-16T10:50:03Z ===
=== RUN START: 2025-12-16T10:51:01Z user=amhengly pwd=/home/amhengly ===
[WARNING]: Could not match supplied host pattern, ignoring: application

PLAY [Backup database] *********************************************************
skipping: no hosts matched

PLAY RECAP *********************************************************************

=== EXIT 0: 2025-12-16T10:51:03Z ===
=== RUN START: 2025-12-16T10:52:01Z user=amhengly pwd=/home/amhengly ===
[WARNING]: Could not match supplied host pattern, ignoring: application

PLAY [Backup database] *********************************************************
skipping: no hosts matched

PLAY RECAP *********************************************************************

=== EXIT 0: 2025-12-16T10:52:03Z ===
=== RUN START: 2025-12-16T10:53:01Z user=amhengly pwd=/home/amhengly ===
[WARNING]: Could not match supplied host pattern, ignoring: application

PLAY [Backup database] *********************************************************
skipping: no hosts matched

PLAY RECAP *********************************************************************

=== EXIT 0: 2025-12-16T10:53:02Z ===
=== RUN START: 2025-12-16T10:54:01Z user=amhengly pwd=/home/amhengly ===
[WARNING]: Could not match supplied host pattern, ignoring: application

PLAY [Backup database] *********************************************************
skipping: no hosts matched

PLAY RECAP *********************************************************************

=== EXIT 0: 2025-12-16T10:54:03Z ===
=== RUN START: 2025-12-16T10:55:01Z user=amhengly pwd=/home/amhengly ===
[WARNING]: Could not match supplied host pattern, ignoring: application

PLAY [Backup database] *********************************************************
skipping: no hosts matched

PLAY RECAP *********************************************************************

=== EXIT 0: 2025-12-16T10:55:03Z ===
=== RUN START: 2025-12-16T10:56:01Z user=amhengly pwd=/home/amhengly ===
[WARNING]: Could not match supplied host pattern, ignoring: application

PLAY [Backup database] *********************************************************
skipping: no hosts matched

PLAY RECAP *********************************************************************

=== EXIT 0: 2025-12-16T10:56:02Z ===
=== RUN START: 2025-12-16T10:57:01Z user=amhengly pwd=/home/amhengly ===
[WARNING]: Could not match supplied host pattern, ignoring: application

PLAY [Backup database] *********************************************************
skipping: no hosts matched

PLAY RECAP *********************************************************************

=== EXIT 0: 2025-12-16T10:57:02Z ===
=== RUN START: 2025-12-16T10:58:01Z user=amhengly pwd=/home/amhengly ===
[WARNING]: Could not match supplied host pattern, ignoring: application

PLAY [Backup database] *********************************************************
skipping: no hosts matched

PLAY RECAP *********************************************************************

=== EXIT 0: 2025-12-16T10:58:03Z ===
=== RUN START: 2025-12-16T10:59:01Z user=amhengly pwd=/home/amhengly ===
[WARNING]: Could not match supplied host pattern, ignoring: application

PLAY [Backup database] *********************************************************
skipping: no hosts matched

PLAY RECAP *********************************************************************

=== EXIT 0: 2025-12-16T10:59:03Z ===
=== RUN START: 2025-12-16T11:00:01Z user=amhengly pwd=/home/amhengly ===
[WARNING]: Could not match supplied host pattern, ignoring: application

PLAY [Backup database] *********************************************************
skipping: no hosts matched

PLAY RECAP *********************************************************************

=== EXIT 0: 2025-12-16T11:00:03Z ===
=== RUN START: 2025-12-16T11:01:01Z user=amhengly pwd=/home/amhengly ===
[WARNING]: Could not match supplied host pattern, ignoring: application

PLAY [Backup database] *********************************************************
skipping: no hosts matched

PLAY RECAP *********************************************************************

=== EXIT 0: 2025-12-16T11:01:02Z ===
=== RUN START: 2025-12-16T11:02:01Z user=amhengly pwd=/home/amhengly ===
[WARNING]: Could not match supplied host pattern, ignoring: application

PLAY [Backup database] *********************************************************
skipping: no hosts matched

PLAY RECAP *********************************************************************

=== EXIT 0: 2025-12-16T11:02:03Z ===
=== RUN START: 2025-12-16T11:03:01Z user=amhengly pwd=/home/amhengly ===
[WARNING]: Could not match supplied host pattern, ignoring: application

PLAY [Backup database] *********************************************************
skipping: no hosts matched

PLAY RECAP *********************************************************************

=== EXIT 0: 2025-12-16T11:03:03Z ===
=== RUN START: 2025-12-16T11:04:01Z user=amhengly pwd=/home/amhengly ===
[WARNING]: Could not match supplied host pattern, ignoring: application

PLAY [Backup database] *********************************************************
skipping: no hosts matched

PLAY RECAP *********************************************************************

=== EXIT 0: 2025-12-16T11:04:03Z ===
=== RUN START: 2025-12-16T11:05:01Z user=amhengly pwd=/home/amhengly ===
[WARNING]: Could not match supplied host pattern, ignoring: application

PLAY [Backup database] *********************************************************
skipping: no hosts matched

PLAY RECAP *********************************************************************

=== EXIT 0: 2025-12-16T11:05:03Z ===
=== RUN START: 2025-12-16T11:06:01Z user=amhengly pwd=/home/amhengly ===
[WARNING]: Could not match supplied host pattern, ignoring: application

PLAY [Backup database] *********************************************************
skipping: no hosts matched

PLAY RECAP *********************************************************************

=== EXIT 0: 2025-12-16T11:06:02Z ===
=== RUN START: 2025-12-16T11:07:01Z user=amhengly pwd=/home/amhengly ===
[WARNING]: Could not match supplied host pattern, ignoring: application

PLAY [Backup database] *********************************************************
skipping: no hosts matched

PLAY RECAP *********************************************************************

=== EXIT 0: 2025-12-16T11:07:03Z ===
=== RUN START: 2025-12-16T11:08:01Z user=amhengly pwd=/home/amhengly ===
[WARNING]: Could not match supplied host pattern, ignoring: application

PLAY [Backup database] *********************************************************
skipping: no hosts matched

PLAY RECAP *********************************************************************

=== EXIT 0: 2025-12-16T11:08:03Z ===
=== RUN START: 2025-12-16T11:09:01Z user=amhengly pwd=/home/amhengly ===
[WARNING]: Could not match supplied host pattern, ignoring: application

PLAY [Backup database] *********************************************************
skipping: no hosts matched

PLAY RECAP *********************************************************************

=== EXIT 0: 2025-12-16T11:09:03Z ===
=== RUN START: 2025-12-16T11:10:01Z user=amhengly pwd=/home/amhengly ===
[WARNING]: Could not match supplied host pattern, ignoring: application

PLAY [Backup database] *********************************************************
skipping: no hosts matched

PLAY RECAP *********************************************************************

=== EXIT 0: 2025-12-16T11:10:03Z ===
=== RUN START: 2025-12-16T11:11:01Z user=amhengly pwd=/home/amhengly ===
[WARNING]: Could not match supplied host pattern, ignoring: application

PLAY [Backup database] *********************************************************
skipping: no hosts matched

PLAY RECAP *********************************************************************

=== EXIT 0: 2025-12-16T11:11:03Z ===
=== RUN START: 2025-12-16T11:12:01Z user=amhengly pwd=/home/amhengly ===
[WARNING]: Could not match supplied host pattern, ignoring: application

PLAY [Backup database] *********************************************************
skipping: no hosts matched

PLAY RECAP *********************************************************************

=== EXIT 0: 2025-12-16T11:12:02Z ===
=== RUN START: 2025-12-16T11:13:01Z user=amhengly pwd=/home/amhengly ===
[WARNING]: Could not match supplied host pattern, ignoring: application

PLAY [Backup database] *********************************************************
skipping: no hosts matched

PLAY RECAP *********************************************************************

=== EXIT 0: 2025-12-16T11:13:03Z ===
=== RUN START: 2025-12-16T11:14:01Z user=amhengly pwd=/home/amhengly ===
[WARNING]: Could not match supplied host pattern, ignoring: application

PLAY [Backup database] *********************************************************
skipping: no hosts matched

PLAY RECAP *********************************************************************

=== EXIT 0: 2025-12-16T11:14:03Z ===
=== RUN START: 2025-12-16T11:15:01Z user=amhengly pwd=/home/amhengly ===
[WARNING]: Could not match supplied host pattern, ignoring: application

PLAY [Backup database] *********************************************************
skipping: no hosts matched

PLAY RECAP *********************************************************************

=== EXIT 0: 2025-12-16T11:15:03Z ===
=== RUN START: 2025-12-16T11:16:01Z user=amhengly pwd=/home/amhengly ===
[WARNING]: Could not match supplied host pattern, ignoring: application

PLAY [Backup database] *********************************************************
skipping: no hosts matched

PLAY RECAP *********************************************************************

=== EXIT 0: 2025-12-16T11:16:02Z ===
=== RUN START: 2025-12-16T11:17:01Z user=amhengly pwd=/home/amhengly ===
[WARNING]: Could not match supplied host pattern, ignoring: application

PLAY [Backup database] *********************************************************
skipping: no hosts matched

PLAY RECAP *********************************************************************

=== EXIT 0: 2025-12-16T11:17:03Z ===
=== RUN START: 2025-12-16T11:18:01Z user=amhengly pwd=/home/amhengly ===
[WARNING]: Could not match supplied host pattern, ignoring: application

PLAY [Backup database] *********************************************************
skipping: no hosts matched

PLAY RECAP *********************************************************************

=== EXIT 0: 2025-12-16T11:18:03Z ===
=== RUN START: 2025-12-16T11:19:01Z user=amhengly pwd=/home/amhengly ===
[WARNING]: Could not match supplied host pattern, ignoring: application

PLAY [Backup database] *********************************************************
skipping: no hosts matched

PLAY RECAP *********************************************************************

=== EXIT 0: 2025-12-16T11:19:03Z ===
=== RUN START: 2025-12-16T11:20:01Z user=amhengly pwd=/home/amhengly ===
[WARNING]: Could not match supplied host pattern, ignoring: application

PLAY [Backup database] *********************************************************
skipping: no hosts matched

PLAY RECAP *********************************************************************

=== EXIT 0: 2025-12-16T11:20:02Z ===
=== RUN START: 2025-12-16T11:21:01Z user=amhengly pwd=/home/amhengly ===
[WARNING]: Could not match supplied host pattern, ignoring: application

PLAY [Backup database] *********************************************************
skipping: no hosts matched

PLAY RECAP *********************************************************************

=== EXIT 0: 2025-12-16T11:21:03Z ===
=== RUN START: 2025-12-16T11:22:01Z user=amhengly pwd=/home/amhengly ===
[WARNING]: Could not match supplied host pattern, ignoring: application

PLAY [Backup database] *********************************************************
skipping: no hosts matched

PLAY RECAP *********************************************************************

=== EXIT 0: 2025-12-16T11:22:03Z ===
=== RUN START: 2025-12-16T11:23:01Z user=amhengly pwd=/home/amhengly ===
[WARNING]: Could not match supplied host pattern, ignoring: application

PLAY [Backup database] *********************************************************
skipping: no hosts matched

PLAY RECAP *********************************************************************

=== EXIT 0: 2025-12-16T11:23:02Z ===
=== RUN START: 2025-12-16T11:24:01Z user=amhengly pwd=/home/amhengly ===
[WARNING]: Could not match supplied host pattern, ignoring: application

PLAY [Backup database] *********************************************************
skipping: no hosts matched

PLAY RECAP *********************************************************************

=== EXIT 0: 2025-12-16T11:24:03Z ===
=== RUN START: 2025-12-16T11:25:01Z user=amhengly pwd=/home/amhengly ===
[WARNING]: Could not match supplied host pattern, ignoring: application

PLAY [Backup database] *********************************************************
skipping: no hosts matched

PLAY RECAP *********************************************************************

=== EXIT 0: 2025-12-16T11:25:03Z ===
=== RUN START: 2025-12-16T11:26:01Z user=amhengly pwd=/home/amhengly ===
[WARNING]: Could not match supplied host pattern, ignoring: application

PLAY [Backup database] *********************************************************
skipping: no hosts matched

PLAY RECAP *********************************************************************

=== EXIT 0: 2025-12-16T11:26:02Z ===
=== RUN START: 2025-12-16T11:27:01Z user=amhengly pwd=/home/amhengly ===
[WARNING]: Could not match supplied host pattern, ignoring: application

PLAY [Backup database] *********************************************************
skipping: no hosts matched

PLAY RECAP *********************************************************************

=== EXIT 0: 2025-12-16T11:27:03Z ===
=== RUN START: 2025-12-16T11:28:02Z user=amhengly pwd=/home/amhengly ===
[WARNING]: Could not match supplied host pattern, ignoring: application

PLAY [Backup database] *********************************************************
skipping: no hosts matched

PLAY RECAP *********************************************************************

=== EXIT 0: 2025-12-16T11:28:04Z ===
=== RUN START: 2025-12-16T11:29:01Z user=amhengly pwd=/home/amhengly ===
[WARNING]: Could not match supplied host pattern, ignoring: application

PLAY [Backup database] *********************************************************
skipping: no hosts matched

PLAY RECAP *********************************************************************

=== EXIT 0: 2025-12-16T11:29:03Z ===
=== RUN START: 2025-12-16T11:30:01Z user=amhengly pwd=/home/amhengly ===
[WARNING]: Could not match supplied host pattern, ignoring: application

PLAY [Backup database] *********************************************************
skipping: no hosts matched

PLAY RECAP *********************************************************************

=== EXIT 0: 2025-12-16T11:30:02Z ===
=== RUN START: 2025-12-16T11:31:01Z user=amhengly pwd=/home/amhengly ===
[WARNING]: Could not match supplied host pattern, ignoring: application

PLAY [Backup database] *********************************************************
skipping: no hosts matched

PLAY RECAP *********************************************************************

=== EXIT 0: 2025-12-16T11:31:03Z ===
=== RUN START: 2025-12-16T11:32:01Z user=amhengly pwd=/home/amhengly ===
[WARNING]: Could not match supplied host pattern, ignoring: application

PLAY [Backup database] *********************************************************
skipping: no hosts matched

PLAY RECAP *********************************************************************

=== EXIT 0: 2025-12-16T11:32:03Z ===
=== RUN START: 2025-12-16T11:33:01Z user=amhengly pwd=/home/amhengly ===
[WARNING]: Could not match supplied host pattern, ignoring: application

PLAY [Backup database] *********************************************************
skipping: no hosts matched

PLAY RECAP *********************************************************************

=== EXIT 0: 2025-12-16T11:33:03Z ===
=== RUN START: 2025-12-16T11:34:01Z user=amhengly pwd=/home/amhengly ===
[WARNING]: Could not match supplied host pattern, ignoring: application

PLAY [Backup database] *********************************************************
skipping: no hosts matched

PLAY RECAP *********************************************************************

=== EXIT 0: 2025-12-16T11:34:03Z ===
=== RUN START: 2025-12-16T11:35:01Z user=amhengly pwd=/home/amhengly ===
[WARNING]: Could not match supplied host pattern, ignoring: application

PLAY [Backup database] *********************************************************
skipping: no hosts matched

PLAY RECAP *********************************************************************

=== EXIT 0: 2025-12-16T11:35:03Z ===
=== RUN START: 2025-12-16T11:36:01Z user=amhengly pwd=/home/amhengly ===
[WARNING]: Could not match supplied host pattern, ignoring: application

PLAY [Backup database] *********************************************************
skipping: no hosts matched

PLAY RECAP *********************************************************************

=== EXIT 0: 2025-12-16T11:36:02Z ===
=== RUN START: 2025-12-16T11:37:01Z user=amhengly pwd=/home/amhengly ===
[WARNING]: Could not match supplied host pattern, ignoring: application

PLAY [Backup database] *********************************************************
skipping: no hosts matched

PLAY RECAP *********************************************************************

=== EXIT 0: 2025-12-16T11:37:02Z ===
=== RUN START: 2025-12-16T11:38:01Z user=amhengly pwd=/home/amhengly ===
[WARNING]: Could not match supplied host pattern, ignoring: application

PLAY [Backup database] *********************************************************
skipping: no hosts matched

PLAY RECAP *********************************************************************

=== EXIT 0: 2025-12-16T11:38:03Z ===
=== RUN START: 2025-12-16T11:39:01Z user=amhengly pwd=/home/amhengly ===
[WARNING]: Could not match supplied host pattern, ignoring: application

PLAY [Backup database] *********************************************************
skipping: no hosts matched

PLAY RECAP *********************************************************************

=== EXIT 0: 2025-12-16T11:39:03Z ===
=== RUN START: 2025-12-16T11:40:01Z user=amhengly pwd=/home/amhengly ===
[WARNING]: Could not match supplied host pattern, ignoring: application

PLAY [Backup database] *********************************************************
skipping: no hosts matched

PLAY RECAP *********************************************************************

=== EXIT 0: 2025-12-16T11:40:03Z ===
=== RUN START: 2025-12-16T11:41:01Z user=amhengly pwd=/home/amhengly ===
[WARNING]: Could not match supplied host pattern, ignoring: application

PLAY [Backup database] *********************************************************
skipping: no hosts matched

PLAY RECAP *********************************************************************

=== EXIT 0: 2025-12-16T11:41:03Z ===
=== RUN START: 2025-12-16T11:42:01Z user=amhengly pwd=/home/amhengly ===
[WARNING]: Could not match supplied host pattern, ignoring: application

PLAY [Backup database] *********************************************************
skipping: no hosts matched

PLAY RECAP *********************************************************************

=== EXIT 0: 2025-12-16T11:42:02Z ===
=== RUN START: 2025-12-16T11:43:01Z user=amhengly pwd=/home/amhengly ===
[WARNING]: Could not match supplied host pattern, ignoring: application

PLAY [Backup database] *********************************************************
skipping: no hosts matched

PLAY RECAP *********************************************************************

=== EXIT 0: 2025-12-16T11:43:03Z ===
=== RUN START: 2025-12-16T11:44:01Z user=amhengly pwd=/home/amhengly ===
[WARNING]: Could not match supplied host pattern, ignoring: application

PLAY [Backup database] *********************************************************
skipping: no hosts matched

PLAY RECAP *********************************************************************

=== EXIT 0: 2025-12-16T11:44:03Z ===
=== RUN START: 2025-12-16T11:45:01Z user=amhengly pwd=/home/amhengly ===
[WARNING]: Could not match supplied host pattern, ignoring: application

PLAY [Backup database] *********************************************************
skipping: no hosts matched

PLAY RECAP *********************************************************************

=== EXIT 0: 2025-12-16T11:45:02Z ===
=== RUN START: 2025-12-16T11:46:01Z user=amhengly pwd=/home/amhengly ===
[WARNING]: Could not match supplied host pattern, ignoring: application

PLAY [Backup database] *********************************************************
skipping: no hosts matched

PLAY RECAP *********************************************************************

=== EXIT 0: 2025-12-16T11:46:03Z ===
=== RUN START: 2025-12-16T11:47:01Z user=amhengly pwd=/home/amhengly ===
[WARNING]: Could not match supplied host pattern, ignoring: application

PLAY [Backup database] *********************************************************
skipping: no hosts matched

PLAY RECAP *********************************************************************

=== EXIT 0: 2025-12-16T11:47:03Z ===
=== RUN START: 2025-12-16T11:48:01Z user=amhengly pwd=/home/amhengly ===
[WARNING]: Could not match supplied host pattern, ignoring: application

PLAY [Backup database] *********************************************************
skipping: no hosts matched

PLAY RECAP *********************************************************************

=== EXIT 0: 2025-12-16T11:48:02Z ===
=== RUN START: 2025-12-16T11:49:02Z user=amhengly pwd=/home/amhengly ===
[WARNING]: Could not match supplied host pattern, ignoring: application

PLAY [Backup database] *********************************************************
skipping: no hosts matched

PLAY RECAP *********************************************************************

=== EXIT 0: 2025-12-16T11:49:03Z ===
=== RUN START: 2025-12-16T11:50:01Z user=amhengly pwd=/home/amhengly ===
[WARNING]: Could not match supplied host pattern, ignoring: application

PLAY [Backup database] *********************************************************
skipping: no hosts matched

PLAY RECAP *********************************************************************

=== EXIT 0: 2025-12-16T11:50:03Z ===
=== RUN START: 2025-12-16T11:51:01Z user=amhengly pwd=/home/amhengly ===
[WARNING]: Could not match supplied host pattern, ignoring: application

PLAY [Backup database] *********************************************************
skipping: no hosts matched

PLAY RECAP *********************************************************************

=== EXIT 0: 2025-12-16T11:51:03Z ===
=== RUN START: 2025-12-16T11:52:01Z user=amhengly pwd=/home/amhengly ===
[WARNING]: Could not match supplied host pattern, ignoring: application

PLAY [Backup database] *********************************************************
skipping: no hosts matched

PLAY RECAP *********************************************************************

=== EXIT 0: 2025-12-16T11:52:03Z ===
=== RUN START: 2025-12-16T11:53:01Z user=amhengly pwd=/home/amhengly ===
[WARNING]: Could not match supplied host pattern, ignoring: application

PLAY [Backup database] *********************************************************
skipping: no hosts matched

PLAY RECAP *********************************************************************

=== EXIT 0: 2025-12-16T11:53:03Z ===
=== RUN START: 2025-12-16T11:54:01Z user=amhengly pwd=/home/amhengly ===
[WARNING]: Could not match supplied host pattern, ignoring: application

PLAY [Backup database] *********************************************************
skipping: no hosts matched

PLAY RECAP *********************************************************************

=== EXIT 0: 2025-12-16T11:54:03Z ===
=== RUN START: 2025-12-16T11:55:01Z user=amhengly pwd=/home/amhengly ===
[WARNING]: Could not match supplied host pattern, ignoring: application

PLAY [Backup database] *********************************************************
skipping: no hosts matched

PLAY RECAP *********************************************************************

=== EXIT 0: 2025-12-16T11:55:02Z ===
=== RUN START: 2025-12-16T11:56:01Z user=amhengly pwd=/home/amhengly ===
[WARNING]: Could not match supplied host pattern, ignoring: application

PLAY [Backup database] *********************************************************
skipping: no hosts matched

PLAY RECAP *********************************************************************

=== EXIT 0: 2025-12-16T11:56:03Z ===
=== RUN START: 2025-12-16T11:57:01Z user=amhengly pwd=/home/amhengly ===
[WARNING]: Could not match supplied host pattern, ignoring: application

PLAY [Backup database] *********************************************************
skipping: no hosts matched

PLAY RECAP *********************************************************************

=== EXIT 0: 2025-12-16T11:57:03Z ===
=== RUN START: 2025-12-16T11:58:01Z user=amhengly pwd=/home/amhengly ===
[WARNING]: Could not match supplied host pattern, ignoring: application

PLAY [Backup database] *********************************************************
skipping: no hosts matched

PLAY RECAP *********************************************************************

=== EXIT 0: 2025-12-16T11:58:03Z ===
=== RUN START: 2025-12-16T11:59:01Z user=amhengly pwd=/home/amhengly ===
[WARNING]: Could not match supplied host pattern, ignoring: application

PLAY [Backup database] *********************************************************
skipping: no hosts matched

PLAY RECAP *********************************************************************

=== EXIT 0: 2025-12-16T11:59:02Z ===
=== RUN START: 2025-12-16T12:00:01Z user=amhengly pwd=/home/amhengly ===
[WARNING]: Could not match supplied host pattern, ignoring: application

PLAY [Backup database] *********************************************************
skipping: no hosts matched

PLAY RECAP *********************************************************************

=== EXIT 0: 2025-12-16T12:00:03Z ===
=== RUN START: 2025-12-16T12:01:01Z user=amhengly pwd=/home/amhengly ===
[WARNING]: Could not match supplied host pattern, ignoring: application

PLAY [Backup database] *********************************************************
skipping: no hosts matched

PLAY RECAP *********************************************************************

=== EXIT 0: 2025-12-16T12:01:03Z ===
=== RUN START: 2025-12-16T12:02:01Z user=amhengly pwd=/home/amhengly ===
[WARNING]: Could not match supplied host pattern, ignoring: application

PLAY [Backup database] *********************************************************
skipping: no hosts matched

PLAY RECAP *********************************************************************

=== EXIT 0: 2025-12-16T12:02:03Z ===
=== RUN START: 2025-12-16T12:03:01Z user=amhengly pwd=/home/amhengly ===
[WARNING]: Could not match supplied host pattern, ignoring: application

PLAY [Backup database] *********************************************************
skipping: no hosts matched

PLAY RECAP *********************************************************************

=== EXIT 0: 2025-12-16T12:03:03Z ===
=== RUN START: 2025-12-16T12:04:01Z user=amhengly pwd=/home/amhengly ===
[WARNING]: Could not match supplied host pattern, ignoring: application

PLAY [Backup database] *********************************************************
skipping: no hosts matched

PLAY RECAP *********************************************************************

=== EXIT 0: 2025-12-16T12:04:02Z ===
=== RUN START: 2025-12-16T12:05:01Z user=amhengly pwd=/home/amhengly ===
[WARNING]: Could not match supplied host pattern, ignoring: application

PLAY [Backup database] *********************************************************
skipping: no hosts matched

PLAY RECAP *********************************************************************

=== EXIT 0: 2025-12-16T12:05:03Z ===
=== RUN START: 2025-12-16T12:06:01Z user=amhengly pwd=/home/amhengly ===
[WARNING]: Could not match supplied host pattern, ignoring: application

PLAY [Backup database] *********************************************************
skipping: no hosts matched

PLAY RECAP *********************************************************************

=== EXIT 0: 2025-12-16T12:06:03Z ===
=== RUN START: 2025-12-16T12:07:01Z user=amhengly pwd=/home/amhengly ===
[WARNING]: Could not match supplied host pattern, ignoring: application

PLAY [Backup database] *********************************************************
skipping: no hosts matched

PLAY RECAP *********************************************************************

=== EXIT 0: 2025-12-16T12:07:03Z ===
=== RUN START: 2025-12-16T12:08:01Z user=amhengly pwd=/home/amhengly ===
[WARNING]: Could not match supplied host pattern, ignoring: application

PLAY [Backup database] *********************************************************
skipping: no hosts matched

PLAY RECAP *********************************************************************

=== EXIT 0: 2025-12-16T12:08:02Z ===
=== RUN START: 2025-12-16T12:09:02Z user=amhengly pwd=/home/amhengly ===
[WARNING]: Could not match supplied host pattern, ignoring: application

PLAY [Backup database] *********************************************************
skipping: no hosts matched

PLAY RECAP *********************************************************************

=== EXIT 0: 2025-12-16T12:09:03Z ===
=== RUN START: 2025-12-16T12:10:01Z user=amhengly pwd=/home/amhengly ===
[WARNING]: Could not match supplied host pattern, ignoring: application

PLAY [Backup database] *********************************************************
skipping: no hosts matched

PLAY RECAP *********************************************************************

=== EXIT 0: 2025-12-16T12:10:03Z ===
=== RUN START: 2025-12-16T12:11:01Z user=amhengly pwd=/home/amhengly ===
[WARNING]: Could not match supplied host pattern, ignoring: application

PLAY [Backup database] *********************************************************
skipping: no hosts matched

PLAY RECAP *********************************************************************

=== EXIT 0: 2025-12-16T12:11:02Z ===
=== RUN START: 2025-12-16T12:12:02Z user=amhengly pwd=/home/amhengly ===
[WARNING]: Could not match supplied host pattern, ignoring: application

PLAY [Backup database] *********************************************************
skipping: no hosts matched

PLAY RECAP *********************************************************************

=== EXIT 0: 2025-12-16T12:12:03Z ===
=== RUN START: 2025-12-16T12:13:01Z user=amhengly pwd=/home/amhengly ===
[WARNING]: Could not match supplied host pattern, ignoring: application

PLAY [Backup database] *********************************************************
skipping: no hosts matched

PLAY RECAP *********************************************************************

=== EXIT 0: 2025-12-16T12:13:03Z ===
=== RUN START: 2025-12-16T12:14:01Z user=amhengly pwd=/home/amhengly ===
[WARNING]: Could not match supplied host pattern, ignoring: application

PLAY [Backup database] *********************************************************
skipping: no hosts matched

PLAY RECAP *********************************************************************

=== EXIT 0: 2025-12-16T12:14:03Z ===
=== RUN START: 2025-12-16T12:15:01Z user=amhengly pwd=/home/amhengly ===
[WARNING]: Could not match supplied host pattern, ignoring: application

PLAY [Backup database] *********************************************************
skipping: no hosts matched

PLAY RECAP *********************************************************************

=== EXIT 0: 2025-12-16T12:15:02Z ===
=== RUN START: 2025-12-16T12:16:01Z user=amhengly pwd=/home/amhengly ===
[WARNING]: Could not match supplied host pattern, ignoring: application

PLAY [Backup database] *********************************************************
skipping: no hosts matched

PLAY RECAP *********************************************************************

=== EXIT 0: 2025-12-16T12:16:03Z ===
=== RUN START: 2025-12-16T12:17:01Z user=amhengly pwd=/home/amhengly ===
[WARNING]: Could not match supplied host pattern, ignoring: application

PLAY [Backup database] *********************************************************
skipping: no hosts matched

PLAY RECAP *********************************************************************

=== EXIT 0: 2025-12-16T12:17:03Z ===
=== RUN START: 2025-12-16T12:18:01Z user=amhengly pwd=/home/amhengly ===
[WARNING]: Could not match supplied host pattern, ignoring: application

PLAY [Backup database] *********************************************************
skipping: no hosts matched

PLAY RECAP *********************************************************************

=== EXIT 0: 2025-12-16T12:18:03Z ===
=== RUN START: 2025-12-16T12:19:01Z user=amhengly pwd=/home/amhengly ===
[WARNING]: Could not match supplied host pattern, ignoring: application

PLAY [Backup database] *********************************************************
skipping: no hosts matched

PLAY RECAP *********************************************************************

=== EXIT 0: 2025-12-16T12:19:03Z ===
=== RUN START: 2025-12-16T12:20:01Z user=amhengly pwd=/home/amhengly ===
[WARNING]: Could not match supplied host pattern, ignoring: application

PLAY [Backup database] *********************************************************
skipping: no hosts matched

PLAY RECAP *********************************************************************

=== EXIT 0: 2025-12-16T12:20:02Z ===
=== RUN START: 2025-12-16T12:21:01Z user=amhengly pwd=/home/amhengly ===
[WARNING]: Could not match supplied host pattern, ignoring: application

PLAY [Backup database] *********************************************************
skipping: no hosts matched

PLAY RECAP *********************************************************************

=== EXIT 0: 2025-12-16T12:21:03Z ===
=== RUN START: 2025-12-16T12:22:01Z user=amhengly pwd=/home/amhengly ===
[WARNING]: Could not match supplied host pattern, ignoring: application

PLAY [Backup database] *********************************************************
skipping: no hosts matched

PLAY RECAP *********************************************************************

=== EXIT 0: 2025-12-16T12:22:03Z ===
=== RUN START: 2025-12-16T12:23:01Z user=amhengly pwd=/home/amhengly ===
[WARNING]: Could not match supplied host pattern, ignoring: application

PLAY [Backup database] *********************************************************
skipping: no hosts matched

PLAY RECAP *********************************************************************

=== EXIT 0: 2025-12-16T12:23:03Z ===
=== RUN START: 2025-12-16T12:24:01Z user=amhengly pwd=/home/amhengly ===
[WARNING]: Could not match supplied host pattern, ignoring: application

PLAY [Backup database] *********************************************************
skipping: no hosts matched

PLAY RECAP *********************************************************************

=== EXIT 0: 2025-12-16T12:24:02Z ===
=== RUN START: 2025-12-16T12:25:01Z user=amhengly pwd=/home/amhengly ===
[WARNING]: Could not match supplied host pattern, ignoring: application

PLAY [Backup database] *********************************************************
skipping: no hosts matched

PLAY RECAP *********************************************************************

=== EXIT 0: 2025-12-16T12:25:03Z ===
=== RUN START: 2025-12-16T12:26:01Z user=amhengly pwd=/home/amhengly ===
[WARNING]: Could not match supplied host pattern, ignoring: application

PLAY [Backup database] *********************************************************
skipping: no hosts matched

PLAY RECAP *********************************************************************

=== EXIT 0: 2025-12-16T12:26:03Z ===
=== RUN START: 2025-12-16T12:27:01Z user=amhengly pwd=/home/amhengly ===
[WARNING]: Could not match supplied host pattern, ignoring: application

PLAY [Backup database] *********************************************************
skipping: no hosts matched

PLAY RECAP *********************************************************************

=== EXIT 0: 2025-12-16T12:27:03Z ===
=== RUN START: 2025-12-16T12:28:01Z user=amhengly pwd=/home/amhengly ===
[WARNING]: Could not match supplied host pattern, ignoring: application

PLAY [Backup database] *********************************************************
skipping: no hosts matched

PLAY RECAP *********************************************************************

=== EXIT 0: 2025-12-16T12:28:03Z ===
=== RUN START: 2025-12-16T12:29:01Z user=amhengly pwd=/home/amhengly ===
[WARNING]: Could not match supplied host pattern, ignoring: application

PLAY [Backup database] *********************************************************
skipping: no hosts matched

PLAY RECAP *********************************************************************

=== EXIT 0: 2025-12-16T12:29:02Z ===
=== RUN START: 2025-12-16T12:30:01Z user=amhengly pwd=/home/amhengly ===
[WARNING]: Could not match supplied host pattern, ignoring: application

PLAY [Backup database] *********************************************************
skipping: no hosts matched

PLAY RECAP *********************************************************************

=== EXIT 0: 2025-12-16T12:30:03Z ===
=== RUN START: 2025-12-16T12:31:01Z user=amhengly pwd=/home/amhengly ===
[WARNING]: Could not match supplied host pattern, ignoring: application

PLAY [Backup database] *********************************************************
skipping: no hosts matched

PLAY RECAP *********************************************************************

=== EXIT 0: 2025-12-16T12:31:03Z ===
=== RUN START: 2025-12-16T12:32:01Z user=amhengly pwd=/home/amhengly ===
[WARNING]: Could not match supplied host pattern, ignoring: application

PLAY [Backup database] *********************************************************
skipping: no hosts matched

PLAY RECAP *********************************************************************

=== EXIT 0: 2025-12-16T12:32:03Z ===
=== RUN START: 2025-12-16T12:33:01Z user=amhengly pwd=/home/amhengly ===
[WARNING]: Could not match supplied host pattern, ignoring: application

PLAY [Backup database] *********************************************************
skipping: no hosts matched

PLAY RECAP *********************************************************************

=== EXIT 0: 2025-12-16T12:33:02Z ===
=== RUN START: 2025-12-16T12:34:02Z user=amhengly pwd=/home/amhengly ===
[WARNING]: Could not match supplied host pattern, ignoring: application

PLAY [Backup database] *********************************************************
skipping: no hosts matched

PLAY RECAP *********************************************************************

=== EXIT 0: 2025-12-16T12:34:03Z ===
=== RUN START: 2025-12-16T12:35:01Z user=amhengly pwd=/home/amhengly ===
[WARNING]: Could not match supplied host pattern, ignoring: application

PLAY [Backup database] *********************************************************
skipping: no hosts matched

PLAY RECAP *********************************************************************

=== EXIT 0: 2025-12-16T12:35:03Z ===
=== RUN START: 2025-12-16T12:36:01Z user=amhengly pwd=/home/amhengly ===
[WARNING]: Could not match supplied host pattern, ignoring: application

PLAY [Backup database] *********************************************************
skipping: no hosts matched

PLAY RECAP *********************************************************************

=== EXIT 0: 2025-12-16T12:36:03Z ===
=== RUN START: 2025-12-16T12:37:01Z user=amhengly pwd=/home/amhengly ===
[WARNING]: Could not match supplied host pattern, ignoring: application

PLAY [Backup database] *********************************************************
skipping: no hosts matched

PLAY RECAP *********************************************************************

=== EXIT 0: 2025-12-16T12:37:03Z ===
=== RUN START: 2025-12-16T12:38:01Z user=amhengly pwd=/home/amhengly ===
[WARNING]: Could not match supplied host pattern, ignoring: application

PLAY [Backup database] *********************************************************
skipping: no hosts matched

PLAY RECAP *********************************************************************

=== EXIT 0: 2025-12-16T12:38:02Z ===
=== RUN START: 2025-12-16T12:39:01Z user=amhengly pwd=/home/amhengly ===
[WARNING]: Could not match supplied host pattern, ignoring: application

PLAY [Backup database] *********************************************************
skipping: no hosts matched

PLAY RECAP *********************************************************************

=== EXIT 0: 2025-12-16T12:39:03Z ===
=== RUN START: 2025-12-16T12:40:01Z user=amhengly pwd=/home/amhengly ===
[WARNING]: Could not match supplied host pattern, ignoring: application

PLAY [Backup database] *********************************************************
skipping: no hosts matched

PLAY RECAP *********************************************************************

=== EXIT 0: 2025-12-16T12:40:03Z ===
=== RUN START: 2025-12-16T12:41:01Z user=amhengly pwd=/home/amhengly ===
[WARNING]: Could not match supplied host pattern, ignoring: application

PLAY [Backup database] *********************************************************
skipping: no hosts matched

PLAY RECAP *********************************************************************

=== EXIT 0: 2025-12-16T12:41:02Z ===
=== RUN START: 2025-12-16T12:42:01Z user=amhengly pwd=/home/amhengly ===
[WARNING]: Could not match supplied host pattern, ignoring: application

PLAY [Backup database] *********************************************************
skipping: no hosts matched

PLAY RECAP *********************************************************************

=== EXIT 0: 2025-12-16T12:42:03Z ===
=== RUN START: 2025-12-16T12:43:01Z user=amhengly pwd=/home/amhengly ===
[WARNING]: Could not match supplied host pattern, ignoring: application

PLAY [Backup database] *********************************************************
skipping: no hosts matched

PLAY RECAP *********************************************************************

=== EXIT 0: 2025-12-16T12:43:03Z ===
=== RUN START: 2025-12-16T12:44:01Z user=amhengly pwd=/home/amhengly ===
[WARNING]: Could not match supplied host pattern, ignoring: application

PLAY [Backup database] *********************************************************
skipping: no hosts matched

PLAY RECAP *********************************************************************

=== EXIT 0: 2025-12-16T12:44:03Z ===
=== RUN START: 2025-12-16T12:45:01Z user=amhengly pwd=/home/amhengly ===
[WARNING]: Could not match supplied host pattern, ignoring: application

PLAY [Backup database] *********************************************************
skipping: no hosts matched

PLAY RECAP *********************************************************************

=== EXIT 0: 2025-12-16T12:45:02Z ===
=== RUN START: 2025-12-16T12:46:01Z user=amhengly pwd=/home/amhengly ===
[WARNING]: Could not match supplied host pattern, ignoring: application

PLAY [Backup database] *********************************************************
skipping: no hosts matched

PLAY RECAP *********************************************************************

=== EXIT 0: 2025-12-16T12:46:03Z ===
=== RUN START: 2025-12-16T12:47:01Z user=amhengly pwd=/home/amhengly ===
[WARNING]: Could not match supplied host pattern, ignoring: application

PLAY [Backup database] *********************************************************
skipping: no hosts matched

PLAY RECAP *********************************************************************

=== EXIT 0: 2025-12-16T12:47:03Z ===
=== RUN START: 2025-12-16T12:48:01Z user=amhengly pwd=/home/amhengly ===
[WARNING]: Could not match supplied host pattern, ignoring: application

PLAY [Backup database] *********************************************************
skipping: no hosts matched

PLAY RECAP *********************************************************************

=== EXIT 0: 2025-12-16T12:48:03Z ===
=== RUN START: 2025-12-16T12:49:01Z user=amhengly pwd=/home/amhengly ===
[WARNING]: Could not match supplied host pattern, ignoring: application

PLAY [Backup database] *********************************************************
skipping: no hosts matched

PLAY RECAP *********************************************************************

=== EXIT 0: 2025-12-16T12:49:02Z ===
=== RUN START: 2025-12-16T12:50:02Z user=amhengly pwd=/home/amhengly ===
[WARNING]: Could not match supplied host pattern, ignoring: application

PLAY [Backup database] *********************************************************
skipping: no hosts matched

PLAY RECAP *********************************************************************

=== EXIT 0: 2025-12-16T12:50:03Z ===
=== RUN START: 2025-12-16T12:51:01Z user=amhengly pwd=/home/amhengly ===
[WARNING]: Could not match supplied host pattern, ignoring: application

PLAY [Backup database] *********************************************************
skipping: no hosts matched

PLAY RECAP *********************************************************************

=== EXIT 0: 2025-12-16T12:51:03Z ===
=== RUN START: 2025-12-16T12:52:01Z user=amhengly pwd=/home/amhengly ===
[WARNING]: Could not match supplied host pattern, ignoring: application

PLAY [Backup database] *********************************************************
skipping: no hosts matched

PLAY RECAP *********************************************************************

=== EXIT 0: 2025-12-16T12:52:03Z ===
=== RUN START: 2025-12-16T12:53:01Z user=amhengly pwd=/home/amhengly ===
[WARNING]: Could not match supplied host pattern, ignoring: application

PLAY [Backup database] *********************************************************
skipping: no hosts matched

PLAY RECAP *********************************************************************

=== EXIT 0: 2025-12-16T12:53:03Z ===
=== RUN START: 2025-12-16T12:54:01Z user=amhengly pwd=/home/amhengly ===
[WARNING]: Could not match supplied host pattern, ignoring: application

PLAY [Backup database] *********************************************************
skipping: no hosts matched

PLAY RECAP *********************************************************************

=== EXIT 0: 2025-12-16T12:54:02Z ===
=== RUN START: 2025-12-16T12:55:01Z user=amhengly pwd=/home/amhengly ===
[WARNING]: Could not match supplied host pattern, ignoring: application

PLAY [Backup database] *********************************************************
skipping: no hosts matched

PLAY RECAP *********************************************************************

=== EXIT 0: 2025-12-16T12:55:03Z ===
=== RUN START: 2025-12-16T12:56:01Z user=amhengly pwd=/home/amhengly ===
[WARNING]: Could not match supplied host pattern, ignoring: application

PLAY [Backup database] *********************************************************
skipping: no hosts matched

PLAY RECAP *********************************************************************

=== EXIT 0: 2025-12-16T12:56:03Z ===
=== RUN START: 2025-12-16T12:57:01Z user=amhengly pwd=/home/amhengly ===
[WARNING]: Could not match supplied host pattern, ignoring: application

PLAY [Backup database] *********************************************************
skipping: no hosts matched

PLAY RECAP *********************************************************************

=== EXIT 0: 2025-12-16T12:57:03Z ===
=== RUN START: 2025-12-16T12:58:01Z user=amhengly pwd=/home/amhengly ===
[WARNING]: Could not match supplied host pattern, ignoring: application

PLAY [Backup database] *********************************************************
skipping: no hosts matched

PLAY RECAP *********************************************************************

=== EXIT 0: 2025-12-16T12:58:03Z ===
=== RUN START: 2025-12-16T12:59:01Z user=amhengly pwd=/home/amhengly ===
[WARNING]: Could not match supplied host pattern, ignoring: application

PLAY [Backup database] *********************************************************
skipping: no hosts matched

PLAY RECAP *********************************************************************

=== EXIT 0: 2025-12-16T12:59:02Z ===
=== RUN START: 2025-12-16T13:00:01Z user=amhengly pwd=/home/amhengly ===
[WARNING]: Could not match supplied host pattern, ignoring: application

PLAY [Backup database] *********************************************************
skipping: no hosts matched

PLAY RECAP *********************************************************************

=== EXIT 0: 2025-12-16T13:00:03Z ===
=== RUN START: 2025-12-16T13:01:01Z user=amhengly pwd=/home/amhengly ===
[WARNING]: Could not match supplied host pattern, ignoring: application

PLAY [Backup database] *********************************************************
skipping: no hosts matched

PLAY RECAP *********************************************************************

=== EXIT 0: 2025-12-16T13:01:03Z ===
=== RUN START: 2025-12-16T13:02:01Z user=amhengly pwd=/home/amhengly ===
[WARNING]: Could not match supplied host pattern, ignoring: application

PLAY [Backup database] *********************************************************
skipping: no hosts matched

PLAY RECAP *********************************************************************

=== EXIT 0: 2025-12-16T13:02:03Z ===
=== RUN START: 2025-12-16T13:03:01Z user=amhengly pwd=/home/amhengly ===
[WARNING]: Could not match supplied host pattern, ignoring: application

PLAY [Backup database] *********************************************************
skipping: no hosts matched

PLAY RECAP *********************************************************************

=== EXIT 0: 2025-12-16T13:03:03Z ===
=== RUN START: 2025-12-16T13:04:01Z user=amhengly pwd=/home/amhengly ===
[WARNING]: Could not match supplied host pattern, ignoring: application

PLAY [Backup database] *********************************************************
skipping: no hosts matched

PLAY RECAP *********************************************************************

=== EXIT 0: 2025-12-16T13:04:02Z ===
=== RUN START: 2025-12-16T13:05:01Z user=amhengly pwd=/home/amhengly ===
[WARNING]: Could not match supplied host pattern, ignoring: application

PLAY [Backup database] *********************************************************
skipping: no hosts matched

PLAY RECAP *********************************************************************

=== EXIT 0: 2025-12-16T13:05:03Z ===
=== RUN START: 2025-12-16T13:06:01Z user=amhengly pwd=/home/amhengly ===
[WARNING]: Could not match supplied host pattern, ignoring: application

PLAY [Backup database] *********************************************************
skipping: no hosts matched

PLAY RECAP *********************************************************************

=== EXIT 0: 2025-12-16T13:06:02Z ===
=== RUN START: 2025-12-16T13:07:02Z user=amhengly pwd=/home/amhengly ===
[WARNING]: Could not match supplied host pattern, ignoring: application

PLAY [Backup database] *********************************************************
skipping: no hosts matched

PLAY RECAP *********************************************************************

=== EXIT 0: 2025-12-16T13:07:03Z ===
=== RUN START: 2025-12-16T13:08:01Z user=amhengly pwd=/home/amhengly ===
[WARNING]: Could not match supplied host pattern, ignoring: application

PLAY [Backup database] *********************************************************
skipping: no hosts matched

PLAY RECAP *********************************************************************

=== EXIT 0: 2025-12-16T13:08:03Z ===
=== RUN START: 2025-12-16T13:09:01Z user=amhengly pwd=/home/amhengly ===
[WARNING]: Could not match supplied host pattern, ignoring: application

PLAY [Backup database] *********************************************************
skipping: no hosts matched

PLAY RECAP *********************************************************************

=== EXIT 0: 2025-12-16T13:09:03Z ===
=== RUN START: 2025-12-16T13:10:01Z user=amhengly pwd=/home/amhengly ===
[WARNING]: Could not match supplied host pattern, ignoring: application

PLAY [Backup database] *********************************************************
skipping: no hosts matched

PLAY RECAP *********************************************************************

=== EXIT 0: 2025-12-16T13:10:02Z ===
=== RUN START: 2025-12-16T13:11:01Z user=amhengly pwd=/home/amhengly ===
[WARNING]: Could not match supplied host pattern, ignoring: application

PLAY [Backup database] *********************************************************
skipping: no hosts matched

PLAY RECAP *********************************************************************

=== EXIT 0: 2025-12-16T13:11:03Z ===
=== RUN START: 2025-12-16T13:12:01Z user=amhengly pwd=/home/amhengly ===
[WARNING]: Could not match supplied host pattern, ignoring: application

PLAY [Backup database] *********************************************************
skipping: no hosts matched

PLAY RECAP *********************************************************************

=== EXIT 0: 2025-12-16T13:12:03Z ===
=== RUN START: 2025-12-16T13:13:01Z user=amhengly pwd=/home/amhengly ===
[WARNING]: Could not match supplied host pattern, ignoring: application

PLAY [Backup database] *********************************************************
skipping: no hosts matched

PLAY RECAP *********************************************************************

=== EXIT 0: 2025-12-16T13:13:03Z ===
=== RUN START: 2025-12-16T13:14:01Z user=amhengly pwd=/home/amhengly ===
[WARNING]: Could not match supplied host pattern, ignoring: application

PLAY [Backup database] *********************************************************
skipping: no hosts matched

PLAY RECAP *********************************************************************

=== EXIT 0: 2025-12-16T13:14:03Z ===
=== RUN START: 2025-12-16T13:15:01Z user=amhengly pwd=/home/amhengly ===
[WARNING]: Could not match supplied host pattern, ignoring: application

PLAY [Backup database] *********************************************************
skipping: no hosts matched

PLAY RECAP *********************************************************************

=== EXIT 0: 2025-12-16T13:15:02Z ===
=== RUN START: 2025-12-16T13:16:01Z user=amhengly pwd=/home/amhengly ===
[WARNING]: Could not match supplied host pattern, ignoring: application

PLAY [Backup database] *********************************************************
skipping: no hosts matched

PLAY RECAP *********************************************************************

=== EXIT 0: 2025-12-16T13:16:03Z ===
=== RUN START: 2025-12-16T13:17:01Z user=amhengly pwd=/home/amhengly ===
[WARNING]: Could not match supplied host pattern, ignoring: application

PLAY [Backup database] *********************************************************
skipping: no hosts matched

PLAY RECAP *********************************************************************

=== EXIT 0: 2025-12-16T13:17:03Z ===
=== RUN START: 2025-12-16T13:18:01Z user=amhengly pwd=/home/amhengly ===
[WARNING]: Could not match supplied host pattern, ignoring: application

PLAY [Backup database] *********************************************************
skipping: no hosts matched

PLAY RECAP *********************************************************************

=== EXIT 0: 2025-12-16T13:18:03Z ===
=== RUN START: 2025-12-16T13:19:01Z user=amhengly pwd=/home/amhengly ===
[WARNING]: Could not match supplied host pattern, ignoring: application

PLAY [Backup database] *********************************************************
skipping: no hosts matched

PLAY RECAP *********************************************************************

=== EXIT 0: 2025-12-16T13:19:02Z ===
=== RUN START: 2025-12-16T13:20:01Z user=amhengly pwd=/home/amhengly ===
[WARNING]: Could not match supplied host pattern, ignoring: application

PLAY [Backup database] *********************************************************
skipping: no hosts matched

PLAY RECAP *********************************************************************

=== EXIT 0: 2025-12-16T13:20:03Z ===
=== RUN START: 2025-12-16T13:21:01Z user=amhengly pwd=/home/amhengly ===
[WARNING]: Could not match supplied host pattern, ignoring: application

PLAY [Backup database] *********************************************************
skipping: no hosts matched

PLAY RECAP *********************************************************************

=== EXIT 0: 2025-12-16T13:21:03Z ===
=== RUN START: 2025-12-16T13:22:01Z user=amhengly pwd=/home/amhengly ===
[WARNING]: Could not match supplied host pattern, ignoring: application

PLAY [Backup database] *********************************************************
skipping: no hosts matched

PLAY RECAP *********************************************************************

=== EXIT 0: 2025-12-16T13:22:03Z ===
=== RUN START: 2025-12-16T13:23:01Z user=amhengly pwd=/home/amhengly ===
[WARNING]: Could not match supplied host pattern, ignoring: application

PLAY [Backup database] *********************************************************
skipping: no hosts matched

PLAY RECAP *********************************************************************

=== EXIT 0: 2025-12-16T13:23:05Z ===
=== RUN START: 2025-12-16T13:24:01Z user=amhengly pwd=/home/amhengly ===
[WARNING]: Could not match supplied host pattern, ignoring: application

PLAY [Backup database] *********************************************************
skipping: no hosts matched

PLAY RECAP *********************************************************************

=== EXIT 0: 2025-12-16T13:24:02Z ===
=== RUN START: 2025-12-16T13:25:02Z user=amhengly pwd=/home/amhengly ===
[WARNING]: Could not match supplied host pattern, ignoring: application

PLAY [Backup database] *********************************************************
skipping: no hosts matched

PLAY RECAP *********************************************************************

=== EXIT 0: 2025-12-16T13:25:03Z ===
=== RUN START: 2025-12-16T13:26:01Z user=amhengly pwd=/home/amhengly ===
[WARNING]: Could not match supplied host pattern, ignoring: application

PLAY [Backup database] *********************************************************
skipping: no hosts matched

PLAY RECAP *********************************************************************

=== EXIT 0: 2025-12-16T13:26:03Z ===
=== RUN START: 2025-12-16T13:27:01Z user=amhengly pwd=/home/amhengly ===
[WARNING]: Could not match supplied host pattern, ignoring: application

PLAY [Backup database] *********************************************************
skipping: no hosts matched

PLAY RECAP *********************************************************************

=== EXIT 0: 2025-12-16T13:27:03Z ===
=== RUN START: 2025-12-16T13:28:01Z user=amhengly pwd=/home/amhengly ===
[WARNING]: Could not match supplied host pattern, ignoring: application

PLAY [Backup database] *********************************************************
skipping: no hosts matched

PLAY RECAP *********************************************************************

=== EXIT 0: 2025-12-16T13:28:03Z ===
=== RUN START: 2025-12-16T13:29:01Z user=amhengly pwd=/home/amhengly ===
[WARNING]: Could not match supplied host pattern, ignoring: application

PLAY [Backup database] *********************************************************
skipping: no hosts matched

PLAY RECAP *********************************************************************

=== EXIT 0: 2025-12-16T13:29:02Z ===
=== RUN START: 2025-12-16T13:30:01Z user=amhengly pwd=/home/amhengly ===
[WARNING]: Could not match supplied host pattern, ignoring: application

PLAY [Backup database] *********************************************************
skipping: no hosts matched

PLAY RECAP *********************************************************************

=== EXIT 0: 2025-12-16T13:30:03Z ===
=== RUN START: 2025-12-16T13:31:01Z user=amhengly pwd=/home/amhengly ===
[WARNING]: Could not match supplied host pattern, ignoring: application

PLAY [Backup database] *********************************************************
skipping: no hosts matched

PLAY RECAP *********************************************************************

=== EXIT 0: 2025-12-16T13:31:03Z ===
=== RUN START: 2025-12-16T13:32:01Z user=amhengly pwd=/home/amhengly ===
[WARNING]: Could not match supplied host pattern, ignoring: application

PLAY [Backup database] *********************************************************
skipping: no hosts matched

PLAY RECAP *********************************************************************

=== EXIT 0: 2025-12-16T13:32:02Z ===
=== RUN START: 2025-12-16T13:33:01Z user=amhengly pwd=/home/amhengly ===
[WARNING]: Could not match supplied host pattern, ignoring: application

PLAY [Backup database] *********************************************************
skipping: no hosts matched

PLAY RECAP *********************************************************************

=== EXIT 0: 2025-12-16T13:33:03Z ===
=== RUN START: 2025-12-16T13:34:01Z user=amhengly pwd=/home/amhengly ===
[WARNING]: Could not match supplied host pattern, ignoring: application

PLAY [Backup database] *********************************************************
skipping: no hosts matched

PLAY RECAP *********************************************************************

=== EXIT 0: 2025-12-16T13:34:03Z ===
=== RUN START: 2025-12-16T13:35:01Z user=amhengly pwd=/home/amhengly ===
[WARNING]: Could not match supplied host pattern, ignoring: application

PLAY [Backup database] *********************************************************
skipping: no hosts matched

PLAY RECAP *********************************************************************

=== EXIT 0: 2025-12-16T13:35:03Z ===
=== RUN START: 2025-12-16T13:36:01Z user=amhengly pwd=/home/amhengly ===
[WARNING]: Could not match supplied host pattern, ignoring: application

PLAY [Backup database] *********************************************************
skipping: no hosts matched

PLAY RECAP *********************************************************************

=== EXIT 0: 2025-12-16T13:36:03Z ===
=== RUN START: 2025-12-16T13:37:01Z user=amhengly pwd=/home/amhengly ===
[WARNING]: Could not match supplied host pattern, ignoring: application

PLAY [Backup database] *********************************************************
skipping: no hosts matched

PLAY RECAP *********************************************************************

=== EXIT 0: 2025-12-16T13:37:03Z ===
=== RUN START: 2025-12-16T13:38:01Z user=amhengly pwd=/home/amhengly ===
[WARNING]: Could not match supplied host pattern, ignoring: application

PLAY [Backup database] *********************************************************
skipping: no hosts matched

PLAY RECAP *********************************************************************

=== EXIT 0: 2025-12-16T13:38:02Z ===
=== RUN START: 2025-12-16T13:39:01Z user=amhengly pwd=/home/amhengly ===
[WARNING]: Could not match supplied host pattern, ignoring: application

PLAY [Backup database] *********************************************************
skipping: no hosts matched

PLAY RECAP *********************************************************************

=== EXIT 0: 2025-12-16T13:39:03Z ===
=== RUN START: 2025-12-16T13:40:01Z user=amhengly pwd=/home/amhengly ===
[WARNING]: Could not match supplied host pattern, ignoring: application

PLAY [Backup database] *********************************************************
skipping: no hosts matched

PLAY RECAP *********************************************************************

=== EXIT 0: 2025-12-16T13:40:03Z ===
=== RUN START: 2025-12-16T13:41:01Z user=amhengly pwd=/home/amhengly ===
[WARNING]: Could not match supplied host pattern, ignoring: application

PLAY [Backup database] *********************************************************
skipping: no hosts matched

PLAY RECAP *********************************************************************

=== EXIT 0: 2025-12-16T13:41:03Z ===
=== RUN START: 2025-12-16T13:42:01Z user=amhengly pwd=/home/amhengly ===
[WARNING]: Could not match supplied host pattern, ignoring: application

PLAY [Backup database] *********************************************************
skipping: no hosts matched

PLAY RECAP *********************************************************************

=== EXIT 0: 2025-12-16T13:42:02Z ===
=== RUN START: 2025-12-16T13:43:01Z user=amhengly pwd=/home/amhengly ===
[WARNING]: Could not match supplied host pattern, ignoring: application

PLAY [Backup database] *********************************************************
skipping: no hosts matched

PLAY RECAP *********************************************************************

=== EXIT 0: 2025-12-16T13:43:03Z ===
=== RUN START: 2025-12-16T13:44:01Z user=amhengly pwd=/home/amhengly ===
[WARNING]: Could not match supplied host pattern, ignoring: application

PLAY [Backup database] *********************************************************
skipping: no hosts matched

PLAY RECAP *********************************************************************

=== EXIT 0: 2025-12-16T13:44:03Z ===
=== RUN START: 2025-12-16T13:45:01Z user=amhengly pwd=/home/amhengly ===
[WARNING]: Could not match supplied host pattern, ignoring: application

PLAY [Backup database] *********************************************************
skipping: no hosts matched

PLAY RECAP *********************************************************************

=== EXIT 0: 2025-12-16T13:45:03Z ===
=== RUN START: 2025-12-16T13:46:01Z user=amhengly pwd=/home/amhengly ===
[WARNING]: Could not match supplied host pattern, ignoring: application

PLAY [Backup database] *********************************************************
skipping: no hosts matched

PLAY RECAP *********************************************************************

=== EXIT 0: 2025-12-16T13:46:02Z ===
=== RUN START: 2025-12-16T13:47:02Z user=amhengly pwd=/home/amhengly ===
[WARNING]: Could not match supplied host pattern, ignoring: application

PLAY [Backup database] *********************************************************
skipping: no hosts matched

PLAY RECAP *********************************************************************

=== EXIT 0: 2025-12-16T13:47:03Z ===
=== RUN START: 2025-12-16T13:48:01Z user=amhengly pwd=/home/amhengly ===
[WARNING]: Could not match supplied host pattern, ignoring: application

PLAY [Backup database] *********************************************************
skipping: no hosts matched

PLAY RECAP *********************************************************************

=== EXIT 0: 2025-12-16T13:48:03Z ===
=== RUN START: 2025-12-16T13:49:01Z user=amhengly pwd=/home/amhengly ===
[WARNING]: Could not match supplied host pattern, ignoring: application

PLAY [Backup database] *********************************************************
skipping: no hosts matched

PLAY RECAP *********************************************************************

=== EXIT 0: 2025-12-16T13:49:03Z ===
=== RUN START: 2025-12-16T13:50:01Z user=amhengly pwd=/home/amhengly ===
[WARNING]: Could not match supplied host pattern, ignoring: application

PLAY [Backup database] *********************************************************
skipping: no hosts matched

PLAY RECAP *********************************************************************

=== EXIT 0: 2025-12-16T13:50:03Z ===
=== RUN START: 2025-12-16T13:51:01Z user=amhengly pwd=/home/amhengly ===
[WARNING]: Could not match supplied host pattern, ignoring: application

PLAY [Backup database] *********************************************************
skipping: no hosts matched

PLAY RECAP *********************************************************************

=== EXIT 0: 2025-12-16T13:51:02Z ===
=== RUN START: 2025-12-16T13:52:01Z user=amhengly pwd=/home/amhengly ===
[WARNING]: Could not match supplied host pattern, ignoring: application

PLAY [Backup database] *********************************************************
skipping: no hosts matched

PLAY RECAP *********************************************************************

=== EXIT 0: 2025-12-16T13:52:03Z ===
=== RUN START: 2025-12-16T13:53:01Z user=amhengly pwd=/home/amhengly ===
[WARNING]: Could not match supplied host pattern, ignoring: application

PLAY [Backup database] *********************************************************
skipping: no hosts matched

PLAY RECAP *********************************************************************

=== EXIT 0: 2025-12-16T13:53:03Z ===
=== RUN START: 2025-12-16T13:54:01Z user=amhengly pwd=/home/amhengly ===
[WARNING]: Could not match supplied host pattern, ignoring: application

PLAY [Backup database] *********************************************************
skipping: no hosts matched

PLAY RECAP *********************************************************************

=== EXIT 0: 2025-12-16T13:54:03Z ===
=== RUN START: 2025-12-16T13:55:01Z user=amhengly pwd=/home/amhengly ===
[WARNING]: Could not match supplied host pattern, ignoring: application

PLAY [Backup database] *********************************************************
skipping: no hosts matched

PLAY RECAP *********************************************************************

=== EXIT 0: 2025-12-16T13:55:03Z ===
=== RUN START: 2025-12-16T13:56:01Z user=amhengly pwd=/home/amhengly ===
[WARNING]: Could not match supplied host pattern, ignoring: application

PLAY [Backup database] *********************************************************
skipping: no hosts matched

PLAY RECAP *********************************************************************

=== EXIT 0: 2025-12-16T13:56:02Z ===
=== RUN START: 2025-12-16T13:57:01Z user=amhengly pwd=/home/amhengly ===
[WARNING]: Could not match supplied host pattern, ignoring: application

PLAY [Backup database] *********************************************************
skipping: no hosts matched

PLAY RECAP *********************************************************************

=== EXIT 0: 2025-12-16T13:57:03Z ===
=== RUN START: 2025-12-16T13:58:01Z user=amhengly pwd=/home/amhengly ===
[WARNING]: Could not match supplied host pattern, ignoring: application

PLAY [Backup database] *********************************************************
skipping: no hosts matched

PLAY RECAP *********************************************************************

=== EXIT 0: 2025-12-16T13:58:03Z ===
=== RUN START: 2025-12-16T13:59:01Z user=amhengly pwd=/home/amhengly ===
[WARNING]: Could not match supplied host pattern, ignoring: application

PLAY [Backup database] *********************************************************
skipping: no hosts matched

PLAY RECAP *********************************************************************

=== EXIT 0: 2025-12-16T13:59:03Z ===
=== RUN START: 2025-12-16T14:00:01Z user=amhengly pwd=/home/amhengly ===
[WARNING]: Could not match supplied host pattern, ignoring: application

PLAY [Backup database] *********************************************************
skipping: no hosts matched

PLAY RECAP *********************************************************************

=== EXIT 0: 2025-12-16T14:00:02Z ===
=== RUN START: 2025-12-16T14:01:02Z user=amhengly pwd=/home/amhengly ===
[WARNING]: Could not match supplied host pattern, ignoring: application

PLAY [Backup database] *********************************************************
skipping: no hosts matched

PLAY RECAP *********************************************************************

=== EXIT 0: 2025-12-16T14:01:03Z ===
=== RUN START: 2025-12-16T14:02:01Z user=amhengly pwd=/home/amhengly ===
[WARNING]: Could not match supplied host pattern, ignoring: application

PLAY [Backup database] *********************************************************
skipping: no hosts matched

PLAY RECAP *********************************************************************

=== EXIT 0: 2025-12-16T14:02:03Z ===
=== RUN START: 2025-12-16T14:03:01Z user=amhengly pwd=/home/amhengly ===
[WARNING]: Could not match supplied host pattern, ignoring: application

PLAY [Backup database] *********************************************************
skipping: no hosts matched

PLAY RECAP *********************************************************************

=== EXIT 0: 2025-12-16T14:03:03Z ===
=== RUN START: 2025-12-16T14:04:01Z user=amhengly pwd=/home/amhengly ===
[WARNING]: Could not match supplied host pattern, ignoring: application

PLAY [Backup database] *********************************************************
skipping: no hosts matched

PLAY RECAP *********************************************************************

=== EXIT 0: 2025-12-16T14:04:02Z ===
=== RUN START: 2025-12-16T14:05:01Z user=amhengly pwd=/home/amhengly ===
[WARNING]: Could not match supplied host pattern, ignoring: application

PLAY [Backup database] *********************************************************
skipping: no hosts matched

PLAY RECAP *********************************************************************

=== EXIT 0: 2025-12-16T14:05:03Z ===
=== RUN START: 2025-12-16T14:06:01Z user=amhengly pwd=/home/amhengly ===
[WARNING]: Could not match supplied host pattern, ignoring: application

PLAY [Backup database] *********************************************************
skipping: no hosts matched

PLAY RECAP *********************************************************************

=== EXIT 0: 2025-12-16T14:06:03Z ===
=== RUN START: 2025-12-16T14:07:01Z user=amhengly pwd=/home/amhengly ===
[WARNING]: Could not match supplied host pattern, ignoring: application

PLAY [Backup database] *********************************************************
skipping: no hosts matched

PLAY RECAP *********************************************************************

=== EXIT 0: 2025-12-16T14:07:03Z ===
=== RUN START: 2025-12-16T14:08:01Z user=amhengly pwd=/home/amhengly ===
[WARNING]: Could not match supplied host pattern, ignoring: application

PLAY [Backup database] *********************************************************
skipping: no hosts matched

PLAY RECAP *********************************************************************

=== EXIT 0: 2025-12-16T14:08:03Z ===
=== RUN START: 2025-12-16T14:09:01Z user=amhengly pwd=/home/amhengly ===
[WARNING]: Could not match supplied host pattern, ignoring: application

PLAY [Backup database] *********************************************************
skipping: no hosts matched

PLAY RECAP *********************************************************************

=== EXIT 0: 2025-12-16T14:09:02Z ===
=== RUN START: 2025-12-16T14:10:01Z user=amhengly pwd=/home/amhengly ===
[WARNING]: Could not match supplied host pattern, ignoring: application

PLAY [Backup database] *********************************************************
skipping: no hosts matched

PLAY RECAP *********************************************************************

=== EXIT 0: 2025-12-16T14:10:03Z ===
=== RUN START: 2025-12-16T14:11:01Z user=amhengly pwd=/home/amhengly ===
[WARNING]: Could not match supplied host pattern, ignoring: application

PLAY [Backup database] *********************************************************
skipping: no hosts matched

PLAY RECAP *********************************************************************

=== EXIT 0: 2025-12-16T14:11:03Z ===
=== RUN START: 2025-12-16T14:12:01Z user=amhengly pwd=/home/amhengly ===
[WARNING]: Could not match supplied host pattern, ignoring: application

PLAY [Backup database] *********************************************************
skipping: no hosts matched

PLAY RECAP *********************************************************************

=== EXIT 0: 2025-12-16T14:12:03Z ===
=== RUN START: 2025-12-16T14:13:01Z user=amhengly pwd=/home/amhengly ===
[WARNING]: Could not match supplied host pattern, ignoring: application

PLAY [Backup database] *********************************************************
skipping: no hosts matched

PLAY RECAP *********************************************************************

=== EXIT 0: 2025-12-16T14:13:03Z ===
=== RUN START: 2025-12-16T14:14:01Z user=amhengly pwd=/home/amhengly ===
[WARNING]: Could not match supplied host pattern, ignoring: application

PLAY [Backup database] *********************************************************
skipping: no hosts matched

PLAY RECAP *********************************************************************

=== EXIT 0: 2025-12-16T14:14:02Z ===
=== RUN START: 2025-12-16T14:15:01Z user=amhengly pwd=/home/amhengly ===
[WARNING]: Could not match supplied host pattern, ignoring: application

PLAY [Backup database] *********************************************************
skipping: no hosts matched

PLAY RECAP *********************************************************************

=== EXIT 0: 2025-12-16T14:15:03Z ===
=== RUN START: 2025-12-16T14:16:01Z user=amhengly pwd=/home/amhengly ===
[WARNING]: Could not match supplied host pattern, ignoring: application

PLAY [Backup database] *********************************************************
skipping: no hosts matched

PLAY RECAP *********************************************************************

=== EXIT 0: 2025-12-16T14:16:03Z ===
=== RUN START: 2025-12-16T14:17:01Z user=amhengly pwd=/home/amhengly ===
[WARNING]: Could not match supplied host pattern, ignoring: application

PLAY [Backup database] *********************************************************
skipping: no hosts matched

PLAY RECAP *********************************************************************

=== EXIT 0: 2025-12-16T14:17:03Z ===
=== RUN START: 2025-12-16T14:18:01Z user=amhengly pwd=/home/amhengly ===
[WARNING]: Could not match supplied host pattern, ignoring: application

PLAY [Backup database] *********************************************************
skipping: no hosts matched

PLAY RECAP *********************************************************************

=== EXIT 0: 2025-12-16T14:18:03Z ===
=== RUN START: 2025-12-16T14:19:01Z user=amhengly pwd=/home/amhengly ===
[WARNING]: Could not match supplied host pattern, ignoring: application

PLAY [Backup database] *********************************************************
skipping: no hosts matched

PLAY RECAP *********************************************************************

=== EXIT 0: 2025-12-16T14:19:03Z ===
=== RUN START: 2025-12-16T14:20:01Z user=amhengly pwd=/home/amhengly ===
[WARNING]: Could not match supplied host pattern, ignoring: application

PLAY [Backup database] *********************************************************
skipping: no hosts matched

PLAY RECAP *********************************************************************

=== EXIT 0: 2025-12-16T14:20:02Z ===
=== RUN START: 2025-12-16T14:21:01Z user=amhengly pwd=/home/amhengly ===
[WARNING]: Could not match supplied host pattern, ignoring: application

PLAY [Backup database] *********************************************************
skipping: no hosts matched

PLAY RECAP *********************************************************************

=== EXIT 0: 2025-12-16T14:21:03Z ===
=== RUN START: 2025-12-16T14:22:01Z user=amhengly pwd=/home/amhengly ===
[WARNING]: Could not match supplied host pattern, ignoring: application

PLAY [Backup database] *********************************************************
skipping: no hosts matched

PLAY RECAP *********************************************************************

=== EXIT 0: 2025-12-16T14:22:03Z ===
=== RUN START: 2025-12-16T14:23:01Z user=amhengly pwd=/home/amhengly ===
[WARNING]: Could not match supplied host pattern, ignoring: application

PLAY [Backup database] *********************************************************
skipping: no hosts matched

PLAY RECAP *********************************************************************

=== EXIT 0: 2025-12-16T14:23:03Z ===
=== RUN START: 2025-12-16T14:24:01Z user=amhengly pwd=/home/amhengly ===
[WARNING]: Could not match supplied host pattern, ignoring: application

PLAY [Backup database] *********************************************************
skipping: no hosts matched

PLAY RECAP *********************************************************************

=== EXIT 0: 2025-12-16T14:24:02Z ===
=== RUN START: 2025-12-16T14:25:01Z user=amhengly pwd=/home/amhengly ===
[WARNING]: Could not match supplied host pattern, ignoring: application

PLAY [Backup database] *********************************************************
skipping: no hosts matched

PLAY RECAP *********************************************************************

=== EXIT 0: 2025-12-16T14:25:03Z ===
=== RUN START: 2025-12-16T14:26:01Z user=amhengly pwd=/home/amhengly ===
[WARNING]: Could not match supplied host pattern, ignoring: application

PLAY [Backup database] *********************************************************
skipping: no hosts matched

PLAY RECAP *********************************************************************

=== EXIT 0: 2025-12-16T14:26:03Z ===
=== RUN START: 2025-12-16T14:27:01Z user=amhengly pwd=/home/amhengly ===
[WARNING]: Could not match supplied host pattern, ignoring: application

PLAY [Backup database] *********************************************************
skipping: no hosts matched

PLAY RECAP *********************************************************************

=== EXIT 0: 2025-12-16T14:27:02Z ===
=== RUN START: 2025-12-16T14:28:02Z user=amhengly pwd=/home/amhengly ===
[WARNING]: Could not match supplied host pattern, ignoring: application

PLAY [Backup database] *********************************************************
skipping: no hosts matched

PLAY RECAP *********************************************************************

=== EXIT 0: 2025-12-16T14:28:03Z ===
=== RUN START: 2025-12-16T14:29:01Z user=amhengly pwd=/home/amhengly ===
[WARNING]: Could not match supplied host pattern, ignoring: application

PLAY [Backup database] *********************************************************
skipping: no hosts matched

PLAY RECAP *********************************************************************

=== EXIT 0: 2025-12-16T14:29:03Z ===
=== RUN START: 2025-12-16T14:30:01Z user=amhengly pwd=/home/amhengly ===
[WARNING]: Could not match supplied host pattern, ignoring: application

PLAY [Backup database] *********************************************************
skipping: no hosts matched

PLAY RECAP *********************************************************************

=== EXIT 0: 2025-12-16T14:30:03Z ===
=== RUN START: 2025-12-16T14:31:01Z user=amhengly pwd=/home/amhengly ===
[WARNING]: Could not match supplied host pattern, ignoring: application

PLAY [Backup database] *********************************************************
skipping: no hosts matched

PLAY RECAP *********************************************************************

=== EXIT 0: 2025-12-16T14:31:03Z ===
=== RUN START: 2025-12-16T14:32:01Z user=amhengly pwd=/home/amhengly ===
[WARNING]: Could not match supplied host pattern, ignoring: application

PLAY [Backup database] *********************************************************
skipping: no hosts matched

PLAY RECAP *********************************************************************

=== EXIT 0: 2025-12-16T14:32:02Z ===
=== RUN START: 2025-12-16T14:33:01Z user=amhengly pwd=/home/amhengly ===
[WARNING]: Could not match supplied host pattern, ignoring: application

PLAY [Backup database] *********************************************************
skipping: no hosts matched

PLAY RECAP *********************************************************************

=== EXIT 0: 2025-12-16T14:33:03Z ===
=== RUN START: 2025-12-16T14:34:01Z user=amhengly pwd=/home/amhengly ===
[WARNING]: Could not match supplied host pattern, ignoring: application

PLAY [Backup database] *********************************************************
skipping: no hosts matched

PLAY RECAP *********************************************************************

=== EXIT 0: 2025-12-16T14:34:03Z ===
=== RUN START: 2025-12-16T14:35:01Z user=amhengly pwd=/home/amhengly ===
[WARNING]: Could not match supplied host pattern, ignoring: application

PLAY [Backup database] *********************************************************
skipping: no hosts matched

PLAY RECAP *********************************************************************

=== EXIT 0: 2025-12-16T14:35:03Z ===
=== RUN START: 2025-12-16T14:36:01Z user=amhengly pwd=/home/amhengly ===
[WARNING]: Could not match supplied host pattern, ignoring: application

PLAY [Backup database] *********************************************************
skipping: no hosts matched

PLAY RECAP *********************************************************************

=== EXIT 0: 2025-12-16T14:36:02Z ===
=== RUN START: 2025-12-16T14:37:02Z user=amhengly pwd=/home/amhengly ===
[WARNING]: Could not match supplied host pattern, ignoring: application

PLAY [Backup database] *********************************************************
skipping: no hosts matched

PLAY RECAP *********************************************************************

=== EXIT 0: 2025-12-16T14:37:03Z ===
=== RUN START: 2025-12-16T14:38:01Z user=amhengly pwd=/home/amhengly ===
[WARNING]: Could not match supplied host pattern, ignoring: application

PLAY [Backup database] *********************************************************
skipping: no hosts matched

PLAY RECAP *********************************************************************

=== EXIT 0: 2025-12-16T14:38:03Z ===
=== RUN START: 2025-12-16T14:39:01Z user=amhengly pwd=/home/amhengly ===
[WARNING]: Could not match supplied host pattern, ignoring: application

PLAY [Backup database] *********************************************************
skipping: no hosts matched

PLAY RECAP *********************************************************************

=== EXIT 0: 2025-12-16T14:39:03Z ===
=== RUN START: 2025-12-16T14:40:01Z user=amhengly pwd=/home/amhengly ===
[WARNING]: Could not match supplied host pattern, ignoring: application

PLAY [Backup database] *********************************************************
skipping: no hosts matched

PLAY RECAP *********************************************************************

=== EXIT 0: 2025-12-16T14:40:03Z ===
=== RUN START: 2025-12-16T14:41:01Z user=amhengly pwd=/home/amhengly ===
[WARNING]: Could not match supplied host pattern, ignoring: application

PLAY [Backup database] *********************************************************
skipping: no hosts matched

PLAY RECAP *********************************************************************

=== EXIT 0: 2025-12-16T14:41:03Z ===
=== RUN START: 2025-12-16T14:42:01Z user=amhengly pwd=/home/amhengly ===
[WARNING]: Could not match supplied host pattern, ignoring: application

PLAY [Backup database] *********************************************************
skipping: no hosts matched

PLAY RECAP *********************************************************************

=== EXIT 0: 2025-12-16T14:42:02Z ===
=== RUN START: 2025-12-16T14:43:02Z user=amhengly pwd=/home/amhengly ===
[WARNING]: Could not match supplied host pattern, ignoring: application

PLAY [Backup database] *********************************************************
skipping: no hosts matched

PLAY RECAP *********************************************************************

=== EXIT 0: 2025-12-16T14:43:03Z ===
=== RUN START: 2025-12-16T14:44:01Z user=amhengly pwd=/home/amhengly ===
[WARNING]: Could not match supplied host pattern, ignoring: application

PLAY [Backup database] *********************************************************
skipping: no hosts matched

PLAY RECAP *********************************************************************

=== EXIT 0: 2025-12-16T14:44:03Z ===
=== RUN START: 2025-12-16T14:45:01Z user=amhengly pwd=/home/amhengly ===
[WARNING]: Could not match supplied host pattern, ignoring: application

PLAY [Backup database] *********************************************************
skipping: no hosts matched

PLAY RECAP *********************************************************************

=== EXIT 0: 2025-12-16T14:45:03Z ===
=== RUN START: 2025-12-16T14:46:01Z user=amhengly pwd=/home/amhengly ===
[WARNING]: Could not match supplied host pattern, ignoring: application

PLAY [Backup database] *********************************************************
skipping: no hosts matched

PLAY RECAP *********************************************************************

=== EXIT 0: 2025-12-16T14:46:02Z ===
=== RUN START: 2025-12-16T14:47:01Z user=amhengly pwd=/home/amhengly ===
[WARNING]: Could not match supplied host pattern, ignoring: application

PLAY [Backup database] *********************************************************
skipping: no hosts matched

PLAY RECAP *********************************************************************

=== EXIT 0: 2025-12-16T14:47:03Z ===
=== RUN START: 2025-12-16T14:48:01Z user=amhengly pwd=/home/amhengly ===
[WARNING]: Could not match supplied host pattern, ignoring: application

PLAY [Backup database] *********************************************************
skipping: no hosts matched

PLAY RECAP *********************************************************************

=== EXIT 0: 2025-12-16T14:48:03Z ===
=== RUN START: 2025-12-16T14:49:01Z user=amhengly pwd=/home/amhengly ===
[WARNING]: Could not match supplied host pattern, ignoring: application

PLAY [Backup database] *********************************************************
skipping: no hosts matched

PLAY RECAP *********************************************************************

=== EXIT 0: 2025-12-16T14:49:02Z ===
=== RUN START: 2025-12-16T14:50:01Z user=amhengly pwd=/home/amhengly ===
[WARNING]: Could not match supplied host pattern, ignoring: application

PLAY [Backup database] *********************************************************
skipping: no hosts matched

PLAY RECAP *********************************************************************

=== EXIT 0: 2025-12-16T14:50:03Z ===
=== RUN START: 2025-12-16T14:51:01Z user=amhengly pwd=/home/amhengly ===
[WARNING]: Could not match supplied host pattern, ignoring: application

PLAY [Backup database] *********************************************************
skipping: no hosts matched

PLAY RECAP *********************************************************************

=== EXIT 0: 2025-12-16T14:51:03Z ===
=== RUN START: 2025-12-16T14:52:01Z user=amhengly pwd=/home/amhengly ===
[WARNING]: Could not match supplied host pattern, ignoring: application

PLAY [Backup database] *********************************************************
skipping: no hosts matched

PLAY RECAP *********************************************************************

=== EXIT 0: 2025-12-16T14:52:03Z ===
=== RUN START: 2025-12-16T14:53:01Z user=amhengly pwd=/home/amhengly ===
[WARNING]: Could not match supplied host pattern, ignoring: application

PLAY [Backup database] *********************************************************
skipping: no hosts matched

PLAY RECAP *********************************************************************

=== EXIT 0: 2025-12-16T14:53:03Z ===
=== RUN START: 2025-12-16T14:54:01Z user=amhengly pwd=/home/amhengly ===
[WARNING]: Could not match supplied host pattern, ignoring: application

PLAY [Backup database] *********************************************************
skipping: no hosts matched

PLAY RECAP *********************************************************************

=== EXIT 0: 2025-12-16T14:54:02Z ===
=== RUN START: 2025-12-16T14:55:01Z user=amhengly pwd=/home/amhengly ===
[WARNING]: Could not match supplied host pattern, ignoring: application

PLAY [Backup database] *********************************************************
skipping: no hosts matched

PLAY RECAP *********************************************************************

=== EXIT 0: 2025-12-16T14:55:03Z ===
=== RUN START: 2025-12-16T14:56:01Z user=amhengly pwd=/home/amhengly ===
[WARNING]: Could not match supplied host pattern, ignoring: application

PLAY [Backup database] *********************************************************
skipping: no hosts matched

PLAY RECAP *********************************************************************

=== EXIT 0: 2025-12-16T14:56:03Z ===
=== RUN START: 2025-12-16T14:57:01Z user=amhengly pwd=/home/amhengly ===
[WARNING]: Could not match supplied host pattern, ignoring: application

PLAY [Backup database] *********************************************************
skipping: no hosts matched

PLAY RECAP *********************************************************************

=== EXIT 0: 2025-12-16T14:57:02Z ===
=== RUN START: 2025-12-16T14:58:01Z user=amhengly pwd=/home/amhengly ===
[WARNING]: Could not match supplied host pattern, ignoring: application

PLAY [Backup database] *********************************************************
skipping: no hosts matched

PLAY RECAP *********************************************************************

=== EXIT 0: 2025-12-16T14:58:03Z ===
=== RUN START: 2025-12-16T14:59:01Z user=amhengly pwd=/home/amhengly ===
[WARNING]: Could not match supplied host pattern, ignoring: application

PLAY [Backup database] *********************************************************
skipping: no hosts matched

PLAY RECAP *********************************************************************

=== EXIT 0: 2025-12-16T14:59:03Z ===
=== RUN START: 2025-12-16T15:00:01Z user=amhengly pwd=/home/amhengly ===
[WARNING]: Could not match supplied host pattern, ignoring: application

PLAY [Backup database] *********************************************************
skipping: no hosts matched

PLAY RECAP *********************************************************************

=== EXIT 0: 2025-12-16T15:00:03Z ===
=== RUN START: 2025-12-16T15:01:01Z user=amhengly pwd=/home/amhengly ===
[WARNING]: Could not match supplied host pattern, ignoring: application

PLAY [Backup database] *********************************************************
skipping: no hosts matched

PLAY RECAP *********************************************************************

=== EXIT 0: 2025-12-16T15:01:03Z ===
=== RUN START: 2025-12-16T15:02:01Z user=amhengly pwd=/home/amhengly ===
[WARNING]: Could not match supplied host pattern, ignoring: application

PLAY [Backup database] *********************************************************
skipping: no hosts matched

PLAY RECAP *********************************************************************

=== EXIT 0: 2025-12-16T15:02:03Z ===
=== RUN START: 2025-12-16T15:03:01Z user=amhengly pwd=/home/amhengly ===
[WARNING]: Could not match supplied host pattern, ignoring: application

PLAY [Backup database] *********************************************************
skipping: no hosts matched

PLAY RECAP *********************************************************************

=== EXIT 0: 2025-12-16T15:03:02Z ===
=== RUN START: 2025-12-16T15:04:01Z user=amhengly pwd=/home/amhengly ===
[WARNING]: Could not match supplied host pattern, ignoring: application

PLAY [Backup database] *********************************************************
skipping: no hosts matched

PLAY RECAP *********************************************************************

=== EXIT 0: 2025-12-16T15:04:03Z ===
=== RUN START: 2025-12-16T15:05:01Z user=amhengly pwd=/home/amhengly ===
[WARNING]: Could not match supplied host pattern, ignoring: application

PLAY [Backup database] *********************************************************
skipping: no hosts matched

PLAY RECAP *********************************************************************

=== EXIT 0: 2025-12-16T15:05:03Z ===
=== RUN START: 2025-12-16T15:06:01Z user=amhengly pwd=/home/amhengly ===
[WARNING]: Could not match supplied host pattern, ignoring: application

PLAY [Backup database] *********************************************************
skipping: no hosts matched

PLAY RECAP *********************************************************************

=== EXIT 0: 2025-12-16T15:06:03Z ===
=== RUN START: 2025-12-16T15:07:01Z user=amhengly pwd=/home/amhengly ===
[WARNING]: Could not match supplied host pattern, ignoring: application

PLAY [Backup database] *********************************************************
skipping: no hosts matched

PLAY RECAP *********************************************************************

=== EXIT 0: 2025-12-16T15:07:03Z ===
=== RUN START: 2025-12-16T15:08:01Z user=amhengly pwd=/home/amhengly ===
[WARNING]: Could not match supplied host pattern, ignoring: application

PLAY [Backup database] *********************************************************
skipping: no hosts matched

PLAY RECAP *********************************************************************

=== EXIT 0: 2025-12-16T15:08:02Z ===
=== RUN START: 2025-12-16T15:09:01Z user=amhengly pwd=/home/amhengly ===
[WARNING]: Could not match supplied host pattern, ignoring: application

PLAY [Backup database] *********************************************************
skipping: no hosts matched

PLAY RECAP *********************************************************************

=== EXIT 0: 2025-12-16T15:09:03Z ===
=== RUN START: 2025-12-16T15:10:01Z user=amhengly pwd=/home/amhengly ===
[WARNING]: Could not match supplied host pattern, ignoring: application

PLAY [Backup database] *********************************************************
skipping: no hosts matched

PLAY RECAP *********************************************************************

=== EXIT 0: 2025-12-16T15:10:03Z ===
=== RUN START: 2025-12-16T15:11:01Z user=amhengly pwd=/home/amhengly ===
[WARNING]: Could not match supplied host pattern, ignoring: application

PLAY [Backup database] *********************************************************
skipping: no hosts matched

PLAY RECAP *********************************************************************

=== EXIT 0: 2025-12-16T15:11:03Z ===
=== RUN START: 2025-12-16T15:12:01Z user=amhengly pwd=/home/amhengly ===
[WARNING]: Could not match supplied host pattern, ignoring: application

PLAY [Backup database] *********************************************************
skipping: no hosts matched

PLAY RECAP *********************************************************************

=== EXIT 0: 2025-12-16T15:12:03Z ===
=== RUN START: 2025-12-16T15:13:01Z user=amhengly pwd=/home/amhengly ===
[WARNING]: Could not match supplied host pattern, ignoring: application

PLAY [Backup database] *********************************************************
skipping: no hosts matched

PLAY RECAP *********************************************************************

=== EXIT 0: 2025-12-16T15:13:03Z ===
=== RUN START: 2025-12-16T15:14:01Z user=amhengly pwd=/home/amhengly ===
[WARNING]: Could not match supplied host pattern, ignoring: application

PLAY [Backup database] *********************************************************
skipping: no hosts matched

PLAY RECAP *********************************************************************

=== EXIT 0: 2025-12-16T15:14:03Z ===
=== RUN START: 2025-12-16T15:15:01Z user=amhengly pwd=/home/amhengly ===
[WARNING]: Could not match supplied host pattern, ignoring: application

PLAY [Backup database] *********************************************************
skipping: no hosts matched

PLAY RECAP *********************************************************************

=== EXIT 0: 2025-12-16T15:15:03Z ===
=== RUN START: 2025-12-16T15:16:01Z user=amhengly pwd=/home/amhengly ===
[WARNING]: Could not match supplied host pattern, ignoring: application

PLAY [Backup database] *********************************************************
skipping: no hosts matched

PLAY RECAP *********************************************************************

=== EXIT 0: 2025-12-16T15:16:03Z ===
=== RUN START: 2025-12-16T15:17:01Z user=amhengly pwd=/home/amhengly ===
[WARNING]: Could not match supplied host pattern, ignoring: application

PLAY [Backup database] *********************************************************
skipping: no hosts matched

PLAY RECAP *********************************************************************

=== EXIT 0: 2025-12-16T15:17:02Z ===
=== RUN START: 2025-12-16T15:18:01Z user=amhengly pwd=/home/amhengly ===
[WARNING]: Could not match supplied host pattern, ignoring: application

PLAY [Backup database] *********************************************************
skipping: no hosts matched

PLAY RECAP *********************************************************************

=== EXIT 0: 2025-12-16T15:18:03Z ===
=== RUN START: 2025-12-16T15:19:01Z user=amhengly pwd=/home/amhengly ===
[WARNING]: Could not match supplied host pattern, ignoring: application

PLAY [Backup database] *********************************************************
skipping: no hosts matched

PLAY RECAP *********************************************************************

=== EXIT 0: 2025-12-16T15:19:03Z ===
=== RUN START: 2025-12-16T15:20:01Z user=amhengly pwd=/home/amhengly ===
[WARNING]: Could not match supplied host pattern, ignoring: application

PLAY [Backup database] *********************************************************
skipping: no hosts matched

PLAY RECAP *********************************************************************

=== EXIT 0: 2025-12-16T15:20:02Z ===
=== RUN START: 2025-12-16T15:21:01Z user=amhengly pwd=/home/amhengly ===
[WARNING]: Could not match supplied host pattern, ignoring: application

PLAY [Backup database] *********************************************************
skipping: no hosts matched

PLAY RECAP *********************************************************************

=== EXIT 0: 2025-12-16T15:21:03Z ===
=== RUN START: 2025-12-16T15:22:01Z user=amhengly pwd=/home/amhengly ===
[WARNING]: Could not match supplied host pattern, ignoring: application

PLAY [Backup database] *********************************************************
skipping: no hosts matched

PLAY RECAP *********************************************************************

=== EXIT 0: 2025-12-16T15:22:03Z ===
=== RUN START: 2025-12-16T15:23:01Z user=amhengly pwd=/home/amhengly ===
[WARNING]: Could not match supplied host pattern, ignoring: application

PLAY [Backup database] *********************************************************
skipping: no hosts matched

PLAY RECAP *********************************************************************

=== EXIT 0: 2025-12-16T15:23:02Z ===
=== RUN START: 2025-12-16T15:24:01Z user=amhengly pwd=/home/amhengly ===
[WARNING]: Could not match supplied host pattern, ignoring: application

PLAY [Backup database] *********************************************************
skipping: no hosts matched

PLAY RECAP *********************************************************************

=== EXIT 0: 2025-12-16T15:24:03Z ===
=== RUN START: 2025-12-16T15:25:01Z user=amhengly pwd=/home/amhengly ===
[WARNING]: Could not match supplied host pattern, ignoring: application

PLAY [Backup database] *********************************************************
skipping: no hosts matched

PLAY RECAP *********************************************************************

=== EXIT 0: 2025-12-16T15:25:03Z ===
=== RUN START: 2025-12-16T15:26:01Z user=amhengly pwd=/home/amhengly ===
[WARNING]: Could not match supplied host pattern, ignoring: application

PLAY [Backup database] *********************************************************
skipping: no hosts matched

PLAY RECAP *********************************************************************

=== EXIT 0: 2025-12-16T15:26:03Z ===
=== RUN START: 2025-12-16T15:27:01Z user=amhengly pwd=/home/amhengly ===
[WARNING]: Could not match supplied host pattern, ignoring: application

PLAY [Backup database] *********************************************************
skipping: no hosts matched

PLAY RECAP *********************************************************************

=== EXIT 0: 2025-12-16T15:27:02Z ===
=== RUN START: 2025-12-16T15:28:01Z user=amhengly pwd=/home/amhengly ===
[WARNING]: Could not match supplied host pattern, ignoring: application

PLAY [Backup database] *********************************************************
skipping: no hosts matched

PLAY RECAP *********************************************************************

=== EXIT 0: 2025-12-16T15:28:03Z ===
=== RUN START: 2025-12-16T15:29:01Z user=amhengly pwd=/home/amhengly ===
[WARNING]: Could not match supplied host pattern, ignoring: application

PLAY [Backup database] *********************************************************
skipping: no hosts matched

PLAY RECAP *********************************************************************

=== EXIT 0: 2025-12-16T15:29:03Z ===
=== RUN START: 2025-12-16T15:30:01Z user=amhengly pwd=/home/amhengly ===
[WARNING]: Could not match supplied host pattern, ignoring: application

PLAY [Backup database] *********************************************************
skipping: no hosts matched

PLAY RECAP *********************************************************************

=== EXIT 0: 2025-12-16T15:30:03Z ===
=== RUN START: 2025-12-16T15:31:01Z user=amhengly pwd=/home/amhengly ===
[WARNING]: Could not match supplied host pattern, ignoring: application

PLAY [Backup database] *********************************************************
skipping: no hosts matched

PLAY RECAP *********************************************************************

=== EXIT 0: 2025-12-16T15:31:03Z ===
=== RUN START: 2025-12-16T15:32:01Z user=amhengly pwd=/home/amhengly ===
[WARNING]: Could not match supplied host pattern, ignoring: application

PLAY [Backup database] *********************************************************
skipping: no hosts matched

PLAY RECAP *********************************************************************

=== EXIT 0: 2025-12-16T15:32:03Z ===
=== RUN START: 2025-12-16T15:33:01Z user=amhengly pwd=/home/amhengly ===
[WARNING]: Could not match supplied host pattern, ignoring: application

PLAY [Backup database] *********************************************************
skipping: no hosts matched

PLAY RECAP *********************************************************************

=== EXIT 0: 2025-12-16T15:33:02Z ===
=== RUN START: 2025-12-16T15:34:01Z user=amhengly pwd=/home/amhengly ===
[WARNING]: Could not match supplied host pattern, ignoring: application

PLAY [Backup database] *********************************************************
skipping: no hosts matched

PLAY RECAP *********************************************************************

=== EXIT 0: 2025-12-16T15:34:03Z ===
=== RUN START: 2025-12-16T15:35:01Z user=amhengly pwd=/home/amhengly ===
[WARNING]: Could not match supplied host pattern, ignoring: application

PLAY [Backup database] *********************************************************
skipping: no hosts matched

PLAY RECAP *********************************************************************

=== EXIT 0: 2025-12-16T15:35:03Z ===
=== RUN START: 2025-12-16T15:36:01Z user=amhengly pwd=/home/amhengly ===
[WARNING]: Could not match supplied host pattern, ignoring: application

PLAY [Backup database] *********************************************************
skipping: no hosts matched

PLAY RECAP *********************************************************************

=== EXIT 0: 2025-12-16T15:36:02Z ===
=== RUN START: 2025-12-16T15:37:02Z user=amhengly pwd=/home/amhengly ===
[WARNING]: Could not match supplied host pattern, ignoring: application

PLAY [Backup database] *********************************************************
skipping: no hosts matched

PLAY RECAP *********************************************************************

=== EXIT 0: 2025-12-16T15:37:03Z ===
=== RUN START: 2025-12-16T15:38:01Z user=amhengly pwd=/home/amhengly ===
[WARNING]: Could not match supplied host pattern, ignoring: application

PLAY [Backup database] *********************************************************
skipping: no hosts matched

PLAY RECAP *********************************************************************

=== EXIT 0: 2025-12-16T15:38:03Z ===
=== RUN START: 2025-12-16T15:39:01Z user=amhengly pwd=/home/amhengly ===
[WARNING]: Could not match supplied host pattern, ignoring: application

PLAY [Backup database] *********************************************************
skipping: no hosts matched

PLAY RECAP *********************************************************************

=== EXIT 0: 2025-12-16T15:39:03Z ===
=== RUN START: 2025-12-16T15:40:01Z user=amhengly pwd=/home/amhengly ===
[WARNING]: Could not match supplied host pattern, ignoring: application

PLAY [Backup database] *********************************************************
skipping: no hosts matched

PLAY RECAP *********************************************************************

=== EXIT 0: 2025-12-16T15:40:03Z ===
=== RUN START: 2025-12-16T15:41:01Z user=amhengly pwd=/home/amhengly ===
[WARNING]: Could not match supplied host pattern, ignoring: application

PLAY [Backup database] *********************************************************
skipping: no hosts matched

PLAY RECAP *********************************************************************

=== EXIT 0: 2025-12-16T15:41:02Z ===
=== RUN START: 2025-12-16T15:42:01Z user=amhengly pwd=/home/amhengly ===
[WARNING]: Could not match supplied host pattern, ignoring: application

PLAY [Backup database] *********************************************************
skipping: no hosts matched

PLAY RECAP *********************************************************************

=== EXIT 0: 2025-12-16T15:42:03Z ===
=== RUN START: 2025-12-16T15:43:01Z user=amhengly pwd=/home/amhengly ===
[WARNING]: Could not match supplied host pattern, ignoring: application

PLAY [Backup database] *********************************************************
skipping: no hosts matched

PLAY RECAP *********************************************************************

=== EXIT 0: 2025-12-16T15:43:03Z ===
=== RUN START: 2025-12-16T15:44:01Z user=amhengly pwd=/home/amhengly ===
[WARNING]: Could not match supplied host pattern, ignoring: application

PLAY [Backup database] *********************************************************
skipping: no hosts matched

PLAY RECAP *********************************************************************

=== EXIT 0: 2025-12-16T15:44:03Z ===
=== RUN START: 2025-12-16T15:45:01Z user=amhengly pwd=/home/amhengly ===
[WARNING]: Could not match supplied host pattern, ignoring: application

PLAY [Backup database] *********************************************************
skipping: no hosts matched

PLAY RECAP *********************************************************************

=== EXIT 0: 2025-12-16T15:45:02Z ===
=== RUN START: 2025-12-16T15:46:01Z user=amhengly pwd=/home/amhengly ===
[WARNING]: Could not match supplied host pattern, ignoring: application

PLAY [Backup database] *********************************************************
skipping: no hosts matched

PLAY RECAP *********************************************************************

=== EXIT 0: 2025-12-16T15:46:03Z ===
=== RUN START: 2025-12-16T15:47:01Z user=amhengly pwd=/home/amhengly ===
[WARNING]: Could not match supplied host pattern, ignoring: application

PLAY [Backup database] *********************************************************
skipping: no hosts matched

PLAY RECAP *********************************************************************

=== EXIT 0: 2025-12-16T15:47:03Z ===
=== RUN START: 2025-12-16T15:48:01Z user=amhengly pwd=/home/amhengly ===
[WARNING]: Could not match supplied host pattern, ignoring: application

PLAY [Backup database] *********************************************************
skipping: no hosts matched

PLAY RECAP *********************************************************************

=== EXIT 0: 2025-12-16T15:48:02Z ===
=== RUN START: 2025-12-16T15:49:01Z user=amhengly pwd=/home/amhengly ===
[WARNING]: Could not match supplied host pattern, ignoring: application

PLAY [Backup database] *********************************************************
skipping: no hosts matched

PLAY RECAP *********************************************************************

=== EXIT 0: 2025-12-16T15:49:03Z ===
=== RUN START: 2025-12-16T15:50:01Z user=amhengly pwd=/home/amhengly ===
[WARNING]: Could not match supplied host pattern, ignoring: application

PLAY [Backup database] *********************************************************
skipping: no hosts matched

PLAY RECAP *********************************************************************

=== EXIT 0: 2025-12-16T15:50:03Z ===
=== RUN START: 2025-12-16T15:51:01Z user=amhengly pwd=/home/amhengly ===
[WARNING]: Could not match supplied host pattern, ignoring: application

PLAY [Backup database] *********************************************************
skipping: no hosts matched

PLAY RECAP *********************************************************************

=== EXIT 0: 2025-12-16T15:51:03Z ===
=== RUN START: 2025-12-16T15:52:01Z user=amhengly pwd=/home/amhengly ===
[WARNING]: Could not match supplied host pattern, ignoring: application

PLAY [Backup database] *********************************************************
skipping: no hosts matched

PLAY RECAP *********************************************************************

=== EXIT 0: 2025-12-16T15:52:02Z ===
=== RUN START: 2025-12-16T15:53:01Z user=amhengly pwd=/home/amhengly ===
[WARNING]: Could not match supplied host pattern, ignoring: application

PLAY [Backup database] *********************************************************
skipping: no hosts matched

PLAY RECAP *********************************************************************

=== EXIT 0: 2025-12-16T15:53:03Z ===
=== RUN START: 2025-12-16T15:54:01Z user=amhengly pwd=/home/amhengly ===
[WARNING]: Could not match supplied host pattern, ignoring: application

PLAY [Backup database] *********************************************************
skipping: no hosts matched

PLAY RECAP *********************************************************************

=== EXIT 0: 2025-12-16T15:54:03Z ===
=== RUN START: 2025-12-16T15:55:01Z user=amhengly pwd=/home/amhengly ===
[WARNING]: Could not match supplied host pattern, ignoring: application

PLAY [Backup database] *********************************************************
skipping: no hosts matched

PLAY RECAP *********************************************************************

=== EXIT 0: 2025-12-16T15:55:03Z ===
=== RUN START: 2025-12-16T15:56:01Z user=amhengly pwd=/home/amhengly ===
[WARNING]: Could not match supplied host pattern, ignoring: application

PLAY [Backup database] *********************************************************
skipping: no hosts matched

PLAY RECAP *********************************************************************

=== EXIT 0: 2025-12-16T15:56:02Z ===
=== RUN START: 2025-12-16T15:57:02Z user=amhengly pwd=/home/amhengly ===
[WARNING]: Could not match supplied host pattern, ignoring: application

PLAY [Backup database] *********************************************************
skipping: no hosts matched

PLAY RECAP *********************************************************************

=== EXIT 0: 2025-12-16T15:57:03Z ===
=== RUN START: 2025-12-16T15:58:01Z user=amhengly pwd=/home/amhengly ===
[WARNING]: Could not match supplied host pattern, ignoring: application

PLAY [Backup database] *********************************************************
skipping: no hosts matched

PLAY RECAP *********************************************************************

=== EXIT 0: 2025-12-16T15:58:03Z ===
=== RUN START: 2025-12-16T15:59:01Z user=amhengly pwd=/home/amhengly ===
[WARNING]: Could not match supplied host pattern, ignoring: application

PLAY [Backup database] *********************************************************
skipping: no hosts matched

PLAY RECAP *********************************************************************

=== EXIT 0: 2025-12-16T15:59:03Z ===
=== RUN START: 2025-12-16T16:00:01Z user=amhengly pwd=/home/amhengly ===
[WARNING]: Could not match supplied host pattern, ignoring: application

PLAY [Backup database] *********************************************************
skipping: no hosts matched

PLAY RECAP *********************************************************************

=== EXIT 0: 2025-12-16T16:00:03Z ===
=== RUN START: 2025-12-16T16:01:01Z user=amhengly pwd=/home/amhengly ===
[WARNING]: Could not match supplied host pattern, ignoring: application

PLAY [Backup database] *********************************************************
skipping: no hosts matched

PLAY RECAP *********************************************************************

=== EXIT 0: 2025-12-16T16:01:03Z ===
=== RUN START: 2025-12-16T16:02:01Z user=amhengly pwd=/home/amhengly ===
[WARNING]: Could not match supplied host pattern, ignoring: application

PLAY [Backup database] *********************************************************
skipping: no hosts matched

PLAY RECAP *********************************************************************

=== EXIT 0: 2025-12-16T16:02:03Z ===
=== RUN START: 2025-12-16T16:03:01Z user=amhengly pwd=/home/amhengly ===
[WARNING]: Could not match supplied host pattern, ignoring: application

PLAY [Backup database] *********************************************************
skipping: no hosts matched

PLAY RECAP *********************************************************************

=== EXIT 0: 2025-12-16T16:03:03Z ===
=== RUN START: 2025-12-16T16:04:01Z user=amhengly pwd=/home/amhengly ===
[WARNING]: Could not match supplied host pattern, ignoring: application

PLAY [Backup database] *********************************************************
skipping: no hosts matched

PLAY RECAP *********************************************************************

=== EXIT 0: 2025-12-16T16:04:03Z ===
=== RUN START: 2025-12-16T16:05:01Z user=amhengly pwd=/home/amhengly ===
[WARNING]: Could not match supplied host pattern, ignoring: application

PLAY [Backup database] *********************************************************
skipping: no hosts matched

PLAY RECAP *********************************************************************

=== EXIT 0: 2025-12-16T16:05:02Z ===
=== RUN START: 2025-12-16T16:06:01Z user=amhengly pwd=/home/amhengly ===
[WARNING]: Could not match supplied host pattern, ignoring: application

PLAY [Backup database] *********************************************************
skipping: no hosts matched

PLAY RECAP *********************************************************************

=== EXIT 0: 2025-12-16T16:06:03Z ===
=== RUN START: 2025-12-16T16:07:01Z user=amhengly pwd=/home/amhengly ===
[WARNING]: Could not match supplied host pattern, ignoring: application

PLAY [Backup database] *********************************************************
skipping: no hosts matched

PLAY RECAP *********************************************************************

=== EXIT 0: 2025-12-16T16:07:03Z ===
=== RUN START: 2025-12-16T16:08:01Z user=amhengly pwd=/home/amhengly ===
[WARNING]: Could not match supplied host pattern, ignoring: application

PLAY [Backup database] *********************************************************
skipping: no hosts matched

PLAY RECAP *********************************************************************

=== EXIT 0: 2025-12-16T16:08:03Z ===
=== RUN START: 2025-12-16T16:09:01Z user=amhengly pwd=/home/amhengly ===
[WARNING]: Could not match supplied host pattern, ignoring: application

PLAY [Backup database] *********************************************************
skipping: no hosts matched

PLAY RECAP *********************************************************************

=== EXIT 0: 2025-12-16T16:09:03Z ===
=== RUN START: 2025-12-16T16:10:01Z user=amhengly pwd=/home/amhengly ===
[WARNING]: Could not match supplied host pattern, ignoring: application

PLAY [Backup database] *********************************************************
skipping: no hosts matched

PLAY RECAP *********************************************************************

=== EXIT 0: 2025-12-16T16:10:02Z ===
=== RUN START: 2025-12-16T16:11:01Z user=amhengly pwd=/home/amhengly ===
[WARNING]: Could not match supplied host pattern, ignoring: application

PLAY [Backup database] *********************************************************
skipping: no hosts matched

PLAY RECAP *********************************************************************

=== EXIT 0: 2025-12-16T16:11:03Z ===
=== RUN START: 2025-12-16T16:12:01Z user=amhengly pwd=/home/amhengly ===
[WARNING]: Could not match supplied host pattern, ignoring: application

PLAY [Backup database] *********************************************************
skipping: no hosts matched

PLAY RECAP *********************************************************************

=== EXIT 0: 2025-12-16T16:12:03Z ===
=== RUN START: 2025-12-16T16:13:01Z user=amhengly pwd=/home/amhengly ===
[WARNING]: Could not match supplied host pattern, ignoring: application

PLAY [Backup database] *********************************************************
skipping: no hosts matched

PLAY RECAP *********************************************************************

=== EXIT 0: 2025-12-16T16:13:02Z ===
=== RUN START: 2025-12-16T16:14:01Z user=amhengly pwd=/home/amhengly ===
[WARNING]: Could not match supplied host pattern, ignoring: application

PLAY [Backup database] *********************************************************
skipping: no hosts matched

PLAY RECAP *********************************************************************

=== EXIT 0: 2025-12-16T16:14:03Z ===
=== RUN START: 2025-12-16T16:15:01Z user=amhengly pwd=/home/amhengly ===
[WARNING]: Could not match supplied host pattern, ignoring: application

PLAY [Backup database] *********************************************************
skipping: no hosts matched

PLAY RECAP *********************************************************************

=== EXIT 0: 2025-12-16T16:15:03Z ===
=== RUN START: 2025-12-16T16:16:01Z user=amhengly pwd=/home/amhengly ===
[WARNING]: Could not match supplied host pattern, ignoring: application

PLAY [Backup database] *********************************************************
skipping: no hosts matched

PLAY RECAP *********************************************************************

=== EXIT 0: 2025-12-16T16:16:03Z ===
=== RUN START: 2025-12-16T16:17:01Z user=amhengly pwd=/home/amhengly ===
[WARNING]: Could not match supplied host pattern, ignoring: application

PLAY [Backup database] *********************************************************
skipping: no hosts matched

PLAY RECAP *********************************************************************

=== EXIT 0: 2025-12-16T16:17:03Z ===
=== RUN START: 2025-12-16T16:18:01Z user=amhengly pwd=/home/amhengly ===
[WARNING]: Could not match supplied host pattern, ignoring: application

PLAY [Backup database] *********************************************************
skipping: no hosts matched

PLAY RECAP *********************************************************************

=== EXIT 0: 2025-12-16T16:18:02Z ===
=== RUN START: 2025-12-16T16:19:01Z user=amhengly pwd=/home/amhengly ===
[WARNING]: Could not match supplied host pattern, ignoring: application

PLAY [Backup database] *********************************************************
skipping: no hosts matched

PLAY RECAP *********************************************************************

=== EXIT 0: 2025-12-16T16:19:03Z ===
=== RUN START: 2025-12-16T16:20:01Z user=amhengly pwd=/home/amhengly ===
[WARNING]: Could not match supplied host pattern, ignoring: application

PLAY [Backup database] *********************************************************
skipping: no hosts matched

PLAY RECAP *********************************************************************

=== EXIT 0: 2025-12-16T16:20:03Z ===
=== RUN START: 2025-12-16T16:21:01Z user=amhengly pwd=/home/amhengly ===
[WARNING]: Could not match supplied host pattern, ignoring: application

PLAY [Backup database] *********************************************************
skipping: no hosts matched

PLAY RECAP *********************************************************************

=== EXIT 0: 2025-12-16T16:21:03Z ===
=== RUN START: 2025-12-16T16:22:01Z user=amhengly pwd=/home/amhengly ===
[WARNING]: Could not match supplied host pattern, ignoring: application

PLAY [Backup database] *********************************************************
skipping: no hosts matched

PLAY RECAP *********************************************************************

=== EXIT 0: 2025-12-16T16:22:03Z ===
=== RUN START: 2025-12-16T16:23:01Z user=amhengly pwd=/home/amhengly ===
[WARNING]: Could not match supplied host pattern, ignoring: application

PLAY [Backup database] *********************************************************
skipping: no hosts matched

PLAY RECAP *********************************************************************

=== EXIT 0: 2025-12-16T16:23:02Z ===
=== RUN START: 2025-12-16T16:24:01Z user=amhengly pwd=/home/amhengly ===
[WARNING]: Could not match supplied host pattern, ignoring: application

PLAY [Backup database] *********************************************************
skipping: no hosts matched

PLAY RECAP *********************************************************************

=== EXIT 0: 2025-12-16T16:24:03Z ===
=== RUN START: 2025-12-16T16:25:01Z user=amhengly pwd=/home/amhengly ===
[WARNING]: Could not match supplied host pattern, ignoring: application

PLAY [Backup database] *********************************************************
skipping: no hosts matched

PLAY RECAP *********************************************************************

=== EXIT 0: 2025-12-16T16:25:03Z ===
=== RUN START: 2025-12-16T16:26:01Z user=amhengly pwd=/home/amhengly ===
[WARNING]: Could not match supplied host pattern, ignoring: application

PLAY [Backup database] *********************************************************
skipping: no hosts matched

PLAY RECAP *********************************************************************

=== EXIT 0: 2025-12-16T16:26:03Z ===
=== RUN START: 2025-12-16T16:27:01Z user=amhengly pwd=/home/amhengly ===
[WARNING]: Could not match supplied host pattern, ignoring: application

PLAY [Backup database] *********************************************************
skipping: no hosts matched

PLAY RECAP *********************************************************************

=== EXIT 0: 2025-12-16T16:27:03Z ===
=== RUN START: 2025-12-16T16:28:01Z user=amhengly pwd=/home/amhengly ===
[WARNING]: Could not match supplied host pattern, ignoring: application

PLAY [Backup database] *********************************************************
skipping: no hosts matched

PLAY RECAP *********************************************************************

=== EXIT 0: 2025-12-16T16:28:03Z ===
=== RUN START: 2025-12-16T16:29:01Z user=amhengly pwd=/home/amhengly ===
[WARNING]: Could not match supplied host pattern, ignoring: application

PLAY [Backup database] *********************************************************
skipping: no hosts matched

PLAY RECAP *********************************************************************

=== EXIT 0: 2025-12-16T16:29:03Z ===
=== RUN START: 2025-12-16T16:30:01Z user=amhengly pwd=/home/amhengly ===
[WARNING]: Could not match supplied host pattern, ignoring: application

PLAY [Backup database] *********************************************************
skipping: no hosts matched

PLAY RECAP *********************************************************************

=== EXIT 0: 2025-12-16T16:30:02Z ===
=== RUN START: 2025-12-16T16:31:02Z user=amhengly pwd=/home/amhengly ===
[WARNING]: Could not match supplied host pattern, ignoring: application

PLAY [Backup database] *********************************************************
skipping: no hosts matched

PLAY RECAP *********************************************************************

=== EXIT 0: 2025-12-16T16:31:03Z ===
=== RUN START: 2025-12-16T16:32:01Z user=amhengly pwd=/home/amhengly ===
[WARNING]: Could not match supplied host pattern, ignoring: application

PLAY [Backup database] *********************************************************
skipping: no hosts matched

PLAY RECAP *********************************************************************

=== EXIT 0: 2025-12-16T16:32:03Z ===
=== RUN START: 2025-12-16T16:33:01Z user=amhengly pwd=/home/amhengly ===
[WARNING]: Could not match supplied host pattern, ignoring: application

PLAY [Backup database] *********************************************************
skipping: no hosts matched

PLAY RECAP *********************************************************************

=== EXIT 0: 2025-12-16T16:33:03Z ===
=== RUN START: 2025-12-16T16:34:01Z user=amhengly pwd=/home/amhengly ===
[WARNING]: Could not match supplied host pattern, ignoring: application

PLAY [Backup database] *********************************************************
skipping: no hosts matched

PLAY RECAP *********************************************************************

=== EXIT 0: 2025-12-16T16:34:03Z ===
=== RUN START: 2025-12-16T16:35:01Z user=amhengly pwd=/home/amhengly ===
[WARNING]: Could not match supplied host pattern, ignoring: application

PLAY [Backup database] *********************************************************
skipping: no hosts matched

PLAY RECAP *********************************************************************

=== EXIT 0: 2025-12-16T16:35:02Z ===
=== RUN START: 2025-12-16T16:36:01Z user=amhengly pwd=/home/amhengly ===
[WARNING]: Could not match supplied host pattern, ignoring: application

PLAY [Backup database] *********************************************************
skipping: no hosts matched

PLAY RECAP *********************************************************************

=== EXIT 0: 2025-12-16T16:36:03Z ===
=== RUN START: 2025-12-16T16:37:01Z user=amhengly pwd=/home/amhengly ===
[WARNING]: Could not match supplied host pattern, ignoring: application

PLAY [Backup database] *********************************************************
skipping: no hosts matched

PLAY RECAP *********************************************************************

=== EXIT 0: 2025-12-16T16:37:03Z ===
=== RUN START: 2025-12-16T16:38:01Z user=amhengly pwd=/home/amhengly ===
[WARNING]: Could not match supplied host pattern, ignoring: application

PLAY [Backup database] *********************************************************
skipping: no hosts matched

PLAY RECAP *********************************************************************

=== EXIT 0: 2025-12-16T16:38:03Z ===
=== RUN START: 2025-12-16T16:39:01Z user=amhengly pwd=/home/amhengly ===
[WARNING]: Could not match supplied host pattern, ignoring: application

PLAY [Backup database] *********************************************************
skipping: no hosts matched

PLAY RECAP *********************************************************************

=== EXIT 0: 2025-12-16T16:39:02Z ===
=== RUN START: 2025-12-16T16:40:01Z user=amhengly pwd=/home/amhengly ===
[WARNING]: Could not match supplied host pattern, ignoring: application

PLAY [Backup database] *********************************************************
skipping: no hosts matched

PLAY RECAP *********************************************************************

=== EXIT 0: 2025-12-16T16:40:03Z ===
=== RUN START: 2025-12-16T16:41:01Z user=amhengly pwd=/home/amhengly ===
[WARNING]: Could not match supplied host pattern, ignoring: application

PLAY [Backup database] *********************************************************
skipping: no hosts matched

PLAY RECAP *********************************************************************

=== EXIT 0: 2025-12-16T16:41:03Z ===
=== RUN START: 2025-12-16T16:42:01Z user=amhengly pwd=/home/amhengly ===
[WARNING]: Could not match supplied host pattern, ignoring: application

PLAY [Backup database] *********************************************************
skipping: no hosts matched

PLAY RECAP *********************************************************************

=== EXIT 0: 2025-12-16T16:42:03Z ===
=== RUN START: 2025-12-16T16:43:01Z user=amhengly pwd=/home/amhengly ===
[WARNING]: Could not match supplied host pattern, ignoring: application

PLAY [Backup database] *********************************************************
skipping: no hosts matched

PLAY RECAP *********************************************************************

=== EXIT 0: 2025-12-16T16:43:03Z ===
=== RUN START: 2025-12-16T16:44:01Z user=amhengly pwd=/home/amhengly ===
[WARNING]: Could not match supplied host pattern, ignoring: application

PLAY [Backup database] *********************************************************
skipping: no hosts matched

PLAY RECAP *********************************************************************

=== EXIT 0: 2025-12-16T16:44:03Z ===
=== RUN START: 2025-12-16T16:45:01Z user=amhengly pwd=/home/amhengly ===
[WARNING]: Could not match supplied host pattern, ignoring: application

PLAY [Backup database] *********************************************************
skipping: no hosts matched

PLAY RECAP *********************************************************************

=== EXIT 0: 2025-12-16T16:45:03Z ===
=== RUN START: 2025-12-16T16:46:01Z user=amhengly pwd=/home/amhengly ===
[WARNING]: Could not match supplied host pattern, ignoring: application

PLAY [Backup database] *********************************************************
skipping: no hosts matched

PLAY RECAP *********************************************************************

=== EXIT 0: 2025-12-16T16:46:02Z ===
=== RUN START: 2025-12-16T16:47:01Z user=amhengly pwd=/home/amhengly ===
[WARNING]: Could not match supplied host pattern, ignoring: application

PLAY [Backup database] *********************************************************
skipping: no hosts matched

PLAY RECAP *********************************************************************

=== EXIT 0: 2025-12-16T16:47:03Z ===
=== RUN START: 2025-12-16T16:48:01Z user=amhengly pwd=/home/amhengly ===
[WARNING]: Could not match supplied host pattern, ignoring: application

PLAY [Backup database] *********************************************************
skipping: no hosts matched

PLAY RECAP *********************************************************************

=== EXIT 0: 2025-12-16T16:48:03Z ===
=== RUN START: 2025-12-16T16:49:01Z user=amhengly pwd=/home/amhengly ===
[WARNING]: Could not match supplied host pattern, ignoring: application

PLAY [Backup database] *********************************************************
skipping: no hosts matched

PLAY RECAP *********************************************************************

=== EXIT 0: 2025-12-16T16:49:03Z ===
=== RUN START: 2025-12-16T16:50:01Z user=amhengly pwd=/home/amhengly ===
[WARNING]: Could not match supplied host pattern, ignoring: application

PLAY [Backup database] *********************************************************
skipping: no hosts matched

PLAY RECAP *********************************************************************

=== EXIT 0: 2025-12-16T16:50:03Z ===
=== RUN START: 2025-12-16T16:51:01Z user=amhengly pwd=/home/amhengly ===
[WARNING]: Could not match supplied host pattern, ignoring: application

PLAY [Backup database] *********************************************************
skipping: no hosts matched

PLAY RECAP *********************************************************************

=== EXIT 0: 2025-12-16T16:51:03Z ===
=== RUN START: 2025-12-16T16:52:01Z user=amhengly pwd=/home/amhengly ===
[WARNING]: Could not match supplied host pattern, ignoring: application

PLAY [Backup database] *********************************************************
skipping: no hosts matched

PLAY RECAP *********************************************************************

=== EXIT 0: 2025-12-16T16:52:02Z ===
=== RUN START: 2025-12-16T16:53:01Z user=amhengly pwd=/home/amhengly ===
[WARNING]: Could not match supplied host pattern, ignoring: application

PLAY [Backup database] *********************************************************
skipping: no hosts matched

PLAY RECAP *********************************************************************

=== EXIT 0: 2025-12-16T16:53:03Z ===
=== RUN START: 2025-12-16T16:54:01Z user=amhengly pwd=/home/amhengly ===
[WARNING]: Could not match supplied host pattern, ignoring: application

PLAY [Backup database] *********************************************************
skipping: no hosts matched

PLAY RECAP *********************************************************************

=== EXIT 0: 2025-12-16T16:54:03Z ===
=== RUN START: 2025-12-16T16:55:01Z user=amhengly pwd=/home/amhengly ===
[WARNING]: Could not match supplied host pattern, ignoring: application

PLAY [Backup database] *********************************************************
skipping: no hosts matched

PLAY RECAP *********************************************************************

=== EXIT 0: 2025-12-16T16:55:03Z ===
=== RUN START: 2025-12-16T16:56:01Z user=amhengly pwd=/home/amhengly ===
[WARNING]: Could not match supplied host pattern, ignoring: application

PLAY [Backup database] *********************************************************
skipping: no hosts matched

PLAY RECAP *********************************************************************

=== EXIT 0: 2025-12-16T16:56:03Z ===
=== RUN START: 2025-12-16T16:57:01Z user=amhengly pwd=/home/amhengly ===
[WARNING]: Could not match supplied host pattern, ignoring: application

PLAY [Backup database] *********************************************************
skipping: no hosts matched

PLAY RECAP *********************************************************************

=== EXIT 0: 2025-12-16T16:57:02Z ===
=== RUN START: 2025-12-16T16:58:01Z user=amhengly pwd=/home/amhengly ===
[WARNING]: Could not match supplied host pattern, ignoring: application

PLAY [Backup database] *********************************************************
skipping: no hosts matched

PLAY RECAP *********************************************************************

=== EXIT 0: 2025-12-16T16:58:03Z ===
=== RUN START: 2025-12-16T16:59:01Z user=amhengly pwd=/home/amhengly ===
[WARNING]: Could not match supplied host pattern, ignoring: application

PLAY [Backup database] *********************************************************
skipping: no hosts matched

PLAY RECAP *********************************************************************

=== EXIT 0: 2025-12-16T16:59:03Z ===
=== RUN START: 2025-12-16T17:00:01Z user=amhengly pwd=/home/amhengly ===
[WARNING]: Could not match supplied host pattern, ignoring: application

PLAY [Backup database] *********************************************************
skipping: no hosts matched

PLAY RECAP *********************************************************************

=== EXIT 0: 2025-12-16T17:00:03Z ===
=== RUN START: 2025-12-16T17:01:01Z user=amhengly pwd=/home/amhengly ===
[WARNING]: Could not match supplied host pattern, ignoring: application

PLAY [Backup database] *********************************************************
skipping: no hosts matched

PLAY RECAP *********************************************************************

=== EXIT 0: 2025-12-16T17:01:02Z ===
=== RUN START: 2025-12-16T17:02:01Z user=amhengly pwd=/home/amhengly ===
[WARNING]: Could not match supplied host pattern, ignoring: application

PLAY [Backup database] *********************************************************
skipping: no hosts matched

PLAY RECAP *********************************************************************

=== EXIT 0: 2025-12-16T17:02:03Z ===
=== RUN START: 2025-12-16T17:03:01Z user=amhengly pwd=/home/amhengly ===
[WARNING]: Could not match supplied host pattern, ignoring: application

PLAY [Backup database] *********************************************************
skipping: no hosts matched

PLAY RECAP *********************************************************************

=== EXIT 0: 2025-12-16T17:03:03Z ===
=== RUN START: 2025-12-16T17:04:01Z user=amhengly pwd=/home/amhengly ===
[WARNING]: Could not match supplied host pattern, ignoring: application

PLAY [Backup database] *********************************************************
skipping: no hosts matched

PLAY RECAP *********************************************************************

=== EXIT 0: 2025-12-16T17:04:02Z ===
=== RUN START: 2025-12-16T17:05:01Z user=amhengly pwd=/home/amhengly ===
[WARNING]: Could not match supplied host pattern, ignoring: application

PLAY [Backup database] *********************************************************
skipping: no hosts matched

PLAY RECAP *********************************************************************

=== EXIT 0: 2025-12-16T17:05:03Z ===
=== RUN START: 2025-12-16T17:06:01Z user=amhengly pwd=/home/amhengly ===
[WARNING]: Could not match supplied host pattern, ignoring: application

PLAY [Backup database] *********************************************************
skipping: no hosts matched

PLAY RECAP *********************************************************************

=== EXIT 0: 2025-12-16T17:06:03Z ===
=== RUN START: 2025-12-16T17:07:01Z user=amhengly pwd=/home/amhengly ===
[WARNING]: Could not match supplied host pattern, ignoring: application

PLAY [Backup database] *********************************************************
skipping: no hosts matched

PLAY RECAP *********************************************************************

=== EXIT 0: 2025-12-16T17:07:03Z ===
=== RUN START: 2025-12-16T17:08:01Z user=amhengly pwd=/home/amhengly ===
[WARNING]: Could not match supplied host pattern, ignoring: application

PLAY [Backup database] *********************************************************
skipping: no hosts matched

PLAY RECAP *********************************************************************

=== EXIT 0: 2025-12-16T17:08:02Z ===
=== RUN START: 2025-12-16T17:09:01Z user=amhengly pwd=/home/amhengly ===
[WARNING]: Could not match supplied host pattern, ignoring: application

PLAY [Backup database] *********************************************************
skipping: no hosts matched

PLAY RECAP *********************************************************************

=== EXIT 0: 2025-12-16T17:09:03Z ===
=== RUN START: 2025-12-16T17:10:01Z user=amhengly pwd=/home/amhengly ===
[WARNING]: Could not match supplied host pattern, ignoring: application

PLAY [Backup database] *********************************************************
skipping: no hosts matched

PLAY RECAP *********************************************************************

=== EXIT 0: 2025-12-16T17:10:03Z ===
=== RUN START: 2025-12-16T17:11:01Z user=amhengly pwd=/home/amhengly ===
[WARNING]: Could not match supplied host pattern, ignoring: application

PLAY [Backup database] *********************************************************
skipping: no hosts matched

PLAY RECAP *********************************************************************

=== EXIT 0: 2025-12-16T17:11:03Z ===
=== RUN START: 2025-12-16T17:12:01Z user=amhengly pwd=/home/amhengly ===
[WARNING]: Could not match supplied host pattern, ignoring: application

PLAY [Backup database] *********************************************************
skipping: no hosts matched

PLAY RECAP *********************************************************************

=== EXIT 0: 2025-12-16T17:12:03Z ===
=== RUN START: 2025-12-16T17:13:01Z user=amhengly pwd=/home/amhengly ===
[WARNING]: Could not match supplied host pattern, ignoring: application

PLAY [Backup database] *********************************************************
skipping: no hosts matched

PLAY RECAP *********************************************************************

=== EXIT 0: 2025-12-16T17:13:03Z ===
=== RUN START: 2025-12-16T17:14:01Z user=amhengly pwd=/home/amhengly ===
[WARNING]: Could not match supplied host pattern, ignoring: application

PLAY [Backup database] *********************************************************
skipping: no hosts matched

PLAY RECAP *********************************************************************

=== EXIT 0: 2025-12-16T17:14:02Z ===
=== RUN START: 2025-12-16T17:15:01Z user=amhengly pwd=/home/amhengly ===
[WARNING]: Could not match supplied host pattern, ignoring: application

PLAY [Backup database] *********************************************************
skipping: no hosts matched

PLAY RECAP *********************************************************************

=== EXIT 0: 2025-12-16T17:15:03Z ===
=== RUN START: 2025-12-16T17:16:01Z user=amhengly pwd=/home/amhengly ===
[WARNING]: Could not match supplied host pattern, ignoring: application

PLAY [Backup database] *********************************************************
skipping: no hosts matched

PLAY RECAP *********************************************************************

=== EXIT 0: 2025-12-16T17:16:03Z ===
=== RUN START: 2025-12-16T17:17:01Z user=amhengly pwd=/home/amhengly ===
[WARNING]: Could not match supplied host pattern, ignoring: application

PLAY [Backup database] *********************************************************
skipping: no hosts matched

PLAY RECAP *********************************************************************

=== EXIT 0: 2025-12-16T17:17:03Z ===
=== RUN START: 2025-12-16T17:18:01Z user=amhengly pwd=/home/amhengly ===
[WARNING]: Could not match supplied host pattern, ignoring: application

PLAY [Backup database] *********************************************************
skipping: no hosts matched

PLAY RECAP *********************************************************************

=== EXIT 0: 2025-12-16T17:18:03Z ===
=== RUN START: 2025-12-16T17:19:01Z user=amhengly pwd=/home/amhengly ===
[WARNING]: Could not match supplied host pattern, ignoring: application

PLAY [Backup database] *********************************************************
skipping: no hosts matched

PLAY RECAP *********************************************************************

=== EXIT 0: 2025-12-16T17:19:02Z ===
=== RUN START: 2025-12-16T17:20:01Z user=amhengly pwd=/home/amhengly ===
[WARNING]: Could not match supplied host pattern, ignoring: application

PLAY [Backup database] *********************************************************
skipping: no hosts matched

PLAY RECAP *********************************************************************

=== EXIT 0: 2025-12-16T17:20:03Z ===
=== RUN START: 2025-12-16T17:21:01Z user=amhengly pwd=/home/amhengly ===
[WARNING]: Could not match supplied host pattern, ignoring: application

PLAY [Backup database] *********************************************************
skipping: no hosts matched

PLAY RECAP *********************************************************************

=== EXIT 0: 2025-12-16T17:21:03Z ===
=== RUN START: 2025-12-16T17:22:01Z user=amhengly pwd=/home/amhengly ===
[WARNING]: Could not match supplied host pattern, ignoring: application

PLAY [Backup database] *********************************************************
skipping: no hosts matched

PLAY RECAP *********************************************************************

=== EXIT 0: 2025-12-16T17:22:03Z ===
=== RUN START: 2025-12-16T17:23:01Z user=amhengly pwd=/home/amhengly ===
[WARNING]: Could not match supplied host pattern, ignoring: application

PLAY [Backup database] *********************************************************
skipping: no hosts matched

PLAY RECAP *********************************************************************

=== EXIT 0: 2025-12-16T17:23:03Z ===
=== RUN START: 2025-12-16T17:24:01Z user=amhengly pwd=/home/amhengly ===
[WARNING]: Could not match supplied host pattern, ignoring: application

PLAY [Backup database] *********************************************************
skipping: no hosts matched

PLAY RECAP *********************************************************************

=== EXIT 0: 2025-12-16T17:24:03Z ===
=== RUN START: 2025-12-16T17:25:01Z user=amhengly pwd=/home/amhengly ===
[WARNING]: Could not match supplied host pattern, ignoring: application

PLAY [Backup database] *********************************************************
skipping: no hosts matched

PLAY RECAP *********************************************************************

=== EXIT 0: 2025-12-16T17:25:03Z ===
=== RUN START: 2025-12-16T17:26:01Z user=amhengly pwd=/home/amhengly ===
[WARNING]: Could not match supplied host pattern, ignoring: application

PLAY [Backup database] *********************************************************
skipping: no hosts matched

PLAY RECAP *********************************************************************

=== EXIT 0: 2025-12-16T17:26:02Z ===
=== RUN START: 2025-12-16T17:27:01Z user=amhengly pwd=/home/amhengly ===
[WARNING]: Could not match supplied host pattern, ignoring: application

PLAY [Backup database] *********************************************************
skipping: no hosts matched

PLAY RECAP *********************************************************************

=== EXIT 0: 2025-12-16T17:27:03Z ===
=== RUN START: 2025-12-16T17:28:01Z user=amhengly pwd=/home/amhengly ===
[WARNING]: Could not match supplied host pattern, ignoring: application

PLAY [Backup database] *********************************************************
skipping: no hosts matched

PLAY RECAP *********************************************************************

=== EXIT 0: 2025-12-16T17:28:03Z ===
=== RUN START: 2025-12-16T17:29:01Z user=amhengly pwd=/home/amhengly ===
[WARNING]: Could not match supplied host pattern, ignoring: application

PLAY [Backup database] *********************************************************
skipping: no hosts matched

PLAY RECAP *********************************************************************

=== EXIT 0: 2025-12-16T17:29:02Z ===
=== RUN START: 2025-12-16T17:30:01Z user=amhengly pwd=/home/amhengly ===
[WARNING]: Could not match supplied host pattern, ignoring: application

PLAY [Backup database] *********************************************************
skipping: no hosts matched

PLAY RECAP *********************************************************************

=== EXIT 0: 2025-12-16T17:30:03Z ===
=== RUN START: 2025-12-16T17:31:01Z user=amhengly pwd=/home/amhengly ===
[WARNING]: Could not match supplied host pattern, ignoring: application

PLAY [Backup database] *********************************************************
skipping: no hosts matched

PLAY RECAP *********************************************************************

=== EXIT 0: 2025-12-16T17:31:03Z ===
=== RUN START: 2025-12-16T17:32:01Z user=amhengly pwd=/home/amhengly ===
[WARNING]: Could not match supplied host pattern, ignoring: application

PLAY [Backup database] *********************************************************
skipping: no hosts matched

PLAY RECAP *********************************************************************

=== EXIT 0: 2025-12-16T17:32:02Z ===
=== RUN START: 2025-12-16T17:33:01Z user=amhengly pwd=/home/amhengly ===
[WARNING]: Could not match supplied host pattern, ignoring: application

PLAY [Backup database] *********************************************************
skipping: no hosts matched

PLAY RECAP *********************************************************************

=== EXIT 0: 2025-12-16T17:33:03Z ===
=== RUN START: 2025-12-16T17:34:01Z user=amhengly pwd=/home/amhengly ===
[WARNING]: Could not match supplied host pattern, ignoring: application

PLAY [Backup database] *********************************************************
skipping: no hosts matched

PLAY RECAP *********************************************************************

=== EXIT 0: 2025-12-16T17:34:03Z ===
=== RUN START: 2025-12-16T17:35:01Z user=amhengly pwd=/home/amhengly ===
[WARNING]: Could not match supplied host pattern, ignoring: application

PLAY [Backup database] *********************************************************
skipping: no hosts matched

PLAY RECAP *********************************************************************

=== EXIT 0: 2025-12-16T17:35:03Z ===
=== RUN START: 2025-12-16T17:36:01Z user=amhengly pwd=/home/amhengly ===
[WARNING]: Could not match supplied host pattern, ignoring: application

PLAY [Backup database] *********************************************************
skipping: no hosts matched

PLAY RECAP *********************************************************************

=== EXIT 0: 2025-12-16T17:36:03Z ===
=== RUN START: 2025-12-16T17:37:01Z user=amhengly pwd=/home/amhengly ===
[WARNING]: Could not match supplied host pattern, ignoring: application

PLAY [Backup database] *********************************************************
skipping: no hosts matched

PLAY RECAP *********************************************************************

=== EXIT 0: 2025-12-16T17:37:03Z ===
=== RUN START: 2025-12-16T17:38:01Z user=amhengly pwd=/home/amhengly ===
[WARNING]: Could not match supplied host pattern, ignoring: application

PLAY [Backup database] *********************************************************
skipping: no hosts matched

PLAY RECAP *********************************************************************

=== EXIT 0: 2025-12-16T17:38:02Z ===
=== RUN START: 2025-12-16T17:39:01Z user=amhengly pwd=/home/amhengly ===
[WARNING]: Could not match supplied host pattern, ignoring: application

PLAY [Backup database] *********************************************************
skipping: no hosts matched

PLAY RECAP *********************************************************************

=== EXIT 0: 2025-12-16T17:39:03Z ===
=== RUN START: 2025-12-16T17:40:01Z user=amhengly pwd=/home/amhengly ===
[WARNING]: Could not match supplied host pattern, ignoring: application

PLAY [Backup database] *********************************************************
skipping: no hosts matched

PLAY RECAP *********************************************************************

=== EXIT 0: 2025-12-16T17:40:03Z ===
=== RUN START: 2025-12-16T17:41:01Z user=amhengly pwd=/home/amhengly ===
[WARNING]: Could not match supplied host pattern, ignoring: application

PLAY [Backup database] *********************************************************
skipping: no hosts matched

PLAY RECAP *********************************************************************

=== EXIT 0: 2025-12-16T17:41:03Z ===
=== RUN START: 2025-12-16T17:42:01Z user=amhengly pwd=/home/amhengly ===
[WARNING]: Could not match supplied host pattern, ignoring: application

PLAY [Backup database] *********************************************************
skipping: no hosts matched

PLAY RECAP *********************************************************************

=== EXIT 0: 2025-12-16T17:42:03Z ===
=== RUN START: 2025-12-16T17:43:01Z user=amhengly pwd=/home/amhengly ===
[WARNING]: Could not match supplied host pattern, ignoring: application

PLAY [Backup database] *********************************************************
skipping: no hosts matched

PLAY RECAP *********************************************************************

=== EXIT 0: 2025-12-16T17:43:02Z ===
=== RUN START: 2025-12-16T17:44:01Z user=amhengly pwd=/home/amhengly ===
[WARNING]: Could not match supplied host pattern, ignoring: application

PLAY [Backup database] *********************************************************
skipping: no hosts matched

PLAY RECAP *********************************************************************

=== EXIT 0: 2025-12-16T17:44:03Z ===
=== RUN START: 2025-12-16T17:45:01Z user=amhengly pwd=/home/amhengly ===
[WARNING]: Could not match supplied host pattern, ignoring: application

PLAY [Backup database] *********************************************************
skipping: no hosts matched

PLAY RECAP *********************************************************************

=== EXIT 0: 2025-12-16T17:45:03Z ===
=== RUN START: 2025-12-16T17:46:01Z user=amhengly pwd=/home/amhengly ===
[WARNING]: Could not match supplied host pattern, ignoring: application

PLAY [Backup database] *********************************************************
skipping: no hosts matched

PLAY RECAP *********************************************************************

=== EXIT 0: 2025-12-16T17:46:03Z ===
=== RUN START: 2025-12-16T17:47:01Z user=amhengly pwd=/home/amhengly ===
[WARNING]: Could not match supplied host pattern, ignoring: application

PLAY [Backup database] *********************************************************
skipping: no hosts matched

PLAY RECAP *********************************************************************

=== EXIT 0: 2025-12-16T17:47:03Z ===
=== RUN START: 2025-12-16T17:48:01Z user=amhengly pwd=/home/amhengly ===
[WARNING]: Could not match supplied host pattern, ignoring: application

PLAY [Backup database] *********************************************************
skipping: no hosts matched

PLAY RECAP *********************************************************************

=== EXIT 0: 2025-12-16T17:48:02Z ===
=== RUN START: 2025-12-16T17:49:01Z user=amhengly pwd=/home/amhengly ===
[WARNING]: Could not match supplied host pattern, ignoring: application

PLAY [Backup database] *********************************************************
skipping: no hosts matched

PLAY RECAP *********************************************************************

=== EXIT 0: 2025-12-16T17:49:03Z ===
=== RUN START: 2025-12-16T17:50:01Z user=amhengly pwd=/home/amhengly ===
[WARNING]: Could not match supplied host pattern, ignoring: application

PLAY [Backup database] *********************************************************
skipping: no hosts matched

PLAY RECAP *********************************************************************

=== EXIT 0: 2025-12-16T17:50:03Z ===
=== RUN START: 2025-12-16T17:51:01Z user=amhengly pwd=/home/amhengly ===
[WARNING]: Could not match supplied host pattern, ignoring: application

PLAY [Backup database] *********************************************************
skipping: no hosts matched

PLAY RECAP *********************************************************************

=== EXIT 0: 2025-12-16T17:51:02Z ===
=== RUN START: 2025-12-16T17:52:01Z user=amhengly pwd=/home/amhengly ===
[WARNING]: Could not match supplied host pattern, ignoring: application

PLAY [Backup database] *********************************************************
skipping: no hosts matched

PLAY RECAP *********************************************************************

=== EXIT 0: 2025-12-16T17:52:03Z ===
=== RUN START: 2025-12-16T17:53:01Z user=amhengly pwd=/home/amhengly ===
[WARNING]: Could not match supplied host pattern, ignoring: application

PLAY [Backup database] *********************************************************
skipping: no hosts matched

PLAY RECAP *********************************************************************

=== EXIT 0: 2025-12-16T17:53:03Z ===
=== RUN START: 2025-12-16T17:54:01Z user=amhengly pwd=/home/amhengly ===
[WARNING]: Could not match supplied host pattern, ignoring: application

PLAY [Backup database] *********************************************************
skipping: no hosts matched

PLAY RECAP *********************************************************************

=== EXIT 0: 2025-12-16T17:54:02Z ===
=== RUN START: 2025-12-16T17:55:01Z user=amhengly pwd=/home/amhengly ===
[WARNING]: Could not match supplied host pattern, ignoring: application

PLAY [Backup database] *********************************************************
skipping: no hosts matched

PLAY RECAP *********************************************************************

=== EXIT 0: 2025-12-16T17:55:03Z ===
=== RUN START: 2025-12-16T17:56:01Z user=amhengly pwd=/home/amhengly ===
[WARNING]: Could not match supplied host pattern, ignoring: application

PLAY [Backup database] *********************************************************
skipping: no hosts matched

PLAY RECAP *********************************************************************

=== EXIT 0: 2025-12-16T17:56:03Z ===
=== RUN START: 2025-12-16T17:57:01Z user=amhengly pwd=/home/amhengly ===
[WARNING]: Could not match supplied host pattern, ignoring: application

PLAY [Backup database] *********************************************************
skipping: no hosts matched

PLAY RECAP *********************************************************************

=== EXIT 0: 2025-12-16T17:57:03Z ===
=== RUN START: 2025-12-16T17:58:01Z user=amhengly pwd=/home/amhengly ===
[WARNING]: Could not match supplied host pattern, ignoring: application

PLAY [Backup database] *********************************************************
skipping: no hosts matched

PLAY RECAP *********************************************************************

=== EXIT 0: 2025-12-16T17:58:03Z ===
=== RUN START: 2025-12-16T17:59:01Z user=amhengly pwd=/home/amhengly ===
[WARNING]: Could not match supplied host pattern, ignoring: application

PLAY [Backup database] *********************************************************
skipping: no hosts matched

PLAY RECAP *********************************************************************

=== EXIT 0: 2025-12-16T17:59:03Z ===
=== RUN START: 2025-12-16T18:00:01Z user=amhengly pwd=/home/amhengly ===
[WARNING]: Could not match supplied host pattern, ignoring: application

PLAY [Backup database] *********************************************************
skipping: no hosts matched

PLAY RECAP *********************************************************************

=== EXIT 0: 2025-12-16T18:00:03Z ===
=== RUN START: 2025-12-16T18:01:01Z user=amhengly pwd=/home/amhengly ===
[WARNING]: Could not match supplied host pattern, ignoring: application

PLAY [Backup database] *********************************************************
skipping: no hosts matched

PLAY RECAP *********************************************************************

=== EXIT 0: 2025-12-16T18:01:03Z ===
=== RUN START: 2025-12-16T18:02:01Z user=amhengly pwd=/home/amhengly ===
[WARNING]: Could not match supplied host pattern, ignoring: application

PLAY [Backup database] *********************************************************
skipping: no hosts matched

PLAY RECAP *********************************************************************

=== EXIT 0: 2025-12-16T18:02:03Z ===
=== RUN START: 2025-12-16T18:03:01Z user=amhengly pwd=/home/amhengly ===
[WARNING]: Could not match supplied host pattern, ignoring: application

PLAY [Backup database] *********************************************************
skipping: no hosts matched

PLAY RECAP *********************************************************************

=== EXIT 0: 2025-12-16T18:03:02Z ===
=== RUN START: 2025-12-16T18:04:01Z user=amhengly pwd=/home/amhengly ===
[WARNING]: Could not match supplied host pattern, ignoring: application

PLAY [Backup database] *********************************************************
skipping: no hosts matched

PLAY RECAP *********************************************************************

=== EXIT 0: 2025-12-16T18:04:03Z ===
=== RUN START: 2025-12-16T18:05:01Z user=amhengly pwd=/home/amhengly ===
[WARNING]: Could not match supplied host pattern, ignoring: application

PLAY [Backup database] *********************************************************
skipping: no hosts matched

PLAY RECAP *********************************************************************

=== EXIT 0: 2025-12-16T18:05:03Z ===
=== RUN START: 2025-12-16T18:06:01Z user=amhengly pwd=/home/amhengly ===
[WARNING]: Could not match supplied host pattern, ignoring: application

PLAY [Backup database] *********************************************************
skipping: no hosts matched

PLAY RECAP *********************************************************************

=== EXIT 0: 2025-12-16T18:06:03Z ===
=== RUN START: 2025-12-16T18:07:01Z user=amhengly pwd=/home/amhengly ===
[WARNING]: Could not match supplied host pattern, ignoring: application

PLAY [Backup database] *********************************************************
skipping: no hosts matched

PLAY RECAP *********************************************************************

=== EXIT 0: 2025-12-16T18:07:03Z ===
=== RUN START: 2025-12-16T18:08:01Z user=amhengly pwd=/home/amhengly ===
[WARNING]: Could not match supplied host pattern, ignoring: application

PLAY [Backup database] *********************************************************
skipping: no hosts matched

PLAY RECAP *********************************************************************

=== EXIT 0: 2025-12-16T18:08:02Z ===
=== RUN START: 2025-12-16T18:09:02Z user=amhengly pwd=/home/amhengly ===
[WARNING]: Could not match supplied host pattern, ignoring: application

PLAY [Backup database] *********************************************************
skipping: no hosts matched

PLAY RECAP *********************************************************************

=== EXIT 0: 2025-12-16T18:09:03Z ===
=== RUN START: 2025-12-16T18:10:01Z user=amhengly pwd=/home/amhengly ===
[WARNING]: Could not match supplied host pattern, ignoring: application

PLAY [Backup database] *********************************************************
skipping: no hosts matched

PLAY RECAP *********************************************************************

=== EXIT 0: 2025-12-16T18:10:03Z ===
=== RUN START: 2025-12-16T18:11:01Z user=amhengly pwd=/home/amhengly ===
[WARNING]: Could not match supplied host pattern, ignoring: application

PLAY [Backup database] *********************************************************
skipping: no hosts matched

PLAY RECAP *********************************************************************

=== EXIT 0: 2025-12-16T18:11:03Z ===
=== RUN START: 2025-12-16T18:12:01Z user=amhengly pwd=/home/amhengly ===
[WARNING]: Could not match supplied host pattern, ignoring: application

PLAY [Backup database] *********************************************************
skipping: no hosts matched

PLAY RECAP *********************************************************************

=== EXIT 0: 2025-12-16T18:12:03Z ===
=== RUN START: 2025-12-16T18:13:01Z user=amhengly pwd=/home/amhengly ===
[WARNING]: Could not match supplied host pattern, ignoring: application

PLAY [Backup database] *********************************************************
skipping: no hosts matched

PLAY RECAP *********************************************************************

=== EXIT 0: 2025-12-16T18:13:02Z ===
=== RUN START: 2025-12-16T18:14:01Z user=amhengly pwd=/home/amhengly ===
[WARNING]: Could not match supplied host pattern, ignoring: application

PLAY [Backup database] *********************************************************
skipping: no hosts matched

PLAY RECAP *********************************************************************

=== EXIT 0: 2025-12-16T18:14:03Z ===
=== RUN START: 2025-12-16T18:15:01Z user=amhengly pwd=/home/amhengly ===
[WARNING]: Could not match supplied host pattern, ignoring: application

PLAY [Backup database] *********************************************************
skipping: no hosts matched

PLAY RECAP *********************************************************************

=== EXIT 0: 2025-12-16T18:15:03Z ===
=== RUN START: 2025-12-16T18:16:01Z user=amhengly pwd=/home/amhengly ===
[WARNING]: Could not match supplied host pattern, ignoring: application

PLAY [Backup database] *********************************************************
skipping: no hosts matched

PLAY RECAP *********************************************************************

=== EXIT 0: 2025-12-16T18:16:03Z ===
=== RUN START: 2025-12-16T18:17:01Z user=amhengly pwd=/home/amhengly ===
[WARNING]: Could not match supplied host pattern, ignoring: application

PLAY [Backup database] *********************************************************
skipping: no hosts matched

PLAY RECAP *********************************************************************

=== EXIT 0: 2025-12-16T18:17:02Z ===
=== RUN START: 2025-12-16T18:18:01Z user=amhengly pwd=/home/amhengly ===
[WARNING]: Could not match supplied host pattern, ignoring: application

PLAY [Backup database] *********************************************************
skipping: no hosts matched

PLAY RECAP *********************************************************************

=== EXIT 0: 2025-12-16T18:18:03Z ===
=== RUN START: 2025-12-16T18:19:01Z user=amhengly pwd=/home/amhengly ===
[WARNING]: Could not match supplied host pattern, ignoring: application

PLAY [Backup database] *********************************************************
skipping: no hosts matched

PLAY RECAP *********************************************************************

=== EXIT 0: 2025-12-16T18:19:03Z ===
=== RUN START: 2025-12-16T18:20:01Z user=amhengly pwd=/home/amhengly ===
[WARNING]: Could not match supplied host pattern, ignoring: application

PLAY [Backup database] *********************************************************
skipping: no hosts matched

PLAY RECAP *********************************************************************

=== EXIT 0: 2025-12-16T18:20:03Z ===
=== RUN START: 2025-12-16T18:21:01Z user=amhengly pwd=/home/amhengly ===
[WARNING]: Could not match supplied host pattern, ignoring: application

PLAY [Backup database] *********************************************************
skipping: no hosts matched

PLAY RECAP *********************************************************************

=== EXIT 0: 2025-12-16T18:21:02Z ===
=== RUN START: 2025-12-16T18:22:01Z user=amhengly pwd=/home/amhengly ===
[WARNING]: Could not match supplied host pattern, ignoring: application

PLAY [Backup database] *********************************************************
skipping: no hosts matched

PLAY RECAP *********************************************************************

=== EXIT 0: 2025-12-16T18:22:03Z ===
=== RUN START: 2025-12-16T18:23:01Z user=amhengly pwd=/home/amhengly ===
[WARNING]: Could not match supplied host pattern, ignoring: application

PLAY [Backup database] *********************************************************
skipping: no hosts matched

PLAY RECAP *********************************************************************

=== EXIT 0: 2025-12-16T18:23:03Z ===
=== RUN START: 2025-12-16T18:24:01Z user=amhengly pwd=/home/amhengly ===
[WARNING]: Could not match supplied host pattern, ignoring: application

PLAY [Backup database] *********************************************************
skipping: no hosts matched

PLAY RECAP *********************************************************************

=== EXIT 0: 2025-12-16T18:24:03Z ===
=== RUN START: 2025-12-16T18:25:01Z user=amhengly pwd=/home/amhengly ===
[WARNING]: Could not match supplied host pattern, ignoring: application

PLAY [Backup database] *********************************************************
skipping: no hosts matched

PLAY RECAP *********************************************************************

=== EXIT 0: 2025-12-16T18:25:03Z ===
=== RUN START: 2025-12-16T18:26:01Z user=amhengly pwd=/home/amhengly ===
[WARNING]: Could not match supplied host pattern, ignoring: application

PLAY [Backup database] *********************************************************
skipping: no hosts matched

PLAY RECAP *********************************************************************

=== EXIT 0: 2025-12-16T18:26:03Z ===
=== RUN START: 2025-12-16T18:27:01Z user=amhengly pwd=/home/amhengly ===
[WARNING]: Could not match supplied host pattern, ignoring: application

PLAY [Backup database] *********************************************************
skipping: no hosts matched

PLAY RECAP *********************************************************************

=== EXIT 0: 2025-12-16T18:27:02Z ===
=== RUN START: 2025-12-16T18:28:01Z user=amhengly pwd=/home/amhengly ===
[WARNING]: Could not match supplied host pattern, ignoring: application

PLAY [Backup database] *********************************************************
skipping: no hosts matched

PLAY RECAP *********************************************************************

=== EXIT 0: 2025-12-16T18:28:03Z ===
=== RUN START: 2025-12-16T18:29:01Z user=amhengly pwd=/home/amhengly ===
[WARNING]: Could not match supplied host pattern, ignoring: application

PLAY [Backup database] *********************************************************
skipping: no hosts matched

PLAY RECAP *********************************************************************

=== EXIT 0: 2025-12-16T18:29:03Z ===
=== RUN START: 2025-12-16T18:30:01Z user=amhengly pwd=/home/amhengly ===
[WARNING]: Could not match supplied host pattern, ignoring: application

PLAY [Backup database] *********************************************************
skipping: no hosts matched

PLAY RECAP *********************************************************************

=== EXIT 0: 2025-12-16T18:30:03Z ===
=== RUN START: 2025-12-16T18:31:01Z user=amhengly pwd=/home/amhengly ===
[WARNING]: Could not match supplied host pattern, ignoring: application

PLAY [Backup database] *********************************************************
skipping: no hosts matched

PLAY RECAP *********************************************************************

=== EXIT 0: 2025-12-16T18:31:03Z ===
=== RUN START: 2025-12-16T18:32:01Z user=amhengly pwd=/home/amhengly ===
[WARNING]: Could not match supplied host pattern, ignoring: application

PLAY [Backup database] *********************************************************
skipping: no hosts matched

PLAY RECAP *********************************************************************

=== EXIT 0: 2025-12-16T18:32:02Z ===
=== RUN START: 2025-12-16T18:33:01Z user=amhengly pwd=/home/amhengly ===
[WARNING]: Could not match supplied host pattern, ignoring: application

PLAY [Backup database] *********************************************************
skipping: no hosts matched

PLAY RECAP *********************************************************************

=== EXIT 0: 2025-12-16T18:33:03Z ===
=== RUN START: 2025-12-16T18:34:01Z user=amhengly pwd=/home/amhengly ===
[WARNING]: Could not match supplied host pattern, ignoring: application

PLAY [Backup database] *********************************************************
skipping: no hosts matched

PLAY RECAP *********************************************************************

=== EXIT 0: 2025-12-16T18:34:03Z ===
=== RUN START: 2025-12-16T18:35:01Z user=amhengly pwd=/home/amhengly ===
[WARNING]: Could not match supplied host pattern, ignoring: application

PLAY [Backup database] *********************************************************
skipping: no hosts matched

PLAY RECAP *********************************************************************

=== EXIT 0: 2025-12-16T18:35:03Z ===
=== RUN START: 2025-12-16T18:36:01Z user=amhengly pwd=/home/amhengly ===
[WARNING]: Could not match supplied host pattern, ignoring: application

PLAY [Backup database] *********************************************************
skipping: no hosts matched

PLAY RECAP *********************************************************************

=== EXIT 0: 2025-12-16T18:36:03Z ===
=== RUN START: 2025-12-16T18:37:01Z user=amhengly pwd=/home/amhengly ===
[WARNING]: Could not match supplied host pattern, ignoring: application

PLAY [Backup database] *********************************************************
skipping: no hosts matched

PLAY RECAP *********************************************************************

=== EXIT 0: 2025-12-16T18:37:02Z ===
=== RUN START: 2025-12-16T18:38:01Z user=amhengly pwd=/home/amhengly ===
[WARNING]: Could not match supplied host pattern, ignoring: application

PLAY [Backup database] *********************************************************
skipping: no hosts matched

PLAY RECAP *********************************************************************

=== EXIT 0: 2025-12-16T18:38:03Z ===
=== RUN START: 2025-12-16T18:39:01Z user=amhengly pwd=/home/amhengly ===
[WARNING]: Could not match supplied host pattern, ignoring: application

PLAY [Backup database] *********************************************************
skipping: no hosts matched

PLAY RECAP *********************************************************************

=== EXIT 0: 2025-12-16T18:39:03Z ===
=== RUN START: 2025-12-16T18:40:01Z user=amhengly pwd=/home/amhengly ===
[WARNING]: Could not match supplied host pattern, ignoring: application

PLAY [Backup database] *********************************************************
skipping: no hosts matched

PLAY RECAP *********************************************************************

=== EXIT 0: 2025-12-16T18:40:03Z ===
=== RUN START: 2025-12-16T18:41:01Z user=amhengly pwd=/home/amhengly ===
[WARNING]: Could not match supplied host pattern, ignoring: application

PLAY [Backup database] *********************************************************
skipping: no hosts matched

PLAY RECAP *********************************************************************

=== EXIT 0: 2025-12-16T18:41:02Z ===
=== RUN START: 2025-12-16T18:42:01Z user=amhengly pwd=/home/amhengly ===
[WARNING]: Could not match supplied host pattern, ignoring: application

PLAY [Backup database] *********************************************************
skipping: no hosts matched

PLAY RECAP *********************************************************************

=== EXIT 0: 2025-12-16T18:42:03Z ===
=== RUN START: 2025-12-16T18:43:01Z user=amhengly pwd=/home/amhengly ===
[WARNING]: Could not match supplied host pattern, ignoring: application

PLAY [Backup database] *********************************************************
skipping: no hosts matched

PLAY RECAP *********************************************************************

=== EXIT 0: 2025-12-16T18:43:03Z ===
=== RUN START: 2025-12-16T18:44:01Z user=amhengly pwd=/home/amhengly ===
[WARNING]: Could not match supplied host pattern, ignoring: application

PLAY [Backup database] *********************************************************
skipping: no hosts matched

PLAY RECAP *********************************************************************

=== EXIT 0: 2025-12-16T18:44:02Z ===
=== RUN START: 2025-12-16T18:45:01Z user=amhengly pwd=/home/amhengly ===
[WARNING]: Could not match supplied host pattern, ignoring: application

PLAY [Backup database] *********************************************************
skipping: no hosts matched

PLAY RECAP *********************************************************************

=== EXIT 0: 2025-12-16T18:45:03Z ===
=== RUN START: 2025-12-16T18:46:01Z user=amhengly pwd=/home/amhengly ===
[WARNING]: Could not match supplied host pattern, ignoring: application

PLAY [Backup database] *********************************************************
skipping: no hosts matched

PLAY RECAP *********************************************************************

=== EXIT 0: 2025-12-16T18:46:03Z ===
=== RUN START: 2025-12-16T18:47:01Z user=amhengly pwd=/home/amhengly ===
[WARNING]: Could not match supplied host pattern, ignoring: application

PLAY [Backup database] *********************************************************
skipping: no hosts matched

PLAY RECAP *********************************************************************

=== EXIT 0: 2025-12-16T18:47:02Z ===
=== RUN START: 2025-12-16T18:48:01Z user=amhengly pwd=/home/amhengly ===
[WARNING]: Could not match supplied host pattern, ignoring: application

PLAY [Backup database] *********************************************************
skipping: no hosts matched

PLAY RECAP *********************************************************************

=== EXIT 0: 2025-12-16T18:48:03Z ===
=== RUN START: 2025-12-16T18:49:01Z user=amhengly pwd=/home/amhengly ===
[WARNING]: Could not match supplied host pattern, ignoring: application

PLAY [Backup database] *********************************************************
skipping: no hosts matched

PLAY RECAP *********************************************************************

=== EXIT 0: 2025-12-16T18:49:03Z ===
=== RUN START: 2025-12-16T18:50:01Z user=amhengly pwd=/home/amhengly ===
[WARNING]: Could not match supplied host pattern, ignoring: application

PLAY [Backup database] *********************************************************
skipping: no hosts matched

PLAY RECAP *********************************************************************

=== EXIT 0: 2025-12-16T18:50:03Z ===
=== RUN START: 2025-12-16T18:51:01Z user=amhengly pwd=/home/amhengly ===
[WARNING]: Could not match supplied host pattern, ignoring: application

PLAY [Backup database] *********************************************************
skipping: no hosts matched

PLAY RECAP *********************************************************************

=== EXIT 0: 2025-12-16T18:51:02Z ===
=== RUN START: 2025-12-16T18:52:01Z user=amhengly pwd=/home/amhengly ===
[WARNING]: Could not match supplied host pattern, ignoring: application

PLAY [Backup database] *********************************************************
skipping: no hosts matched

PLAY RECAP *********************************************************************

=== EXIT 0: 2025-12-16T18:52:03Z ===
=== RUN START: 2025-12-16T18:53:01Z user=amhengly pwd=/home/amhengly ===
[WARNING]: Could not match supplied host pattern, ignoring: application

PLAY [Backup database] *********************************************************
skipping: no hosts matched

PLAY RECAP *********************************************************************

=== EXIT 0: 2025-12-16T18:53:03Z ===
=== RUN START: 2025-12-16T18:54:01Z user=amhengly pwd=/home/amhengly ===
[WARNING]: Could not match supplied host pattern, ignoring: application

PLAY [Backup database] *********************************************************
skipping: no hosts matched

PLAY RECAP *********************************************************************

=== EXIT 0: 2025-12-16T18:54:03Z ===
=== RUN START: 2025-12-16T18:55:01Z user=amhengly pwd=/home/amhengly ===
[WARNING]: Could not match supplied host pattern, ignoring: application

PLAY [Backup database] *********************************************************
skipping: no hosts matched

PLAY RECAP *********************************************************************

=== EXIT 0: 2025-12-16T18:55:02Z ===
=== RUN START: 2025-12-16T18:56:01Z user=amhengly pwd=/home/amhengly ===
[WARNING]: Could not match supplied host pattern, ignoring: application

PLAY [Backup database] *********************************************************
skipping: no hosts matched

PLAY RECAP *********************************************************************

=== EXIT 0: 2025-12-16T18:56:03Z ===
=== RUN START: 2025-12-16T18:57:01Z user=amhengly pwd=/home/amhengly ===
[WARNING]: Could not match supplied host pattern, ignoring: application

PLAY [Backup database] *********************************************************
skipping: no hosts matched

PLAY RECAP *********************************************************************

=== EXIT 0: 2025-12-16T18:57:03Z ===
=== RUN START: 2025-12-16T18:58:01Z user=amhengly pwd=/home/amhengly ===
[WARNING]: Could not match supplied host pattern, ignoring: application

PLAY [Backup database] *********************************************************
skipping: no hosts matched

PLAY RECAP *********************************************************************

=== EXIT 0: 2025-12-16T18:58:03Z ===
=== RUN START: 2025-12-16T18:59:01Z user=amhengly pwd=/home/amhengly ===
[WARNING]: Could not match supplied host pattern, ignoring: application

PLAY [Backup database] *********************************************************
skipping: no hosts matched

PLAY RECAP *********************************************************************

=== EXIT 0: 2025-12-16T18:59:02Z ===
=== RUN START: 2025-12-16T19:00:02Z user=amhengly pwd=/home/amhengly ===
[WARNING]: Could not match supplied host pattern, ignoring: application

PLAY [Backup database] *********************************************************
skipping: no hosts matched

PLAY RECAP *********************************************************************

=== EXIT 0: 2025-12-16T19:00:03Z ===
=== RUN START: 2025-12-16T19:01:01Z user=amhengly pwd=/home/amhengly ===
[WARNING]: Could not match supplied host pattern, ignoring: application

PLAY [Backup database] *********************************************************
skipping: no hosts matched

PLAY RECAP *********************************************************************

=== EXIT 0: 2025-12-16T19:01:03Z ===
=== RUN START: 2025-12-16T19:02:01Z user=amhengly pwd=/home/amhengly ===
[WARNING]: Could not match supplied host pattern, ignoring: application

PLAY [Backup database] *********************************************************
skipping: no hosts matched

PLAY RECAP *********************************************************************

=== EXIT 0: 2025-12-16T19:02:03Z ===
=== RUN START: 2025-12-16T19:03:01Z user=amhengly pwd=/home/amhengly ===
[WARNING]: Could not match supplied host pattern, ignoring: application

PLAY [Backup database] *********************************************************
skipping: no hosts matched

PLAY RECAP *********************************************************************

=== EXIT 0: 2025-12-16T19:03:03Z ===
=== RUN START: 2025-12-16T19:04:01Z user=amhengly pwd=/home/amhengly ===
[WARNING]: Could not match supplied host pattern, ignoring: application

PLAY [Backup database] *********************************************************
skipping: no hosts matched

PLAY RECAP *********************************************************************

=== EXIT 0: 2025-12-16T19:04:05Z ===
=== RUN START: 2025-12-16T19:05:01Z user=amhengly pwd=/home/amhengly ===
[WARNING]: Could not match supplied host pattern, ignoring: application

PLAY [Backup database] *********************************************************
skipping: no hosts matched

PLAY RECAP *********************************************************************

=== EXIT 0: 2025-12-16T19:05:02Z ===
=== RUN START: 2025-12-16T19:06:01Z user=amhengly pwd=/home/amhengly ===
[WARNING]: Could not match supplied host pattern, ignoring: application

PLAY [Backup database] *********************************************************
skipping: no hosts matched

PLAY RECAP *********************************************************************

=== EXIT 0: 2025-12-16T19:06:03Z ===
=== RUN START: 2025-12-16T19:07:01Z user=amhengly pwd=/home/amhengly ===
[WARNING]: Could not match supplied host pattern, ignoring: application

PLAY [Backup database] *********************************************************
skipping: no hosts matched

PLAY RECAP *********************************************************************

=== EXIT 0: 2025-12-16T19:07:03Z ===
=== RUN START: 2025-12-16T19:08:01Z user=amhengly pwd=/home/amhengly ===
[WARNING]: Could not match supplied host pattern, ignoring: application

PLAY [Backup database] *********************************************************
skipping: no hosts matched

PLAY RECAP *********************************************************************

=== EXIT 0: 2025-12-16T19:08:02Z ===
=== RUN START: 2025-12-16T19:09:01Z user=amhengly pwd=/home/amhengly ===
[WARNING]: Could not match supplied host pattern, ignoring: application

PLAY [Backup database] *********************************************************
skipping: no hosts matched

PLAY RECAP *********************************************************************

=== EXIT 0: 2025-12-16T19:09:03Z ===
=== RUN START: 2025-12-16T19:10:01Z user=amhengly pwd=/home/amhengly ===
[WARNING]: Could not match supplied host pattern, ignoring: application

PLAY [Backup database] *********************************************************
skipping: no hosts matched

PLAY RECAP *********************************************************************

=== EXIT 0: 2025-12-16T19:10:03Z ===
=== RUN START: 2025-12-16T19:11:01Z user=amhengly pwd=/home/amhengly ===
[WARNING]: Could not match supplied host pattern, ignoring: application

PLAY [Backup database] *********************************************************
skipping: no hosts matched

PLAY RECAP *********************************************************************

=== EXIT 0: 2025-12-16T19:11:03Z ===
=== RUN START: 2025-12-16T19:12:01Z user=amhengly pwd=/home/amhengly ===
[WARNING]: Could not match supplied host pattern, ignoring: application

PLAY [Backup database] *********************************************************
skipping: no hosts matched

PLAY RECAP *********************************************************************

=== EXIT 0: 2025-12-16T19:12:02Z ===
=== RUN START: 2025-12-16T19:13:01Z user=amhengly pwd=/home/amhengly ===
[WARNING]: Could not match supplied host pattern, ignoring: application

PLAY [Backup database] *********************************************************
skipping: no hosts matched

PLAY RECAP *********************************************************************

=== EXIT 0: 2025-12-16T19:13:03Z ===
=== RUN START: 2025-12-16T19:14:01Z user=amhengly pwd=/home/amhengly ===
[WARNING]: Could not match supplied host pattern, ignoring: application

PLAY [Backup database] *********************************************************
skipping: no hosts matched

PLAY RECAP *********************************************************************

=== EXIT 0: 2025-12-16T19:14:03Z ===
=== RUN START: 2025-12-16T19:15:01Z user=amhengly pwd=/home/amhengly ===
[WARNING]: Could not match supplied host pattern, ignoring: application

PLAY [Backup database] *********************************************************
skipping: no hosts matched

PLAY RECAP *********************************************************************

=== EXIT 0: 2025-12-16T19:15:03Z ===
=== RUN START: 2025-12-16T19:16:01Z user=amhengly pwd=/home/amhengly ===
[WARNING]: Could not match supplied host pattern, ignoring: application

PLAY [Backup database] *********************************************************
skipping: no hosts matched

PLAY RECAP *********************************************************************

=== EXIT 0: 2025-12-16T19:16:03Z ===
=== RUN START: 2025-12-16T19:17:01Z user=amhengly pwd=/home/amhengly ===
[WARNING]: Could not match supplied host pattern, ignoring: application

PLAY [Backup database] *********************************************************
skipping: no hosts matched

PLAY RECAP *********************************************************************

=== EXIT 0: 2025-12-16T19:17:03Z ===
=== RUN START: 2025-12-16T19:18:01Z user=amhengly pwd=/home/amhengly ===
[WARNING]: Could not match supplied host pattern, ignoring: application

PLAY [Backup database] *********************************************************
skipping: no hosts matched

PLAY RECAP *********************************************************************

=== EXIT 0: 2025-12-16T19:18:02Z ===
=== RUN START: 2025-12-16T19:19:01Z user=amhengly pwd=/home/amhengly ===
[WARNING]: Could not match supplied host pattern, ignoring: application

PLAY [Backup database] *********************************************************
skipping: no hosts matched

PLAY RECAP *********************************************************************

=== EXIT 0: 2025-12-16T19:19:03Z ===
=== RUN START: 2025-12-16T19:20:01Z user=amhengly pwd=/home/amhengly ===
[WARNING]: Could not match supplied host pattern, ignoring: application

PLAY [Backup database] *********************************************************
skipping: no hosts matched

PLAY RECAP *********************************************************************

=== EXIT 0: 2025-12-16T19:20:03Z ===
=== RUN START: 2025-12-16T19:21:01Z user=amhengly pwd=/home/amhengly ===
[WARNING]: Could not match supplied host pattern, ignoring: application

PLAY [Backup database] *********************************************************
skipping: no hosts matched

PLAY RECAP *********************************************************************

=== EXIT 0: 2025-12-16T19:21:03Z ===
=== RUN START: 2025-12-16T19:22:01Z user=amhengly pwd=/home/amhengly ===
[WARNING]: Could not match supplied host pattern, ignoring: application

PLAY [Backup database] *********************************************************
skipping: no hosts matched

PLAY RECAP *********************************************************************

=== EXIT 0: 2025-12-16T19:22:03Z ===
=== RUN START: 2025-12-16T19:23:01Z user=amhengly pwd=/home/amhengly ===
[WARNING]: Could not match supplied host pattern, ignoring: application

PLAY [Backup database] *********************************************************
skipping: no hosts matched

PLAY RECAP *********************************************************************

=== EXIT 0: 2025-12-16T19:23:02Z ===
=== RUN START: 2025-12-16T19:24:01Z user=amhengly pwd=/home/amhengly ===
[WARNING]: Could not match supplied host pattern, ignoring: application

PLAY [Backup database] *********************************************************
skipping: no hosts matched

PLAY RECAP *********************************************************************

=== EXIT 0: 2025-12-16T19:24:03Z ===
=== RUN START: 2025-12-16T19:25:01Z user=amhengly pwd=/home/amhengly ===
[WARNING]: Could not match supplied host pattern, ignoring: application

PLAY [Backup database] *********************************************************
skipping: no hosts matched

PLAY RECAP *********************************************************************

=== EXIT 0: 2025-12-16T19:25:03Z ===
=== RUN START: 2025-12-16T19:26:01Z user=amhengly pwd=/home/amhengly ===
[WARNING]: Could not match supplied host pattern, ignoring: application

PLAY [Backup database] *********************************************************
skipping: no hosts matched

PLAY RECAP *********************************************************************

=== EXIT 0: 2025-12-16T19:26:03Z ===
=== RUN START: 2025-12-16T19:27:01Z user=amhengly pwd=/home/amhengly ===
[WARNING]: Could not match supplied host pattern, ignoring: application

PLAY [Backup database] *********************************************************
skipping: no hosts matched

PLAY RECAP *********************************************************************

=== EXIT 0: 2025-12-16T19:27:02Z ===
=== RUN START: 2025-12-16T19:28:01Z user=amhengly pwd=/home/amhengly ===
[WARNING]: Could not match supplied host pattern, ignoring: application

PLAY [Backup database] *********************************************************
skipping: no hosts matched

PLAY RECAP *********************************************************************

=== EXIT 0: 2025-12-16T19:28:03Z ===
=== RUN START: 2025-12-16T19:29:01Z user=amhengly pwd=/home/amhengly ===
[WARNING]: Could not match supplied host pattern, ignoring: application

PLAY [Backup database] *********************************************************
skipping: no hosts matched

PLAY RECAP *********************************************************************

=== EXIT 0: 2025-12-16T19:29:03Z ===
=== RUN START: 2025-12-16T19:30:01Z user=amhengly pwd=/home/amhengly ===
[WARNING]: Could not match supplied host pattern, ignoring: application

PLAY [Backup database] *********************************************************
skipping: no hosts matched

PLAY RECAP *********************************************************************

=== EXIT 0: 2025-12-16T19:30:03Z ===
=== RUN START: 2025-12-16T19:31:01Z user=amhengly pwd=/home/amhengly ===
[WARNING]: Could not match supplied host pattern, ignoring: application

PLAY [Backup database] *********************************************************
skipping: no hosts matched

PLAY RECAP *********************************************************************

=== EXIT 0: 2025-12-16T19:31:02Z ===
=== RUN START: 2025-12-16T19:32:01Z user=amhengly pwd=/home/amhengly ===
[WARNING]: Could not match supplied host pattern, ignoring: application

PLAY [Backup database] *********************************************************
skipping: no hosts matched

PLAY RECAP *********************************************************************

=== EXIT 0: 2025-12-16T19:32:03Z ===
=== RUN START: 2025-12-16T19:33:01Z user=amhengly pwd=/home/amhengly ===
[WARNING]: Could not match supplied host pattern, ignoring: application

PLAY [Backup database] *********************************************************
skipping: no hosts matched

PLAY RECAP *********************************************************************

=== EXIT 0: 2025-12-16T19:33:03Z ===
=== RUN START: 2025-12-16T19:34:01Z user=amhengly pwd=/home/amhengly ===
[WARNING]: Could not match supplied host pattern, ignoring: application

PLAY [Backup database] *********************************************************
skipping: no hosts matched

PLAY RECAP *********************************************************************

=== EXIT 0: 2025-12-16T19:34:03Z ===
=== RUN START: 2025-12-16T19:35:01Z user=amhengly pwd=/home/amhengly ===
[WARNING]: Could not match supplied host pattern, ignoring: application

PLAY [Backup database] *********************************************************
skipping: no hosts matched

PLAY RECAP *********************************************************************

=== EXIT 0: 2025-12-16T19:35:02Z ===
=== RUN START: 2025-12-16T19:36:01Z user=amhengly pwd=/home/amhengly ===
[WARNING]: Could not match supplied host pattern, ignoring: application

PLAY [Backup database] *********************************************************
skipping: no hosts matched

PLAY RECAP *********************************************************************

=== EXIT 0: 2025-12-16T19:36:03Z ===
=== RUN START: 2025-12-16T19:37:01Z user=amhengly pwd=/home/amhengly ===
[WARNING]: Could not match supplied host pattern, ignoring: application

PLAY [Backup database] *********************************************************
skipping: no hosts matched

PLAY RECAP *********************************************************************

=== EXIT 0: 2025-12-16T19:37:03Z ===
=== RUN START: 2025-12-16T19:38:01Z user=amhengly pwd=/home/amhengly ===
[WARNING]: Could not match supplied host pattern, ignoring: application

PLAY [Backup database] *********************************************************
skipping: no hosts matched

PLAY RECAP *********************************************************************

=== EXIT 0: 2025-12-16T19:38:02Z ===
=== RUN START: 2025-12-16T19:39:01Z user=amhengly pwd=/home/amhengly ===
[WARNING]: Could not match supplied host pattern, ignoring: application

PLAY [Backup database] *********************************************************
skipping: no hosts matched

PLAY RECAP *********************************************************************

=== EXIT 0: 2025-12-16T19:39:03Z ===
=== RUN START: 2025-12-16T19:40:01Z user=amhengly pwd=/home/amhengly ===
[WARNING]: Could not match supplied host pattern, ignoring: application

PLAY [Backup database] *********************************************************
skipping: no hosts matched

PLAY RECAP *********************************************************************

=== EXIT 0: 2025-12-16T19:40:03Z ===
=== RUN START: 2025-12-16T19:41:01Z user=amhengly pwd=/home/amhengly ===
[WARNING]: Could not match supplied host pattern, ignoring: application

PLAY [Backup database] *********************************************************
skipping: no hosts matched

PLAY RECAP *********************************************************************

=== EXIT 0: 2025-12-16T19:41:03Z ===
=== RUN START: 2025-12-16T19:42:01Z user=amhengly pwd=/home/amhengly ===
[WARNING]: Could not match supplied host pattern, ignoring: application

PLAY [Backup database] *********************************************************
skipping: no hosts matched

PLAY RECAP *********************************************************************

=== EXIT 0: 2025-12-16T19:42:03Z ===
=== RUN START: 2025-12-16T19:43:01Z user=amhengly pwd=/home/amhengly ===
[WARNING]: Could not match supplied host pattern, ignoring: application

PLAY [Backup database] *********************************************************
skipping: no hosts matched

PLAY RECAP *********************************************************************

=== EXIT 0: 2025-12-16T19:43:02Z ===
=== RUN START: 2025-12-16T19:44:01Z user=amhengly pwd=/home/amhengly ===
[WARNING]: Could not match supplied host pattern, ignoring: application

PLAY [Backup database] *********************************************************
skipping: no hosts matched

PLAY RECAP *********************************************************************

=== EXIT 0: 2025-12-16T19:44:03Z ===
=== RUN START: 2025-12-16T19:45:01Z user=amhengly pwd=/home/amhengly ===
[WARNING]: Could not match supplied host pattern, ignoring: application

PLAY [Backup database] *********************************************************
skipping: no hosts matched

PLAY RECAP *********************************************************************

=== EXIT 0: 2025-12-16T19:45:03Z ===
=== RUN START: 2025-12-16T19:46:01Z user=amhengly pwd=/home/amhengly ===
[WARNING]: Could not match supplied host pattern, ignoring: application

PLAY [Backup database] *********************************************************
skipping: no hosts matched

PLAY RECAP *********************************************************************

=== EXIT 0: 2025-12-16T19:46:03Z ===
=== RUN START: 2025-12-16T19:47:01Z user=amhengly pwd=/home/amhengly ===
[WARNING]: Could not match supplied host pattern, ignoring: application

PLAY [Backup database] *********************************************************
skipping: no hosts matched

PLAY RECAP *********************************************************************

=== EXIT 0: 2025-12-16T19:47:02Z ===
=== RUN START: 2025-12-16T19:48:01Z user=amhengly pwd=/home/amhengly ===
[WARNING]: Could not match supplied host pattern, ignoring: application

PLAY [Backup database] *********************************************************
skipping: no hosts matched

PLAY RECAP *********************************************************************

=== EXIT 0: 2025-12-16T19:48:03Z ===
=== RUN START: 2025-12-16T19:49:01Z user=amhengly pwd=/home/amhengly ===
[WARNING]: Could not match supplied host pattern, ignoring: application

PLAY [Backup database] *********************************************************
skipping: no hosts matched

PLAY RECAP *********************************************************************

=== EXIT 0: 2025-12-16T19:49:03Z ===
=== RUN START: 2025-12-16T19:50:01Z user=amhengly pwd=/home/amhengly ===
[WARNING]: Could not match supplied host pattern, ignoring: application

PLAY [Backup database] *********************************************************
skipping: no hosts matched

PLAY RECAP *********************************************************************

=== EXIT 0: 2025-12-16T19:50:03Z ===
=== RUN START: 2025-12-16T19:51:01Z user=amhengly pwd=/home/amhengly ===
[WARNING]: Could not match supplied host pattern, ignoring: application

PLAY [Backup database] *********************************************************
skipping: no hosts matched

PLAY RECAP *********************************************************************

=== EXIT 0: 2025-12-16T19:51:03Z ===
=== RUN START: 2025-12-16T19:52:01Z user=amhengly pwd=/home/amhengly ===
[WARNING]: Could not match supplied host pattern, ignoring: application

PLAY [Backup database] *********************************************************
skipping: no hosts matched

PLAY RECAP *********************************************************************

=== EXIT 0: 2025-12-16T19:52:02Z ===
=== RUN START: 2025-12-16T19:53:01Z user=amhengly pwd=/home/amhengly ===
[WARNING]: Could not match supplied host pattern, ignoring: application

PLAY [Backup database] *********************************************************
skipping: no hosts matched

PLAY RECAP *********************************************************************

=== EXIT 0: 2025-12-16T19:53:03Z ===
=== RUN START: 2025-12-16T19:54:01Z user=amhengly pwd=/home/amhengly ===
[WARNING]: Could not match supplied host pattern, ignoring: application

PLAY [Backup database] *********************************************************
skipping: no hosts matched

PLAY RECAP *********************************************************************

=== EXIT 0: 2025-12-16T19:54:03Z ===
=== RUN START: 2025-12-16T19:55:01Z user=amhengly pwd=/home/amhengly ===
[WARNING]: Could not match supplied host pattern, ignoring: application

PLAY [Backup database] *********************************************************
skipping: no hosts matched

PLAY RECAP *********************************************************************

=== EXIT 0: 2025-12-16T19:55:03Z ===
=== RUN START: 2025-12-16T19:56:01Z user=amhengly pwd=/home/amhengly ===
[WARNING]: Could not match supplied host pattern, ignoring: application

PLAY [Backup database] *********************************************************
skipping: no hosts matched

PLAY RECAP *********************************************************************

=== EXIT 0: 2025-12-16T19:56:02Z ===
=== RUN START: 2025-12-16T19:57:01Z user=amhengly pwd=/home/amhengly ===
[WARNING]: Could not match supplied host pattern, ignoring: application

PLAY [Backup database] *********************************************************
skipping: no hosts matched

PLAY RECAP *********************************************************************

=== EXIT 0: 2025-12-16T19:57:03Z ===
=== RUN START: 2025-12-16T19:58:01Z user=amhengly pwd=/home/amhengly ===
[WARNING]: Could not match supplied host pattern, ignoring: application

PLAY [Backup database] *********************************************************
skipping: no hosts matched

PLAY RECAP *********************************************************************

=== EXIT 0: 2025-12-16T19:58:02Z ===
=== RUN START: 2025-12-16T19:59:02Z user=amhengly pwd=/home/amhengly ===
[WARNING]: Could not match supplied host pattern, ignoring: application

PLAY [Backup database] *********************************************************
skipping: no hosts matched

PLAY RECAP *********************************************************************

=== EXIT 0: 2025-12-16T19:59:03Z ===
=== RUN START: 2025-12-16T20:00:01Z user=amhengly pwd=/home/amhengly ===
[WARNING]: Could not match supplied host pattern, ignoring: application

PLAY [Backup database] *********************************************************
skipping: no hosts matched

PLAY RECAP *********************************************************************

=== EXIT 0: 2025-12-16T20:00:03Z ===
=== RUN START: 2025-12-16T20:01:01Z user=amhengly pwd=/home/amhengly ===
[WARNING]: Could not match supplied host pattern, ignoring: application

PLAY [Backup database] *********************************************************
skipping: no hosts matched

PLAY RECAP *********************************************************************

=== EXIT 0: 2025-12-16T20:01:03Z ===
=== RUN START: 2025-12-16T20:02:01Z user=amhengly pwd=/home/amhengly ===
[WARNING]: Could not match supplied host pattern, ignoring: application

PLAY [Backup database] *********************************************************
skipping: no hosts matched

PLAY RECAP *********************************************************************

=== EXIT 0: 2025-12-16T20:02:02Z ===
=== RUN START: 2025-12-16T20:03:01Z user=amhengly pwd=/home/amhengly ===
[WARNING]: Could not match supplied host pattern, ignoring: application

PLAY [Backup database] *********************************************************
skipping: no hosts matched

PLAY RECAP *********************************************************************

=== EXIT 0: 2025-12-16T20:03:03Z ===
=== RUN START: 2025-12-16T20:04:01Z user=amhengly pwd=/home/amhengly ===
[WARNING]: Could not match supplied host pattern, ignoring: application

PLAY [Backup database] *********************************************************
skipping: no hosts matched

PLAY RECAP *********************************************************************

=== EXIT 0: 2025-12-16T20:04:03Z ===
=== RUN START: 2025-12-16T20:05:01Z user=amhengly pwd=/home/amhengly ===
[WARNING]: Could not match supplied host pattern, ignoring: application

PLAY [Backup database] *********************************************************
skipping: no hosts matched

PLAY RECAP *********************************************************************

=== EXIT 0: 2025-12-16T20:05:03Z ===
=== RUN START: 2025-12-16T20:06:01Z user=amhengly pwd=/home/amhengly ===
[WARNING]: Could not match supplied host pattern, ignoring: application

PLAY [Backup database] *********************************************************
skipping: no hosts matched

PLAY RECAP *********************************************************************

=== EXIT 0: 2025-12-16T20:06:03Z ===
=== RUN START: 2025-12-16T20:07:01Z user=amhengly pwd=/home/amhengly ===
[WARNING]: Could not match supplied host pattern, ignoring: application

PLAY [Backup database] *********************************************************
skipping: no hosts matched

PLAY RECAP *********************************************************************

=== EXIT 0: 2025-12-16T20:07:03Z ===
=== RUN START: 2025-12-16T20:08:01Z user=amhengly pwd=/home/amhengly ===
[WARNING]: Could not match supplied host pattern, ignoring: application

PLAY [Backup database] *********************************************************
skipping: no hosts matched

PLAY RECAP *********************************************************************

=== EXIT 0: 2025-12-16T20:08:02Z ===
=== RUN START: 2025-12-16T20:09:01Z user=amhengly pwd=/home/amhengly ===
[WARNING]: Could not match supplied host pattern, ignoring: application

PLAY [Backup database] *********************************************************
skipping: no hosts matched

PLAY RECAP *********************************************************************

=== EXIT 0: 2025-12-16T20:09:03Z ===
=== RUN START: 2025-12-16T20:10:01Z user=amhengly pwd=/home/amhengly ===
[WARNING]: Could not match supplied host pattern, ignoring: application

PLAY [Backup database] *********************************************************
skipping: no hosts matched

PLAY RECAP *********************************************************************

=== EXIT 0: 2025-12-16T20:10:03Z ===
=== RUN START: 2025-12-16T20:11:01Z user=amhengly pwd=/home/amhengly ===
[WARNING]: Could not match supplied host pattern, ignoring: application

PLAY [Backup database] *********************************************************
skipping: no hosts matched

PLAY RECAP *********************************************************************

=== EXIT 0: 2025-12-16T20:11:03Z ===
=== RUN START: 2025-12-16T20:12:01Z user=amhengly pwd=/home/amhengly ===
[WARNING]: Could not match supplied host pattern, ignoring: application

PLAY [Backup database] *********************************************************
skipping: no hosts matched

PLAY RECAP *********************************************************************

=== EXIT 0: 2025-12-16T20:12:03Z ===
=== RUN START: 2025-12-16T20:13:01Z user=amhengly pwd=/home/amhengly ===
[WARNING]: Could not match supplied host pattern, ignoring: application

PLAY [Backup database] *********************************************************
skipping: no hosts matched

PLAY RECAP *********************************************************************

=== EXIT 0: 2025-12-16T20:13:02Z ===
=== RUN START: 2025-12-16T20:14:01Z user=amhengly pwd=/home/amhengly ===
[WARNING]: Could not match supplied host pattern, ignoring: application

PLAY [Backup database] *********************************************************
skipping: no hosts matched

PLAY RECAP *********************************************************************

=== EXIT 0: 2025-12-16T20:14:03Z ===
=== RUN START: 2025-12-16T20:15:01Z user=amhengly pwd=/home/amhengly ===
[WARNING]: Could not match supplied host pattern, ignoring: application

PLAY [Backup database] *********************************************************
skipping: no hosts matched

PLAY RECAP *********************************************************************

=== EXIT 0: 2025-12-16T20:15:03Z ===
=== RUN START: 2025-12-16T20:16:01Z user=amhengly pwd=/home/amhengly ===
[WARNING]: Could not match supplied host pattern, ignoring: application

PLAY [Backup database] *********************************************************
skipping: no hosts matched

PLAY RECAP *********************************************************************

=== EXIT 0: 2025-12-16T20:16:03Z ===
=== RUN START: 2025-12-16T20:17:01Z user=amhengly pwd=/home/amhengly ===
[WARNING]: Could not match supplied host pattern, ignoring: application

PLAY [Backup database] *********************************************************
skipping: no hosts matched

PLAY RECAP *********************************************************************

=== EXIT 0: 2025-12-16T20:17:02Z ===
=== RUN START: 2025-12-16T20:18:01Z user=amhengly pwd=/home/amhengly ===
[WARNING]: Could not match supplied host pattern, ignoring: application

PLAY [Backup database] *********************************************************
skipping: no hosts matched

PLAY RECAP *********************************************************************

=== EXIT 0: 2025-12-16T20:18:03Z ===
=== RUN START: 2025-12-16T20:19:01Z user=amhengly pwd=/home/amhengly ===
[WARNING]: Could not match supplied host pattern, ignoring: application

PLAY [Backup database] *********************************************************
skipping: no hosts matched

PLAY RECAP *********************************************************************

=== EXIT 0: 2025-12-16T20:19:03Z ===
=== RUN START: 2025-12-16T20:20:01Z user=amhengly pwd=/home/amhengly ===
[WARNING]: Could not match supplied host pattern, ignoring: application

PLAY [Backup database] *********************************************************
skipping: no hosts matched

PLAY RECAP *********************************************************************

=== EXIT 0: 2025-12-16T20:20:03Z ===
=== RUN START: 2025-12-16T20:21:01Z user=amhengly pwd=/home/amhengly ===
[WARNING]: Could not match supplied host pattern, ignoring: application

PLAY [Backup database] *********************************************************
skipping: no hosts matched

PLAY RECAP *********************************************************************

=== EXIT 0: 2025-12-16T20:21:02Z ===
=== RUN START: 2025-12-16T20:22:01Z user=amhengly pwd=/home/amhengly ===
[WARNING]: Could not match supplied host pattern, ignoring: application

PLAY [Backup database] *********************************************************
skipping: no hosts matched

PLAY RECAP *********************************************************************

=== EXIT 0: 2025-12-16T20:22:03Z ===
=== RUN START: 2025-12-16T20:23:01Z user=amhengly pwd=/home/amhengly ===
[WARNING]: Could not match supplied host pattern, ignoring: application

PLAY [Backup database] *********************************************************
skipping: no hosts matched

PLAY RECAP *********************************************************************

=== EXIT 0: 2025-12-16T20:23:03Z ===
=== RUN START: 2025-12-16T20:24:01Z user=amhengly pwd=/home/amhengly ===
[WARNING]: Could not match supplied host pattern, ignoring: application

PLAY [Backup database] *********************************************************
skipping: no hosts matched

PLAY RECAP *********************************************************************

=== EXIT 0: 2025-12-16T20:24:02Z ===
=== RUN START: 2025-12-16T20:25:01Z user=amhengly pwd=/home/amhengly ===
[WARNING]: Could not match supplied host pattern, ignoring: application

PLAY [Backup database] *********************************************************
skipping: no hosts matched

PLAY RECAP *********************************************************************

=== EXIT 0: 2025-12-16T20:25:03Z ===
=== RUN START: 2025-12-16T20:26:01Z user=amhengly pwd=/home/amhengly ===
[WARNING]: Could not match supplied host pattern, ignoring: application

PLAY [Backup database] *********************************************************
skipping: no hosts matched

PLAY RECAP *********************************************************************

=== EXIT 0: 2025-12-16T20:26:03Z ===
=== RUN START: 2025-12-16T20:27:01Z user=amhengly pwd=/home/amhengly ===
[WARNING]: Could not match supplied host pattern, ignoring: application

PLAY [Backup database] *********************************************************
skipping: no hosts matched

PLAY RECAP *********************************************************************

=== EXIT 0: 2025-12-16T20:27:02Z ===
=== RUN START: 2025-12-16T20:28:01Z user=amhengly pwd=/home/amhengly ===
[WARNING]: Could not match supplied host pattern, ignoring: application

PLAY [Backup database] *********************************************************
skipping: no hosts matched

PLAY RECAP *********************************************************************

=== EXIT 0: 2025-12-16T20:28:03Z ===
=== RUN START: 2025-12-16T20:29:01Z user=amhengly pwd=/home/amhengly ===
[WARNING]: Could not match supplied host pattern, ignoring: application

PLAY [Backup database] *********************************************************
skipping: no hosts matched

PLAY RECAP *********************************************************************

=== EXIT 0: 2025-12-16T20:29:03Z ===
=== RUN START: 2025-12-16T20:30:01Z user=amhengly pwd=/home/amhengly ===
[WARNING]: Could not match supplied host pattern, ignoring: application

PLAY [Backup database] *********************************************************
skipping: no hosts matched

PLAY RECAP *********************************************************************

=== EXIT 0: 2025-12-16T20:30:03Z ===
=== RUN START: 2025-12-16T20:31:01Z user=amhengly pwd=/home/amhengly ===
[WARNING]: Could not match supplied host pattern, ignoring: application

PLAY [Backup database] *********************************************************
skipping: no hosts matched

PLAY RECAP *********************************************************************

=== EXIT 0: 2025-12-16T20:31:03Z ===
=== RUN START: 2025-12-16T20:32:01Z user=amhengly pwd=/home/amhengly ===
[WARNING]: Could not match supplied host pattern, ignoring: application

PLAY [Backup database] *********************************************************
skipping: no hosts matched

PLAY RECAP *********************************************************************

=== EXIT 0: 2025-12-16T20:32:02Z ===
=== RUN START: 2025-12-16T20:33:01Z user=amhengly pwd=/home/amhengly ===
[WARNING]: Could not match supplied host pattern, ignoring: application

PLAY [Backup database] *********************************************************
skipping: no hosts matched

PLAY RECAP *********************************************************************

=== EXIT 0: 2025-12-16T20:33:03Z ===
=== RUN START: 2025-12-16T20:34:01Z user=amhengly pwd=/home/amhengly ===
[WARNING]: Could not match supplied host pattern, ignoring: application

PLAY [Backup database] *********************************************************
skipping: no hosts matched

PLAY RECAP *********************************************************************

=== EXIT 0: 2025-12-16T20:34:03Z ===
=== RUN START: 2025-12-16T20:35:01Z user=amhengly pwd=/home/amhengly ===
[WARNING]: Could not match supplied host pattern, ignoring: application

PLAY [Backup database] *********************************************************
skipping: no hosts matched

PLAY RECAP *********************************************************************

=== EXIT 0: 2025-12-16T20:35:03Z ===
=== RUN START: 2025-12-16T20:36:01Z user=amhengly pwd=/home/amhengly ===
[WARNING]: Could not match supplied host pattern, ignoring: application

PLAY [Backup database] *********************************************************
skipping: no hosts matched

PLAY RECAP *********************************************************************

=== EXIT 0: 2025-12-16T20:36:03Z ===
=== RUN START: 2025-12-16T20:37:01Z user=amhengly pwd=/home/amhengly ===
[WARNING]: Could not match supplied host pattern, ignoring: application

PLAY [Backup database] *********************************************************
skipping: no hosts matched

PLAY RECAP *********************************************************************

=== EXIT 0: 2025-12-16T20:37:02Z ===
=== RUN START: 2025-12-16T20:38:01Z user=amhengly pwd=/home/amhengly ===
[WARNING]: Could not match supplied host pattern, ignoring: application

PLAY [Backup database] *********************************************************
skipping: no hosts matched

PLAY RECAP *********************************************************************

=== EXIT 0: 2025-12-16T20:38:03Z ===
=== RUN START: 2025-12-16T20:39:01Z user=amhengly pwd=/home/amhengly ===
[WARNING]: Could not match supplied host pattern, ignoring: application

PLAY [Backup database] *********************************************************
skipping: no hosts matched

PLAY RECAP *********************************************************************

=== EXIT 0: 2025-12-16T20:39:03Z ===
=== RUN START: 2025-12-16T20:40:01Z user=amhengly pwd=/home/amhengly ===
[WARNING]: Could not match supplied host pattern, ignoring: application

PLAY [Backup database] *********************************************************
skipping: no hosts matched

PLAY RECAP *********************************************************************

=== EXIT 0: 2025-12-16T20:40:03Z ===
=== RUN START: 2025-12-16T20:41:01Z user=amhengly pwd=/home/amhengly ===
[WARNING]: Could not match supplied host pattern, ignoring: application

PLAY [Backup database] *********************************************************
skipping: no hosts matched

PLAY RECAP *********************************************************************

=== EXIT 0: 2025-12-16T20:41:03Z ===
=== RUN START: 2025-12-16T20:42:01Z user=amhengly pwd=/home/amhengly ===
[WARNING]: Could not match supplied host pattern, ignoring: application

PLAY [Backup database] *********************************************************
skipping: no hosts matched

PLAY RECAP *********************************************************************

=== EXIT 0: 2025-12-16T20:42:02Z ===
=== RUN START: 2025-12-16T20:43:01Z user=amhengly pwd=/home/amhengly ===
[WARNING]: Could not match supplied host pattern, ignoring: application

PLAY [Backup database] *********************************************************
skipping: no hosts matched

PLAY RECAP *********************************************************************

=== EXIT 0: 2025-12-16T20:43:03Z ===
=== RUN START: 2025-12-16T20:44:01Z user=amhengly pwd=/home/amhengly ===
[WARNING]: Could not match supplied host pattern, ignoring: application

PLAY [Backup database] *********************************************************
skipping: no hosts matched

PLAY RECAP *********************************************************************

=== EXIT 0: 2025-12-16T20:44:03Z ===
=== RUN START: 2025-12-16T20:45:01Z user=amhengly pwd=/home/amhengly ===
[WARNING]: Could not match supplied host pattern, ignoring: application

PLAY [Backup database] *********************************************************
skipping: no hosts matched

PLAY RECAP *********************************************************************

=== EXIT 0: 2025-12-16T20:45:02Z ===
=== RUN START: 2025-12-16T20:46:02Z user=amhengly pwd=/home/amhengly ===
[WARNING]: Could not match supplied host pattern, ignoring: application

PLAY [Backup database] *********************************************************
skipping: no hosts matched

PLAY RECAP *********************************************************************

=== EXIT 0: 2025-12-16T20:46:03Z ===
=== RUN START: 2025-12-16T20:47:01Z user=amhengly pwd=/home/amhengly ===
[WARNING]: Could not match supplied host pattern, ignoring: application

PLAY [Backup database] *********************************************************
skipping: no hosts matched

PLAY RECAP *********************************************************************

=== EXIT 0: 2025-12-16T20:47:03Z ===
=== RUN START: 2025-12-16T20:48:01Z user=amhengly pwd=/home/amhengly ===
[WARNING]: Could not match supplied host pattern, ignoring: application

PLAY [Backup database] *********************************************************
skipping: no hosts matched

PLAY RECAP *********************************************************************

=== EXIT 0: 2025-12-16T20:48:03Z ===
=== RUN START: 2025-12-16T20:49:01Z user=amhengly pwd=/home/amhengly ===
[WARNING]: Could not match supplied host pattern, ignoring: application

PLAY [Backup database] *********************************************************
skipping: no hosts matched

PLAY RECAP *********************************************************************

=== EXIT 0: 2025-12-16T20:49:02Z ===
=== RUN START: 2025-12-16T20:50:01Z user=amhengly pwd=/home/amhengly ===
[WARNING]: Could not match supplied host pattern, ignoring: application

PLAY [Backup database] *********************************************************
skipping: no hosts matched

PLAY RECAP *********************************************************************

=== EXIT 0: 2025-12-16T20:50:03Z ===
=== RUN START: 2025-12-16T20:51:01Z user=amhengly pwd=/home/amhengly ===
[WARNING]: Could not match supplied host pattern, ignoring: application

PLAY [Backup database] *********************************************************
skipping: no hosts matched

PLAY RECAP *********************************************************************

=== EXIT 0: 2025-12-16T20:51:03Z ===
=== RUN START: 2025-12-16T20:52:01Z user=amhengly pwd=/home/amhengly ===
[WARNING]: Could not match supplied host pattern, ignoring: application

PLAY [Backup database] *********************************************************
skipping: no hosts matched

PLAY RECAP *********************************************************************

=== EXIT 0: 2025-12-16T20:52:03Z ===
=== RUN START: 2025-12-16T20:53:01Z user=amhengly pwd=/home/amhengly ===
[WARNING]: Could not match supplied host pattern, ignoring: application

PLAY [Backup database] *********************************************************
skipping: no hosts matched

PLAY RECAP *********************************************************************

=== EXIT 0: 2025-12-16T20:53:02Z ===
=== RUN START: 2025-12-16T20:54:02Z user=amhengly pwd=/home/amhengly ===
[WARNING]: Could not match supplied host pattern, ignoring: application

PLAY [Backup database] *********************************************************
skipping: no hosts matched

PLAY RECAP *********************************************************************

=== EXIT 0: 2025-12-16T20:54:03Z ===
=== RUN START: 2025-12-16T20:55:01Z user=amhengly pwd=/home/amhengly ===
[WARNING]: Could not match supplied host pattern, ignoring: application

PLAY [Backup database] *********************************************************
skipping: no hosts matched

PLAY RECAP *********************************************************************

=== EXIT 0: 2025-12-16T20:55:03Z ===
=== RUN START: 2025-12-16T20:56:01Z user=amhengly pwd=/home/amhengly ===
[WARNING]: Could not match supplied host pattern, ignoring: application

PLAY [Backup database] *********************************************************
skipping: no hosts matched

PLAY RECAP *********************************************************************

=== EXIT 0: 2025-12-16T20:56:03Z ===
=== RUN START: 2025-12-16T20:57:01Z user=amhengly pwd=/home/amhengly ===
[WARNING]: Could not match supplied host pattern, ignoring: application

PLAY [Backup database] *********************************************************
skipping: no hosts matched

PLAY RECAP *********************************************************************

=== EXIT 0: 2025-12-16T20:57:03Z ===
=== RUN START: 2025-12-16T20:58:01Z user=amhengly pwd=/home/amhengly ===
[WARNING]: Could not match supplied host pattern, ignoring: application

PLAY [Backup database] *********************************************************
skipping: no hosts matched

PLAY RECAP *********************************************************************

=== EXIT 0: 2025-12-16T20:58:02Z ===
=== RUN START: 2025-12-16T20:59:01Z user=amhengly pwd=/home/amhengly ===
[WARNING]: Could not match supplied host pattern, ignoring: application

PLAY [Backup database] *********************************************************
skipping: no hosts matched

PLAY RECAP *********************************************************************

=== EXIT 0: 2025-12-16T20:59:03Z ===
=== RUN START: 2025-12-16T21:00:01Z user=amhengly pwd=/home/amhengly ===
[WARNING]: Could not match supplied host pattern, ignoring: application

PLAY [Backup database] *********************************************************
skipping: no hosts matched

PLAY RECAP *********************************************************************

=== EXIT 0: 2025-12-16T21:00:03Z ===
=== RUN START: 2025-12-16T21:01:01Z user=amhengly pwd=/home/amhengly ===
[WARNING]: Could not match supplied host pattern, ignoring: application

PLAY [Backup database] *********************************************************
skipping: no hosts matched

PLAY RECAP *********************************************************************

=== EXIT 0: 2025-12-16T21:01:03Z ===
=== RUN START: 2025-12-16T21:02:01Z user=amhengly pwd=/home/amhengly ===
[WARNING]: Could not match supplied host pattern, ignoring: application

PLAY [Backup database] *********************************************************
skipping: no hosts matched

PLAY RECAP *********************************************************************

=== EXIT 0: 2025-12-16T21:02:03Z ===
=== RUN START: 2025-12-16T21:03:01Z user=amhengly pwd=/home/amhengly ===
[WARNING]: Could not match supplied host pattern, ignoring: application

PLAY [Backup database] *********************************************************
skipping: no hosts matched

PLAY RECAP *********************************************************************

=== EXIT 0: 2025-12-16T21:03:02Z ===
=== RUN START: 2025-12-16T21:04:01Z user=amhengly pwd=/home/amhengly ===
[WARNING]: Could not match supplied host pattern, ignoring: application

PLAY [Backup database] *********************************************************
skipping: no hosts matched

PLAY RECAP *********************************************************************

=== EXIT 0: 2025-12-16T21:04:03Z ===
=== RUN START: 2025-12-16T21:05:01Z user=amhengly pwd=/home/amhengly ===
[WARNING]: Could not match supplied host pattern, ignoring: application

PLAY [Backup database] *********************************************************
skipping: no hosts matched

PLAY RECAP *********************************************************************

=== EXIT 0: 2025-12-16T21:05:03Z ===
=== RUN START: 2025-12-16T21:06:01Z user=amhengly pwd=/home/amhengly ===
[WARNING]: Could not match supplied host pattern, ignoring: application

PLAY [Backup database] *********************************************************
skipping: no hosts matched

PLAY RECAP *********************************************************************

=== EXIT 0: 2025-12-16T21:06:02Z ===
=== RUN START: 2025-12-16T21:07:02Z user=amhengly pwd=/home/amhengly ===
[WARNING]: Could not match supplied host pattern, ignoring: application

PLAY [Backup database] *********************************************************
skipping: no hosts matched

PLAY RECAP *********************************************************************

=== EXIT 0: 2025-12-16T21:07:03Z ===
=== RUN START: 2025-12-16T21:08:01Z user=amhengly pwd=/home/amhengly ===
[WARNING]: Could not match supplied host pattern, ignoring: application

PLAY [Backup database] *********************************************************
skipping: no hosts matched

PLAY RECAP *********************************************************************

=== EXIT 0: 2025-12-16T21:08:03Z ===
=== RUN START: 2025-12-16T21:09:01Z user=amhengly pwd=/home/amhengly ===
[WARNING]: Could not match supplied host pattern, ignoring: application

PLAY [Backup database] *********************************************************
skipping: no hosts matched

PLAY RECAP *********************************************************************

=== EXIT 0: 2025-12-16T21:09:04Z ===
=== RUN START: 2025-12-16T21:10:01Z user=amhengly pwd=/home/amhengly ===
[WARNING]: Could not match supplied host pattern, ignoring: application

PLAY [Backup database] *********************************************************
skipping: no hosts matched

PLAY RECAP *********************************************************************

=== EXIT 0: 2025-12-16T21:10:03Z ===
=== RUN START: 2025-12-16T21:11:01Z user=amhengly pwd=/home/amhengly ===
[WARNING]: Could not match supplied host pattern, ignoring: application

PLAY [Backup database] *********************************************************
skipping: no hosts matched

PLAY RECAP *********************************************************************

=== EXIT 0: 2025-12-16T21:11:02Z ===
=== RUN START: 2025-12-16T21:12:01Z user=amhengly pwd=/home/amhengly ===
[WARNING]: Could not match supplied host pattern, ignoring: application

PLAY [Backup database] *********************************************************
skipping: no hosts matched

PLAY RECAP *********************************************************************

=== EXIT 0: 2025-12-16T21:12:03Z ===
=== RUN START: 2025-12-16T21:13:01Z user=amhengly pwd=/home/amhengly ===
[WARNING]: Could not match supplied host pattern, ignoring: application

PLAY [Backup database] *********************************************************
skipping: no hosts matched

PLAY RECAP *********************************************************************

=== EXIT 0: 2025-12-16T21:13:03Z ===
=== RUN START: 2025-12-16T21:14:01Z user=amhengly pwd=/home/amhengly ===
[WARNING]: Could not match supplied host pattern, ignoring: application

PLAY [Backup database] *********************************************************
skipping: no hosts matched

PLAY RECAP *********************************************************************

=== EXIT 0: 2025-12-16T21:14:02Z ===
=== RUN START: 2025-12-16T21:15:01Z user=amhengly pwd=/home/amhengly ===
[WARNING]: Could not match supplied host pattern, ignoring: application

PLAY [Backup database] *********************************************************
skipping: no hosts matched

PLAY RECAP *********************************************************************

=== EXIT 0: 2025-12-16T21:15:03Z ===
=== RUN START: 2025-12-16T21:16:01Z user=amhengly pwd=/home/amhengly ===
[WARNING]: Could not match supplied host pattern, ignoring: application

PLAY [Backup database] *********************************************************
skipping: no hosts matched

PLAY RECAP *********************************************************************

=== EXIT 0: 2025-12-16T21:16:03Z ===
=== RUN START: 2025-12-16T21:17:01Z user=amhengly pwd=/home/amhengly ===
[WARNING]: Could not match supplied host pattern, ignoring: application

PLAY [Backup database] *********************************************************
skipping: no hosts matched

PLAY RECAP *********************************************************************

=== EXIT 0: 2025-12-16T21:17:03Z ===
=== RUN START: 2025-12-16T21:18:01Z user=amhengly pwd=/home/amhengly ===
[WARNING]: Could not match supplied host pattern, ignoring: application

PLAY [Backup database] *********************************************************
skipping: no hosts matched

PLAY RECAP *********************************************************************

=== EXIT 0: 2025-12-16T21:18:03Z ===
=== RUN START: 2025-12-16T21:19:01Z user=amhengly pwd=/home/amhengly ===
[WARNING]: Could not match supplied host pattern, ignoring: application

PLAY [Backup database] *********************************************************
skipping: no hosts matched

PLAY RECAP *********************************************************************

=== EXIT 0: 2025-12-16T21:19:02Z ===
=== RUN START: 2025-12-16T21:20:01Z user=amhengly pwd=/home/amhengly ===
[WARNING]: Could not match supplied host pattern, ignoring: application

PLAY [Backup database] *********************************************************
skipping: no hosts matched

PLAY RECAP *********************************************************************

=== EXIT 0: 2025-12-16T21:20:03Z ===
=== RUN START: 2025-12-16T21:21:01Z user=amhengly pwd=/home/amhengly ===
[WARNING]: Could not match supplied host pattern, ignoring: application

PLAY [Backup database] *********************************************************
skipping: no hosts matched

PLAY RECAP *********************************************************************

=== EXIT 0: 2025-12-16T21:21:03Z ===
=== RUN START: 2025-12-16T21:22:01Z user=amhengly pwd=/home/amhengly ===
[WARNING]: Could not match supplied host pattern, ignoring: application

PLAY [Backup database] *********************************************************
skipping: no hosts matched

PLAY RECAP *********************************************************************

=== EXIT 0: 2025-12-16T21:22:03Z ===
=== RUN START: 2025-12-16T21:23:01Z user=amhengly pwd=/home/amhengly ===
[WARNING]: Could not match supplied host pattern, ignoring: application

PLAY [Backup database] *********************************************************
skipping: no hosts matched

PLAY RECAP *********************************************************************

=== EXIT 0: 2025-12-16T21:23:02Z ===
=== RUN START: 2025-12-16T21:24:01Z user=amhengly pwd=/home/amhengly ===
[WARNING]: Could not match supplied host pattern, ignoring: application

PLAY [Backup database] *********************************************************
skipping: no hosts matched

PLAY RECAP *********************************************************************

=== EXIT 0: 2025-12-16T21:24:03Z ===
=== RUN START: 2025-12-16T21:25:01Z user=amhengly pwd=/home/amhengly ===
[WARNING]: Could not match supplied host pattern, ignoring: application

PLAY [Backup database] *********************************************************
skipping: no hosts matched

PLAY RECAP *********************************************************************

=== EXIT 0: 2025-12-16T21:25:03Z ===
=== RUN START: 2025-12-16T21:26:01Z user=amhengly pwd=/home/amhengly ===
[WARNING]: Could not match supplied host pattern, ignoring: application

PLAY [Backup database] *********************************************************
skipping: no hosts matched

PLAY RECAP *********************************************************************

=== EXIT 0: 2025-12-16T21:26:03Z ===
=== RUN START: 2025-12-16T21:27:01Z user=amhengly pwd=/home/amhengly ===
[WARNING]: Could not match supplied host pattern, ignoring: application

PLAY [Backup database] *********************************************************
skipping: no hosts matched

PLAY RECAP *********************************************************************

=== EXIT 0: 2025-12-16T21:27:02Z ===
=== RUN START: 2025-12-16T21:28:01Z user=amhengly pwd=/home/amhengly ===
[WARNING]: Could not match supplied host pattern, ignoring: application

PLAY [Backup database] *********************************************************
skipping: no hosts matched

PLAY RECAP *********************************************************************

=== EXIT 0: 2025-12-16T21:28:03Z ===
=== RUN START: 2025-12-16T21:29:01Z user=amhengly pwd=/home/amhengly ===
[WARNING]: Could not match supplied host pattern, ignoring: application

PLAY [Backup database] *********************************************************
skipping: no hosts matched

PLAY RECAP *********************************************************************

=== EXIT 0: 2025-12-16T21:29:03Z ===
=== RUN START: 2025-12-16T21:30:01Z user=amhengly pwd=/home/amhengly ===
[WARNING]: Could not match supplied host pattern, ignoring: application

PLAY [Backup database] *********************************************************
skipping: no hosts matched

PLAY RECAP *********************************************************************

=== EXIT 0: 2025-12-16T21:30:03Z ===
=== RUN START: 2025-12-16T21:31:01Z user=amhengly pwd=/home/amhengly ===
[WARNING]: Could not match supplied host pattern, ignoring: application

PLAY [Backup database] *********************************************************
skipping: no hosts matched

PLAY RECAP *********************************************************************

=== EXIT 0: 2025-12-16T21:31:03Z ===
=== RUN START: 2025-12-16T21:32:01Z user=amhengly pwd=/home/amhengly ===
[WARNING]: Could not match supplied host pattern, ignoring: application

PLAY [Backup database] *********************************************************
skipping: no hosts matched

PLAY RECAP *********************************************************************

=== EXIT 0: 2025-12-16T21:32:02Z ===
=== RUN START: 2025-12-16T21:33:01Z user=amhengly pwd=/home/amhengly ===
[WARNING]: Could not match supplied host pattern, ignoring: application

PLAY [Backup database] *********************************************************
skipping: no hosts matched

PLAY RECAP *********************************************************************

=== EXIT 0: 2025-12-16T21:33:03Z ===
=== RUN START: 2025-12-16T21:34:01Z user=amhengly pwd=/home/amhengly ===
[WARNING]: Could not match supplied host pattern, ignoring: application

PLAY [Backup database] *********************************************************
skipping: no hosts matched

PLAY RECAP *********************************************************************

=== EXIT 0: 2025-12-16T21:34:02Z ===
=== RUN START: 2025-12-16T21:35:01Z user=amhengly pwd=/home/amhengly ===
[WARNING]: Could not match supplied host pattern, ignoring: application

PLAY [Backup database] *********************************************************
skipping: no hosts matched

PLAY RECAP *********************************************************************

=== EXIT 0: 2025-12-16T21:35:03Z ===
=== RUN START: 2025-12-16T21:36:01Z user=amhengly pwd=/home/amhengly ===
[WARNING]: Could not match supplied host pattern, ignoring: application

PLAY [Backup database] *********************************************************
skipping: no hosts matched

PLAY RECAP *********************************************************************

=== EXIT 0: 2025-12-16T21:36:03Z ===
=== RUN START: 2025-12-16T21:37:01Z user=amhengly pwd=/home/amhengly ===
[WARNING]: Could not match supplied host pattern, ignoring: application

PLAY [Backup database] *********************************************************
skipping: no hosts matched

PLAY RECAP *********************************************************************

=== EXIT 0: 2025-12-16T21:37:02Z ===
=== RUN START: 2025-12-16T21:38:01Z user=amhengly pwd=/home/amhengly ===
[WARNING]: Could not match supplied host pattern, ignoring: application

PLAY [Backup database] *********************************************************
skipping: no hosts matched

PLAY RECAP *********************************************************************

=== EXIT 0: 2025-12-16T21:38:03Z ===
=== RUN START: 2025-12-16T21:39:01Z user=amhengly pwd=/home/amhengly ===
[WARNING]: Could not match supplied host pattern, ignoring: application

PLAY [Backup database] *********************************************************
skipping: no hosts matched

PLAY RECAP *********************************************************************

=== EXIT 0: 2025-12-16T21:39:03Z ===
=== RUN START: 2025-12-16T21:40:01Z user=amhengly pwd=/home/amhengly ===
[WARNING]: Could not match supplied host pattern, ignoring: application

PLAY [Backup database] *********************************************************
skipping: no hosts matched

PLAY RECAP *********************************************************************

=== EXIT 0: 2025-12-16T21:40:03Z ===
=== RUN START: 2025-12-16T21:41:01Z user=amhengly pwd=/home/amhengly ===
[WARNING]: Could not match supplied host pattern, ignoring: application

PLAY [Backup database] *********************************************************
skipping: no hosts matched

PLAY RECAP *********************************************************************

=== EXIT 0: 2025-12-16T21:41:02Z ===
=== RUN START: 2025-12-16T21:42:01Z user=amhengly pwd=/home/amhengly ===
[WARNING]: Could not match supplied host pattern, ignoring: application

PLAY [Backup database] *********************************************************
skipping: no hosts matched

PLAY RECAP *********************************************************************

=== EXIT 0: 2025-12-16T21:42:03Z ===
=== RUN START: 2025-12-16T21:43:01Z user=amhengly pwd=/home/amhengly ===
[WARNING]: Could not match supplied host pattern, ignoring: application

PLAY [Backup database] *********************************************************
skipping: no hosts matched

PLAY RECAP *********************************************************************

=== EXIT 0: 2025-12-16T21:43:03Z ===
=== RUN START: 2025-12-16T21:44:01Z user=amhengly pwd=/home/amhengly ===
[WARNING]: Could not match supplied host pattern, ignoring: application

PLAY [Backup database] *********************************************************
skipping: no hosts matched

PLAY RECAP *********************************************************************

=== EXIT 0: 2025-12-16T21:44:02Z ===
=== RUN START: 2025-12-16T21:45:01Z user=amhengly pwd=/home/amhengly ===
[WARNING]: Could not match supplied host pattern, ignoring: application

PLAY [Backup database] *********************************************************
skipping: no hosts matched

PLAY RECAP *********************************************************************

=== EXIT 0: 2025-12-16T21:45:02Z ===
=== RUN START: 2025-12-16T21:46:01Z user=amhengly pwd=/home/amhengly ===
[WARNING]: Could not match supplied host pattern, ignoring: application

PLAY [Backup database] *********************************************************
skipping: no hosts matched

PLAY RECAP *********************************************************************

=== EXIT 0: 2025-12-16T21:46:03Z ===
=== RUN START: 2025-12-16T21:47:01Z user=amhengly pwd=/home/amhengly ===
[WARNING]: Could not match supplied host pattern, ignoring: application

PLAY [Backup database] *********************************************************
skipping: no hosts matched

PLAY RECAP *********************************************************************

=== EXIT 0: 2025-12-16T21:47:03Z ===
=== RUN START: 2025-12-16T21:48:01Z user=amhengly pwd=/home/amhengly ===
[WARNING]: Could not match supplied host pattern, ignoring: application

PLAY [Backup database] *********************************************************
skipping: no hosts matched

PLAY RECAP *********************************************************************

=== EXIT 0: 2025-12-16T21:48:03Z ===
=== RUN START: 2025-12-16T21:49:01Z user=amhengly pwd=/home/amhengly ===
[WARNING]: Could not match supplied host pattern, ignoring: application

PLAY [Backup database] *********************************************************
skipping: no hosts matched

PLAY RECAP *********************************************************************

=== EXIT 0: 2025-12-16T21:49:02Z ===
=== RUN START: 2025-12-16T21:50:01Z user=amhengly pwd=/home/amhengly ===
[WARNING]: Could not match supplied host pattern, ignoring: application

PLAY [Backup database] *********************************************************
skipping: no hosts matched

PLAY RECAP *********************************************************************

=== EXIT 0: 2025-12-16T21:50:03Z ===
=== RUN START: 2025-12-16T21:51:01Z user=amhengly pwd=/home/amhengly ===
[WARNING]: Could not match supplied host pattern, ignoring: application

PLAY [Backup database] *********************************************************
skipping: no hosts matched

PLAY RECAP *********************************************************************

=== EXIT 0: 2025-12-16T21:51:03Z ===
=== RUN START: 2025-12-16T21:52:01Z user=amhengly pwd=/home/amhengly ===
[WARNING]: Could not match supplied host pattern, ignoring: application

PLAY [Backup database] *********************************************************
skipping: no hosts matched

PLAY RECAP *********************************************************************

=== EXIT 0: 2025-12-16T21:52:03Z ===
=== RUN START: 2025-12-16T21:53:01Z user=amhengly pwd=/home/amhengly ===
[WARNING]: Could not match supplied host pattern, ignoring: application

PLAY [Backup database] *********************************************************
skipping: no hosts matched

PLAY RECAP *********************************************************************

=== EXIT 0: 2025-12-16T21:53:02Z ===
=== RUN START: 2025-12-16T21:54:01Z user=amhengly pwd=/home/amhengly ===
[WARNING]: Could not match supplied host pattern, ignoring: application

PLAY [Backup database] *********************************************************
skipping: no hosts matched

PLAY RECAP *********************************************************************

=== EXIT 0: 2025-12-16T21:54:03Z ===
=== RUN START: 2025-12-16T21:55:01Z user=amhengly pwd=/home/amhengly ===
[WARNING]: Could not match supplied host pattern, ignoring: application

PLAY [Backup database] *********************************************************
skipping: no hosts matched

PLAY RECAP *********************************************************************

=== EXIT 0: 2025-12-16T21:55:03Z ===
=== RUN START: 2025-12-16T21:56:01Z user=amhengly pwd=/home/amhengly ===
[WARNING]: Could not match supplied host pattern, ignoring: application

PLAY [Backup database] *********************************************************
skipping: no hosts matched

PLAY RECAP *********************************************************************

=== EXIT 0: 2025-12-16T21:56:03Z ===
=== RUN START: 2025-12-16T21:57:01Z user=amhengly pwd=/home/amhengly ===
[WARNING]: Could not match supplied host pattern, ignoring: application

PLAY [Backup database] *********************************************************
skipping: no hosts matched

PLAY RECAP *********************************************************************

=== EXIT 0: 2025-12-16T21:57:02Z ===
=== RUN START: 2025-12-16T21:58:01Z user=amhengly pwd=/home/amhengly ===
[WARNING]: Could not match supplied host pattern, ignoring: application

PLAY [Backup database] *********************************************************
skipping: no hosts matched

PLAY RECAP *********************************************************************

=== EXIT 0: 2025-12-16T21:58:03Z ===
=== RUN START: 2025-12-16T21:59:01Z user=amhengly pwd=/home/amhengly ===
[WARNING]: Could not match supplied host pattern, ignoring: application

PLAY [Backup database] *********************************************************
skipping: no hosts matched

PLAY RECAP *********************************************************************

=== EXIT 0: 2025-12-16T21:59:03Z ===
=== RUN START: 2025-12-16T22:00:01Z user=amhengly pwd=/home/amhengly ===
[WARNING]: Could not match supplied host pattern, ignoring: application

PLAY [Backup database] *********************************************************
skipping: no hosts matched

PLAY RECAP *********************************************************************

=== EXIT 0: 2025-12-16T22:00:02Z ===
=== RUN START: 2025-12-16T22:01:01Z user=amhengly pwd=/home/amhengly ===
[WARNING]: Could not match supplied host pattern, ignoring: application

PLAY [Backup database] *********************************************************
skipping: no hosts matched

PLAY RECAP *********************************************************************

=== EXIT 0: 2025-12-16T22:01:03Z ===
=== RUN START: 2025-12-16T22:02:01Z user=amhengly pwd=/home/amhengly ===
[WARNING]: Could not match supplied host pattern, ignoring: application

PLAY [Backup database] *********************************************************
skipping: no hosts matched

PLAY RECAP *********************************************************************

=== EXIT 0: 2025-12-16T22:02:03Z ===
=== RUN START: 2025-12-16T22:03:01Z user=amhengly pwd=/home/amhengly ===
[WARNING]: Could not match supplied host pattern, ignoring: application

PLAY [Backup database] *********************************************************
skipping: no hosts matched

PLAY RECAP *********************************************************************

=== EXIT 0: 2025-12-16T22:03:02Z ===
=== RUN START: 2025-12-16T22:04:01Z user=amhengly pwd=/home/amhengly ===
[WARNING]: Could not match supplied host pattern, ignoring: application

PLAY [Backup database] *********************************************************
skipping: no hosts matched

PLAY RECAP *********************************************************************

=== EXIT 0: 2025-12-16T22:04:03Z ===
=== RUN START: 2025-12-16T22:05:01Z user=amhengly pwd=/home/amhengly ===
[WARNING]: Could not match supplied host pattern, ignoring: application

PLAY [Backup database] *********************************************************
skipping: no hosts matched

PLAY RECAP *********************************************************************

=== EXIT 0: 2025-12-16T22:05:03Z ===
=== RUN START: 2025-12-16T22:06:01Z user=amhengly pwd=/home/amhengly ===
[WARNING]: Could not match supplied host pattern, ignoring: application

PLAY [Backup database] *********************************************************
skipping: no hosts matched

PLAY RECAP *********************************************************************

=== EXIT 0: 2025-12-16T22:06:03Z ===
=== RUN START: 2025-12-16T22:07:01Z user=amhengly pwd=/home/amhengly ===
[WARNING]: Could not match supplied host pattern, ignoring: application

PLAY [Backup database] *********************************************************
skipping: no hosts matched

PLAY RECAP *********************************************************************

=== EXIT 0: 2025-12-16T22:07:02Z ===
=== RUN START: 2025-12-16T22:08:02Z user=amhengly pwd=/home/amhengly ===
[WARNING]: Could not match supplied host pattern, ignoring: application

PLAY [Backup database] *********************************************************
skipping: no hosts matched

PLAY RECAP *********************************************************************

=== EXIT 0: 2025-12-16T22:08:03Z ===
=== RUN START: 2025-12-16T22:09:01Z user=amhengly pwd=/home/amhengly ===
[WARNING]: Could not match supplied host pattern, ignoring: application

PLAY [Backup database] *********************************************************
skipping: no hosts matched

PLAY RECAP *********************************************************************

=== EXIT 0: 2025-12-16T22:09:03Z ===
=== RUN START: 2025-12-16T22:10:01Z user=amhengly pwd=/home/amhengly ===
[WARNING]: Could not match supplied host pattern, ignoring: application

PLAY [Backup database] *********************************************************
skipping: no hosts matched

PLAY RECAP *********************************************************************

=== EXIT 0: 2025-12-16T22:10:03Z ===
=== RUN START: 2025-12-16T22:11:01Z user=amhengly pwd=/home/amhengly ===
[WARNING]: Could not match supplied host pattern, ignoring: application

PLAY [Backup database] *********************************************************
skipping: no hosts matched

PLAY RECAP *********************************************************************

=== EXIT 0: 2025-12-16T22:11:03Z ===
=== RUN START: 2025-12-16T22:12:01Z user=amhengly pwd=/home/amhengly ===
[WARNING]: Could not match supplied host pattern, ignoring: application

PLAY [Backup database] *********************************************************
skipping: no hosts matched

PLAY RECAP *********************************************************************

=== EXIT 0: 2025-12-16T22:12:03Z ===
=== RUN START: 2025-12-16T22:13:01Z user=amhengly pwd=/home/amhengly ===
[WARNING]: Could not match supplied host pattern, ignoring: application

PLAY [Backup database] *********************************************************
skipping: no hosts matched

PLAY RECAP *********************************************************************

=== EXIT 0: 2025-12-16T22:13:02Z ===
=== RUN START: 2025-12-16T22:14:01Z user=amhengly pwd=/home/amhengly ===
[WARNING]: Could not match supplied host pattern, ignoring: application

PLAY [Backup database] *********************************************************
skipping: no hosts matched

PLAY RECAP *********************************************************************

=== EXIT 0: 2025-12-16T22:14:03Z ===
=== RUN START: 2025-12-16T22:15:01Z user=amhengly pwd=/home/amhengly ===
[WARNING]: Could not match supplied host pattern, ignoring: application

PLAY [Backup database] *********************************************************
skipping: no hosts matched

PLAY RECAP *********************************************************************

=== EXIT 0: 2025-12-16T22:15:03Z ===
=== RUN START: 2025-12-16T22:16:01Z user=amhengly pwd=/home/amhengly ===
[WARNING]: Could not match supplied host pattern, ignoring: application

PLAY [Backup database] *********************************************************
skipping: no hosts matched

PLAY RECAP *********************************************************************

=== EXIT 0: 2025-12-16T22:16:03Z ===
=== RUN START: 2025-12-16T22:17:01Z user=amhengly pwd=/home/amhengly ===
[WARNING]: Could not match supplied host pattern, ignoring: application

PLAY [Backup database] *********************************************************
skipping: no hosts matched

PLAY RECAP *********************************************************************

=== EXIT 0: 2025-12-16T22:17:02Z ===
=== RUN START: 2025-12-16T22:18:01Z user=amhengly pwd=/home/amhengly ===
[WARNING]: Could not match supplied host pattern, ignoring: application

PLAY [Backup database] *********************************************************
skipping: no hosts matched

PLAY RECAP *********************************************************************

=== EXIT 0: 2025-12-16T22:18:03Z ===
=== RUN START: 2025-12-16T22:19:01Z user=amhengly pwd=/home/amhengly ===
[WARNING]: Could not match supplied host pattern, ignoring: application

PLAY [Backup database] *********************************************************
skipping: no hosts matched

PLAY RECAP *********************************************************************

=== EXIT 0: 2025-12-16T22:19:03Z ===
=== RUN START: 2025-12-16T22:20:01Z user=amhengly pwd=/home/amhengly ===
[WARNING]: Could not match supplied host pattern, ignoring: application

PLAY [Backup database] *********************************************************
skipping: no hosts matched

PLAY RECAP *********************************************************************

=== EXIT 0: 2025-12-16T22:20:03Z ===
=== RUN START: 2025-12-16T22:21:01Z user=amhengly pwd=/home/amhengly ===
[WARNING]: Could not match supplied host pattern, ignoring: application

PLAY [Backup database] *********************************************************
skipping: no hosts matched

PLAY RECAP *********************************************************************

=== EXIT 0: 2025-12-16T22:21:02Z ===
=== RUN START: 2025-12-16T22:22:01Z user=amhengly pwd=/home/amhengly ===
[WARNING]: Could not match supplied host pattern, ignoring: application

PLAY [Backup database] *********************************************************
skipping: no hosts matched

PLAY RECAP *********************************************************************

=== EXIT 0: 2025-12-16T22:22:03Z ===
=== RUN START: 2025-12-16T22:23:01Z user=amhengly pwd=/home/amhengly ===
[WARNING]: Could not match supplied host pattern, ignoring: application

PLAY [Backup database] *********************************************************
skipping: no hosts matched

PLAY RECAP *********************************************************************

=== EXIT 0: 2025-12-16T22:23:03Z ===
=== RUN START: 2025-12-16T22:24:01Z user=amhengly pwd=/home/amhengly ===
[WARNING]: Could not match supplied host pattern, ignoring: application

PLAY [Backup database] *********************************************************
skipping: no hosts matched

PLAY RECAP *********************************************************************

=== EXIT 0: 2025-12-16T22:24:02Z ===
=== RUN START: 2025-12-16T22:25:01Z user=amhengly pwd=/home/amhengly ===
[WARNING]: Could not match supplied host pattern, ignoring: application

PLAY [Backup database] *********************************************************
skipping: no hosts matched

PLAY RECAP *********************************************************************

=== EXIT 0: 2025-12-16T22:25:03Z ===
=== RUN START: 2025-12-16T22:26:01Z user=amhengly pwd=/home/amhengly ===
[WARNING]: Could not match supplied host pattern, ignoring: application

PLAY [Backup database] *********************************************************
skipping: no hosts matched

PLAY RECAP *********************************************************************

=== EXIT 0: 2025-12-16T22:26:03Z ===
=== RUN START: 2025-12-16T22:27:01Z user=amhengly pwd=/home/amhengly ===
[WARNING]: Could not match supplied host pattern, ignoring: application

PLAY [Backup database] *********************************************************
skipping: no hosts matched

PLAY RECAP *********************************************************************

=== EXIT 0: 2025-12-16T22:27:02Z ===
=== RUN START: 2025-12-16T22:28:01Z user=amhengly pwd=/home/amhengly ===
[WARNING]: Could not match supplied host pattern, ignoring: application

PLAY [Backup database] *********************************************************
skipping: no hosts matched

PLAY RECAP *********************************************************************

=== EXIT 0: 2025-12-16T22:28:03Z ===
=== RUN START: 2025-12-16T22:29:01Z user=amhengly pwd=/home/amhengly ===
[WARNING]: Could not match supplied host pattern, ignoring: application

PLAY [Backup database] *********************************************************
skipping: no hosts matched

PLAY RECAP *********************************************************************

=== EXIT 0: 2025-12-16T22:29:03Z ===
=== RUN START: 2025-12-16T22:30:01Z user=amhengly pwd=/home/amhengly ===
[WARNING]: Could not match supplied host pattern, ignoring: application

PLAY [Backup database] *********************************************************
skipping: no hosts matched

PLAY RECAP *********************************************************************

=== EXIT 0: 2025-12-16T22:30:03Z ===
=== RUN START: 2025-12-16T22:31:01Z user=amhengly pwd=/home/amhengly ===
[WARNING]: Could not match supplied host pattern, ignoring: application

PLAY [Backup database] *********************************************************
skipping: no hosts matched

PLAY RECAP *********************************************************************

=== EXIT 0: 2025-12-16T22:31:03Z ===
=== RUN START: 2025-12-16T22:32:01Z user=amhengly pwd=/home/amhengly ===
[WARNING]: Could not match supplied host pattern, ignoring: application

PLAY [Backup database] *********************************************************
skipping: no hosts matched

PLAY RECAP *********************************************************************

=== EXIT 0: 2025-12-16T22:32:03Z ===
=== RUN START: 2025-12-16T22:33:01Z user=amhengly pwd=/home/amhengly ===
[WARNING]: Could not match supplied host pattern, ignoring: application

PLAY [Backup database] *********************************************************
skipping: no hosts matched

PLAY RECAP *********************************************************************

=== EXIT 0: 2025-12-16T22:33:02Z ===
=== RUN START: 2025-12-16T22:34:01Z user=amhengly pwd=/home/amhengly ===
[WARNING]: Could not match supplied host pattern, ignoring: application

PLAY [Backup database] *********************************************************
skipping: no hosts matched

PLAY RECAP *********************************************************************

=== EXIT 0: 2025-12-16T22:34:03Z ===
=== RUN START: 2025-12-16T22:35:01Z user=amhengly pwd=/home/amhengly ===
[WARNING]: Could not match supplied host pattern, ignoring: application

PLAY [Backup database] *********************************************************
skipping: no hosts matched

PLAY RECAP *********************************************************************

=== EXIT 0: 2025-12-16T22:35:03Z ===
=== RUN START: 2025-12-16T22:36:01Z user=amhengly pwd=/home/amhengly ===
[WARNING]: Could not match supplied host pattern, ignoring: application

PLAY [Backup database] *********************************************************
skipping: no hosts matched

PLAY RECAP *********************************************************************

=== EXIT 0: 2025-12-16T22:36:03Z ===
=== RUN START: 2025-12-16T22:37:01Z user=amhengly pwd=/home/amhengly ===
[WARNING]: Could not match supplied host pattern, ignoring: application

PLAY [Backup database] *********************************************************
skipping: no hosts matched

PLAY RECAP *********************************************************************

=== EXIT 0: 2025-12-16T22:37:02Z ===
=== RUN START: 2025-12-16T22:38:01Z user=amhengly pwd=/home/amhengly ===
[WARNING]: Could not match supplied host pattern, ignoring: application

PLAY [Backup database] *********************************************************
skipping: no hosts matched

PLAY RECAP *********************************************************************

=== EXIT 0: 2025-12-16T22:38:03Z ===
=== RUN START: 2025-12-16T22:39:01Z user=amhengly pwd=/home/amhengly ===
[WARNING]: Could not match supplied host pattern, ignoring: application

PLAY [Backup database] *********************************************************
skipping: no hosts matched

PLAY RECAP *********************************************************************

=== EXIT 0: 2025-12-16T22:39:03Z ===
=== RUN START: 2025-12-16T22:40:01Z user=amhengly pwd=/home/amhengly ===
[WARNING]: Could not match supplied host pattern, ignoring: application

PLAY [Backup database] *********************************************************
skipping: no hosts matched

PLAY RECAP *********************************************************************

=== EXIT 0: 2025-12-16T22:40:03Z ===
=== RUN START: 2025-12-16T22:41:01Z user=amhengly pwd=/home/amhengly ===
[WARNING]: Could not match supplied host pattern, ignoring: application

PLAY [Backup database] *********************************************************
skipping: no hosts matched

PLAY RECAP *********************************************************************

=== EXIT 0: 2025-12-16T22:41:03Z ===
=== RUN START: 2025-12-16T22:42:01Z user=amhengly pwd=/home/amhengly ===
[WARNING]: Could not match supplied host pattern, ignoring: application

PLAY [Backup database] *********************************************************
skipping: no hosts matched

PLAY RECAP *********************************************************************

=== EXIT 0: 2025-12-16T22:42:02Z ===
=== RUN START: 2025-12-16T22:43:01Z user=amhengly pwd=/home/amhengly ===
[WARNING]: Could not match supplied host pattern, ignoring: application

PLAY [Backup database] *********************************************************
skipping: no hosts matched

PLAY RECAP *********************************************************************

=== EXIT 0: 2025-12-16T22:43:03Z ===
=== RUN START: 2025-12-16T22:44:01Z user=amhengly pwd=/home/amhengly ===
[WARNING]: Could not match supplied host pattern, ignoring: application

PLAY [Backup database] *********************************************************
skipping: no hosts matched

PLAY RECAP *********************************************************************

=== EXIT 0: 2025-12-16T22:44:03Z ===
=== RUN START: 2025-12-16T22:45:01Z user=amhengly pwd=/home/amhengly ===
[WARNING]: Could not match supplied host pattern, ignoring: application

PLAY [Backup database] *********************************************************
skipping: no hosts matched

PLAY RECAP *********************************************************************

=== EXIT 0: 2025-12-16T22:45:02Z ===
=== RUN START: 2025-12-16T22:46:01Z user=amhengly pwd=/home/amhengly ===
[WARNING]: Could not match supplied host pattern, ignoring: application

PLAY [Backup database] *********************************************************
skipping: no hosts matched

PLAY RECAP *********************************************************************

=== EXIT 0: 2025-12-16T22:46:03Z ===
=== RUN START: 2025-12-16T22:47:01Z user=amhengly pwd=/home/amhengly ===
[WARNING]: Could not match supplied host pattern, ignoring: application

PLAY [Backup database] *********************************************************
skipping: no hosts matched

PLAY RECAP *********************************************************************

=== EXIT 0: 2025-12-16T22:47:03Z ===
=== RUN START: 2025-12-16T22:48:01Z user=amhengly pwd=/home/amhengly ===
[WARNING]: Could not match supplied host pattern, ignoring: application

PLAY [Backup database] *********************************************************
skipping: no hosts matched

PLAY RECAP *********************************************************************

=== EXIT 0: 2025-12-16T22:48:02Z ===
=== RUN START: 2025-12-16T22:49:01Z user=amhengly pwd=/home/amhengly ===
[WARNING]: Could not match supplied host pattern, ignoring: application

PLAY [Backup database] *********************************************************
skipping: no hosts matched

PLAY RECAP *********************************************************************

=== EXIT 0: 2025-12-16T22:49:03Z ===
=== RUN START: 2025-12-16T22:50:01Z user=amhengly pwd=/home/amhengly ===
[WARNING]: Could not match supplied host pattern, ignoring: application

PLAY [Backup database] *********************************************************
skipping: no hosts matched

PLAY RECAP *********************************************************************

=== EXIT 0: 2025-12-16T22:50:03Z ===
=== RUN START: 2025-12-16T22:51:01Z user=amhengly pwd=/home/amhengly ===
[WARNING]: Could not match supplied host pattern, ignoring: application

PLAY [Backup database] *********************************************************
skipping: no hosts matched

PLAY RECAP *********************************************************************

=== EXIT 0: 2025-12-16T22:51:02Z ===
=== RUN START: 2025-12-16T22:52:01Z user=amhengly pwd=/home/amhengly ===
[WARNING]: Could not match supplied host pattern, ignoring: application

PLAY [Backup database] *********************************************************
skipping: no hosts matched

PLAY RECAP *********************************************************************

=== EXIT 0: 2025-12-16T22:52:03Z ===
=== RUN START: 2025-12-16T22:53:02Z user=amhengly pwd=/home/amhengly ===
[WARNING]: Could not match supplied host pattern, ignoring: application

PLAY [Backup database] *********************************************************
skipping: no hosts matched

PLAY RECAP *********************************************************************

=== EXIT 0: 2025-12-16T22:53:03Z ===
=== RUN START: 2025-12-16T22:54:01Z user=amhengly pwd=/home/amhengly ===
[WARNING]: Could not match supplied host pattern, ignoring: application

PLAY [Backup database] *********************************************************
skipping: no hosts matched

PLAY RECAP *********************************************************************

=== EXIT 0: 2025-12-16T22:54:03Z ===
=== RUN START: 2025-12-16T22:55:01Z user=amhengly pwd=/home/amhengly ===
[WARNING]: Could not match supplied host pattern, ignoring: application

PLAY [Backup database] *********************************************************
skipping: no hosts matched

PLAY RECAP *********************************************************************

=== EXIT 0: 2025-12-16T22:55:03Z ===
=== RUN START: 2025-12-16T22:56:01Z user=amhengly pwd=/home/amhengly ===
[WARNING]: Could not match supplied host pattern, ignoring: application

PLAY [Backup database] *********************************************************
skipping: no hosts matched

PLAY RECAP *********************************************************************

=== EXIT 0: 2025-12-16T22:56:02Z ===
=== RUN START: 2025-12-16T22:57:01Z user=amhengly pwd=/home/amhengly ===
[WARNING]: Could not match supplied host pattern, ignoring: application

PLAY [Backup database] *********************************************************
skipping: no hosts matched

PLAY RECAP *********************************************************************

=== EXIT 0: 2025-12-16T22:57:03Z ===
=== RUN START: 2025-12-16T22:58:01Z user=amhengly pwd=/home/amhengly ===
[WARNING]: Could not match supplied host pattern, ignoring: application

PLAY [Backup database] *********************************************************
skipping: no hosts matched

PLAY RECAP *********************************************************************

=== EXIT 0: 2025-12-16T22:58:03Z ===
=== RUN START: 2025-12-16T22:59:01Z user=amhengly pwd=/home/amhengly ===
[WARNING]: Could not match supplied host pattern, ignoring: application

PLAY [Backup database] *********************************************************
skipping: no hosts matched

PLAY RECAP *********************************************************************

=== EXIT 0: 2025-12-16T22:59:02Z ===
=== RUN START: 2025-12-16T23:00:02Z user=amhengly pwd=/home/amhengly ===
[WARNING]: Could not match supplied host pattern, ignoring: application

PLAY [Backup database] *********************************************************
skipping: no hosts matched

PLAY RECAP *********************************************************************

=== EXIT 0: 2025-12-16T23:00:03Z ===
=== RUN START: 2025-12-16T23:01:01Z user=amhengly pwd=/home/amhengly ===
[WARNING]: Could not match supplied host pattern, ignoring: application

PLAY [Backup database] *********************************************************
skipping: no hosts matched

PLAY RECAP *********************************************************************

=== EXIT 0: 2025-12-16T23:01:03Z ===
=== RUN START: 2025-12-16T23:02:01Z user=amhengly pwd=/home/amhengly ===
[WARNING]: Could not match supplied host pattern, ignoring: application

PLAY [Backup database] *********************************************************
skipping: no hosts matched

PLAY RECAP *********************************************************************

=== EXIT 0: 2025-12-16T23:02:03Z ===
=== RUN START: 2025-12-16T23:03:01Z user=amhengly pwd=/home/amhengly ===
[WARNING]: Could not match supplied host pattern, ignoring: application

PLAY [Backup database] *********************************************************
skipping: no hosts matched

PLAY RECAP *********************************************************************

=== EXIT 0: 2025-12-16T23:03:02Z ===
=== RUN START: 2025-12-16T23:04:01Z user=amhengly pwd=/home/amhengly ===
[WARNING]: Could not match supplied host pattern, ignoring: application

PLAY [Backup database] *********************************************************
skipping: no hosts matched

PLAY RECAP *********************************************************************

=== EXIT 0: 2025-12-16T23:04:03Z ===
=== RUN START: 2025-12-16T23:05:01Z user=amhengly pwd=/home/amhengly ===
[WARNING]: Could not match supplied host pattern, ignoring: application

PLAY [Backup database] *********************************************************
skipping: no hosts matched

PLAY RECAP *********************************************************************

=== EXIT 0: 2025-12-16T23:05:03Z ===
=== RUN START: 2025-12-16T23:06:01Z user=amhengly pwd=/home/amhengly ===
[WARNING]: Could not match supplied host pattern, ignoring: application

PLAY [Backup database] *********************************************************
skipping: no hosts matched

PLAY RECAP *********************************************************************

=== EXIT 0: 2025-12-16T23:06:03Z ===
=== RUN START: 2025-12-16T23:07:01Z user=amhengly pwd=/home/amhengly ===
[WARNING]: Could not match supplied host pattern, ignoring: application

PLAY [Backup database] *********************************************************
skipping: no hosts matched

PLAY RECAP *********************************************************************

=== EXIT 0: 2025-12-16T23:07:02Z ===
=== RUN START: 2025-12-16T23:08:01Z user=amhengly pwd=/home/amhengly ===
[WARNING]: Could not match supplied host pattern, ignoring: application

PLAY [Backup database] *********************************************************
skipping: no hosts matched

PLAY RECAP *********************************************************************

=== EXIT 0: 2025-12-16T23:08:03Z ===
=== RUN START: 2025-12-16T23:09:01Z user=amhengly pwd=/home/amhengly ===
[WARNING]: Could not match supplied host pattern, ignoring: application

PLAY [Backup database] *********************************************************
skipping: no hosts matched

PLAY RECAP *********************************************************************

=== EXIT 0: 2025-12-16T23:09:03Z ===
=== RUN START: 2025-12-16T23:10:01Z user=amhengly pwd=/home/amhengly ===
[WARNING]: Could not match supplied host pattern, ignoring: application

PLAY [Backup database] *********************************************************
skipping: no hosts matched

PLAY RECAP *********************************************************************

=== EXIT 0: 2025-12-16T23:10:02Z ===
=== RUN START: 2025-12-16T23:11:01Z user=amhengly pwd=/home/amhengly ===
[WARNING]: Could not match supplied host pattern, ignoring: application

PLAY [Backup database] *********************************************************
skipping: no hosts matched

PLAY RECAP *********************************************************************

=== EXIT 0: 2025-12-16T23:11:03Z ===
=== RUN START: 2025-12-16T23:12:01Z user=amhengly pwd=/home/amhengly ===
[WARNING]: Could not match supplied host pattern, ignoring: application

PLAY [Backup database] *********************************************************
skipping: no hosts matched

PLAY RECAP *********************************************************************

=== EXIT 0: 2025-12-16T23:12:03Z ===
=== RUN START: 2025-12-16T23:13:01Z user=amhengly pwd=/home/amhengly ===
[WARNING]: Could not match supplied host pattern, ignoring: application

PLAY [Backup database] *********************************************************
skipping: no hosts matched

PLAY RECAP *********************************************************************

=== EXIT 0: 2025-12-16T23:13:02Z ===
=== RUN START: 2025-12-16T23:14:01Z user=amhengly pwd=/home/amhengly ===
[WARNING]: Could not match supplied host pattern, ignoring: application

PLAY [Backup database] *********************************************************
skipping: no hosts matched

PLAY RECAP *********************************************************************

=== EXIT 0: 2025-12-16T23:14:03Z ===
=== RUN START: 2025-12-16T23:15:01Z user=amhengly pwd=/home/amhengly ===
[WARNING]: Could not match supplied host pattern, ignoring: application

PLAY [Backup database] *********************************************************
skipping: no hosts matched

PLAY RECAP *********************************************************************

=== EXIT 0: 2025-12-16T23:15:03Z ===
=== RUN START: 2025-12-16T23:16:01Z user=amhengly pwd=/home/amhengly ===
[WARNING]: Could not match supplied host pattern, ignoring: application

PLAY [Backup database] *********************************************************
skipping: no hosts matched

PLAY RECAP *********************************************************************

=== EXIT 0: 2025-12-16T23:16:02Z ===
=== RUN START: 2025-12-16T23:17:01Z user=amhengly pwd=/home/amhengly ===
[WARNING]: Could not match supplied host pattern, ignoring: application

PLAY [Backup database] *********************************************************
skipping: no hosts matched

PLAY RECAP *********************************************************************

=== EXIT 0: 2025-12-16T23:17:03Z ===
=== RUN START: 2025-12-16T23:18:01Z user=amhengly pwd=/home/amhengly ===
[WARNING]: Could not match supplied host pattern, ignoring: application

PLAY [Backup database] *********************************************************
skipping: no hosts matched

PLAY RECAP *********************************************************************

=== EXIT 0: 2025-12-16T23:18:03Z ===
=== RUN START: 2025-12-16T23:19:01Z user=amhengly pwd=/home/amhengly ===
[WARNING]: Could not match supplied host pattern, ignoring: application

PLAY [Backup database] *********************************************************
skipping: no hosts matched

PLAY RECAP *********************************************************************

=== EXIT 0: 2025-12-16T23:19:02Z ===
=== RUN START: 2025-12-16T23:20:02Z user=amhengly pwd=/home/amhengly ===
[WARNING]: Could not match supplied host pattern, ignoring: application

PLAY [Backup database] *********************************************************
skipping: no hosts matched

PLAY RECAP *********************************************************************

=== EXIT 0: 2025-12-16T23:20:03Z ===
=== RUN START: 2025-12-16T23:21:01Z user=amhengly pwd=/home/amhengly ===
[WARNING]: Could not match supplied host pattern, ignoring: application

PLAY [Backup database] *********************************************************
skipping: no hosts matched

PLAY RECAP *********************************************************************

=== EXIT 0: 2025-12-16T23:21:03Z ===
=== RUN START: 2025-12-16T23:22:01Z user=amhengly pwd=/home/amhengly ===
[WARNING]: Could not match supplied host pattern, ignoring: application

PLAY [Backup database] *********************************************************
skipping: no hosts matched

PLAY RECAP *********************************************************************

=== EXIT 0: 2025-12-16T23:22:03Z ===
=== RUN START: 2025-12-16T23:23:01Z user=amhengly pwd=/home/amhengly ===
[WARNING]: Could not match supplied host pattern, ignoring: application

PLAY [Backup database] *********************************************************
skipping: no hosts matched

PLAY RECAP *********************************************************************

=== EXIT 0: 2025-12-16T23:23:02Z ===
=== RUN START: 2025-12-16T23:24:01Z user=amhengly pwd=/home/amhengly ===
[WARNING]: Could not match supplied host pattern, ignoring: application

PLAY [Backup database] *********************************************************
skipping: no hosts matched

PLAY RECAP *********************************************************************

=== EXIT 0: 2025-12-16T23:24:03Z ===
=== RUN START: 2025-12-16T23:25:01Z user=amhengly pwd=/home/amhengly ===
[WARNING]: Could not match supplied host pattern, ignoring: application

PLAY [Backup database] *********************************************************
skipping: no hosts matched

PLAY RECAP *********************************************************************

=== EXIT 0: 2025-12-16T23:25:03Z ===
=== RUN START: 2025-12-16T23:26:01Z user=amhengly pwd=/home/amhengly ===
[WARNING]: Could not match supplied host pattern, ignoring: application

PLAY [Backup database] *********************************************************
skipping: no hosts matched

PLAY RECAP *********************************************************************

=== EXIT 0: 2025-12-16T23:26:03Z ===
=== RUN START: 2025-12-16T23:27:01Z user=amhengly pwd=/home/amhengly ===
[WARNING]: Could not match supplied host pattern, ignoring: application

PLAY [Backup database] *********************************************************
skipping: no hosts matched

PLAY RECAP *********************************************************************

=== EXIT 0: 2025-12-16T23:27:03Z ===
=== RUN START: 2025-12-16T23:28:01Z user=amhengly pwd=/home/amhengly ===
[WARNING]: Could not match supplied host pattern, ignoring: application

PLAY [Backup database] *********************************************************
skipping: no hosts matched

PLAY RECAP *********************************************************************

=== EXIT 0: 2025-12-16T23:28:02Z ===
=== RUN START: 2025-12-16T23:29:01Z user=amhengly pwd=/home/amhengly ===
[WARNING]: Could not match supplied host pattern, ignoring: application

PLAY [Backup database] *********************************************************
skipping: no hosts matched

PLAY RECAP *********************************************************************

=== EXIT 0: 2025-12-16T23:29:03Z ===
=== RUN START: 2025-12-16T23:30:01Z user=amhengly pwd=/home/amhengly ===
[WARNING]: Could not match supplied host pattern, ignoring: application

PLAY [Backup database] *********************************************************
skipping: no hosts matched

PLAY RECAP *********************************************************************

=== EXIT 0: 2025-12-16T23:30:03Z ===
=== RUN START: 2025-12-16T23:31:01Z user=amhengly pwd=/home/amhengly ===
[WARNING]: Could not match supplied host pattern, ignoring: application

PLAY [Backup database] *********************************************************
skipping: no hosts matched

PLAY RECAP *********************************************************************

=== EXIT 0: 2025-12-16T23:31:02Z ===
=== RUN START: 2025-12-16T23:32:01Z user=amhengly pwd=/home/amhengly ===
[WARNING]: Could not match supplied host pattern, ignoring: application

PLAY [Backup database] *********************************************************
skipping: no hosts matched

PLAY RECAP *********************************************************************

=== EXIT 0: 2025-12-16T23:32:03Z ===
=== RUN START: 2025-12-16T23:33:01Z user=amhengly pwd=/home/amhengly ===
[WARNING]: Could not match supplied host pattern, ignoring: application

PLAY [Backup database] *********************************************************
skipping: no hosts matched

PLAY RECAP *********************************************************************

=== EXIT 0: 2025-12-16T23:33:03Z ===
=== RUN START: 2025-12-16T23:34:01Z user=amhengly pwd=/home/amhengly ===
[WARNING]: Could not match supplied host pattern, ignoring: application

PLAY [Backup database] *********************************************************
skipping: no hosts matched

PLAY RECAP *********************************************************************

=== EXIT 0: 2025-12-16T23:34:02Z ===
=== RUN START: 2025-12-16T23:35:01Z user=amhengly pwd=/home/amhengly ===
[WARNING]: Could not match supplied host pattern, ignoring: application

PLAY [Backup database] *********************************************************
skipping: no hosts matched

PLAY RECAP *********************************************************************

=== EXIT 0: 2025-12-16T23:35:03Z ===
=== RUN START: 2025-12-16T23:36:01Z user=amhengly pwd=/home/amhengly ===
[WARNING]: Could not match supplied host pattern, ignoring: application

PLAY [Backup database] *********************************************************
skipping: no hosts matched

PLAY RECAP *********************************************************************

=== EXIT 0: 2025-12-16T23:36:03Z ===
=== RUN START: 2025-12-16T23:37:01Z user=amhengly pwd=/home/amhengly ===
[WARNING]: Could not match supplied host pattern, ignoring: application

PLAY [Backup database] *********************************************************
skipping: no hosts matched

PLAY RECAP *********************************************************************

=== EXIT 0: 2025-12-16T23:37:02Z ===
=== RUN START: 2025-12-16T23:38:01Z user=amhengly pwd=/home/amhengly ===
[WARNING]: Could not match supplied host pattern, ignoring: application

PLAY [Backup database] *********************************************************
skipping: no hosts matched

PLAY RECAP *********************************************************************

=== EXIT 0: 2025-12-16T23:38:03Z ===
=== RUN START: 2025-12-16T23:39:01Z user=amhengly pwd=/home/amhengly ===
[WARNING]: Could not match supplied host pattern, ignoring: application

PLAY [Backup database] *********************************************************
skipping: no hosts matched

PLAY RECAP *********************************************************************

=== EXIT 0: 2025-12-16T23:39:03Z ===
=== RUN START: 2025-12-16T23:40:01Z user=amhengly pwd=/home/amhengly ===
[WARNING]: Could not match supplied host pattern, ignoring: application

PLAY [Backup database] *********************************************************
skipping: no hosts matched

PLAY RECAP *********************************************************************

=== EXIT 0: 2025-12-16T23:40:02Z ===
=== RUN START: 2025-12-16T23:41:01Z user=amhengly pwd=/home/amhengly ===
[WARNING]: Could not match supplied host pattern, ignoring: application

PLAY [Backup database] *********************************************************
skipping: no hosts matched

PLAY RECAP *********************************************************************

=== EXIT 0: 2025-12-16T23:41:03Z ===
=== RUN START: 2025-12-16T23:42:01Z user=amhengly pwd=/home/amhengly ===
[WARNING]: Could not match supplied host pattern, ignoring: application

PLAY [Backup database] *********************************************************
skipping: no hosts matched

PLAY RECAP *********************************************************************

=== EXIT 0: 2025-12-16T23:42:03Z ===
=== RUN START: 2025-12-16T23:43:01Z user=amhengly pwd=/home/amhengly ===
[WARNING]: Could not match supplied host pattern, ignoring: application

PLAY [Backup database] *********************************************************
skipping: no hosts matched

PLAY RECAP *********************************************************************

=== EXIT 0: 2025-12-16T23:43:03Z ===
=== RUN START: 2025-12-16T23:44:01Z user=amhengly pwd=/home/amhengly ===
[WARNING]: Could not match supplied host pattern, ignoring: application

PLAY [Backup database] *********************************************************
skipping: no hosts matched

PLAY RECAP *********************************************************************

=== EXIT 0: 2025-12-16T23:44:02Z ===
=== RUN START: 2025-12-16T23:45:01Z user=amhengly pwd=/home/amhengly ===
[WARNING]: Could not match supplied host pattern, ignoring: application

PLAY [Backup database] *********************************************************
skipping: no hosts matched

PLAY RECAP *********************************************************************

=== EXIT 0: 2025-12-16T23:45:03Z ===
=== RUN START: 2025-12-16T23:46:01Z user=amhengly pwd=/home/amhengly ===
[WARNING]: Could not match supplied host pattern, ignoring: application

PLAY [Backup database] *********************************************************
skipping: no hosts matched

PLAY RECAP *********************************************************************

=== EXIT 0: 2025-12-16T23:46:03Z ===
=== RUN START: 2025-12-16T23:47:01Z user=amhengly pwd=/home/amhengly ===
[WARNING]: Could not match supplied host pattern, ignoring: application

PLAY [Backup database] *********************************************************
skipping: no hosts matched

PLAY RECAP *********************************************************************

=== EXIT 0: 2025-12-16T23:47:03Z ===
=== RUN START: 2025-12-16T23:48:01Z user=amhengly pwd=/home/amhengly ===
[WARNING]: Could not match supplied host pattern, ignoring: application

PLAY [Backup database] *********************************************************
skipping: no hosts matched

PLAY RECAP *********************************************************************

=== EXIT 0: 2025-12-16T23:48:02Z ===
=== RUN START: 2025-12-16T23:49:01Z user=amhengly pwd=/home/amhengly ===
[WARNING]: Could not match supplied host pattern, ignoring: application

PLAY [Backup database] *********************************************************
skipping: no hosts matched

PLAY RECAP *********************************************************************

=== EXIT 0: 2025-12-16T23:49:03Z ===
=== RUN START: 2025-12-16T23:50:01Z user=amhengly pwd=/home/amhengly ===
[WARNING]: Could not match supplied host pattern, ignoring: application

PLAY [Backup database] *********************************************************
skipping: no hosts matched

PLAY RECAP *********************************************************************

=== EXIT 0: 2025-12-16T23:50:03Z ===
=== RUN START: 2025-12-16T23:51:01Z user=amhengly pwd=/home/amhengly ===
[WARNING]: Could not match supplied host pattern, ignoring: application

PLAY [Backup database] *********************************************************
skipping: no hosts matched

PLAY RECAP *********************************************************************

=== EXIT 0: 2025-12-16T23:51:03Z ===
=== RUN START: 2025-12-16T23:52:01Z user=amhengly pwd=/home/amhengly ===
[WARNING]: Could not match supplied host pattern, ignoring: application

PLAY [Backup database] *********************************************************
skipping: no hosts matched

PLAY RECAP *********************************************************************

=== EXIT 0: 2025-12-16T23:52:03Z ===
=== RUN START: 2025-12-16T23:53:01Z user=amhengly pwd=/home/amhengly ===
[WARNING]: Could not match supplied host pattern, ignoring: application

PLAY [Backup database] *********************************************************
skipping: no hosts matched

PLAY RECAP *********************************************************************

=== EXIT 0: 2025-12-16T23:53:02Z ===
=== RUN START: 2025-12-16T23:54:01Z user=amhengly pwd=/home/amhengly ===
[WARNING]: Could not match supplied host pattern, ignoring: application

PLAY [Backup database] *********************************************************
skipping: no hosts matched

PLAY RECAP *********************************************************************

=== EXIT 0: 2025-12-16T23:54:03Z ===
=== RUN START: 2025-12-16T23:55:01Z user=amhengly pwd=/home/amhengly ===
[WARNING]: Could not match supplied host pattern, ignoring: application

PLAY [Backup database] *********************************************************
skipping: no hosts matched

PLAY RECAP *********************************************************************

=== EXIT 0: 2025-12-16T23:55:03Z ===
=== RUN START: 2025-12-16T23:56:01Z user=amhengly pwd=/home/amhengly ===
[WARNING]: Could not match supplied host pattern, ignoring: application

PLAY [Backup database] *********************************************************
skipping: no hosts matched

PLAY RECAP *********************************************************************

=== EXIT 0: 2025-12-16T23:56:03Z ===
=== RUN START: 2025-12-16T23:57:01Z user=amhengly pwd=/home/amhengly ===
[WARNING]: Could not match supplied host pattern, ignoring: application

PLAY [Backup database] *********************************************************
skipping: no hosts matched

PLAY RECAP *********************************************************************

=== EXIT 0: 2025-12-16T23:57:03Z ===
=== RUN START: 2025-12-16T23:58:01Z user=amhengly pwd=/home/amhengly ===
[WARNING]: Could not match supplied host pattern, ignoring: application

PLAY [Backup database] *********************************************************
skipping: no hosts matched

PLAY RECAP *********************************************************************

=== EXIT 0: 2025-12-16T23:58:02Z ===
=== RUN START: 2025-12-16T23:59:01Z user=amhengly pwd=/home/amhengly ===
[WARNING]: Could not match supplied host pattern, ignoring: application

PLAY [Backup database] *********************************************************
skipping: no hosts matched

PLAY RECAP *********************************************************************

=== EXIT 0: 2025-12-16T23:59:03Z ===
=== RUN START: 2025-12-17T00:00:01Z user=amhengly pwd=/home/amhengly ===
[WARNING]: Could not match supplied host pattern, ignoring: application

PLAY [Backup database] *********************************************************
skipping: no hosts matched

PLAY RECAP *********************************************************************

=== EXIT 0: 2025-12-17T00:00:03Z ===
=== RUN START: 2025-12-17T00:01:01Z user=amhengly pwd=/home/amhengly ===
[WARNING]: Could not match supplied host pattern, ignoring: application

PLAY [Backup database] *********************************************************
skipping: no hosts matched

PLAY RECAP *********************************************************************

=== EXIT 0: 2025-12-17T00:01:02Z ===
=== RUN START: 2025-12-17T00:02:01Z user=amhengly pwd=/home/amhengly ===
[WARNING]: Could not match supplied host pattern, ignoring: application

PLAY [Backup database] *********************************************************
skipping: no hosts matched

PLAY RECAP *********************************************************************

=== EXIT 0: 2025-12-17T00:02:03Z ===
=== RUN START: 2025-12-17T00:03:01Z user=amhengly pwd=/home/amhengly ===
[WARNING]: Could not match supplied host pattern, ignoring: application

PLAY [Backup database] *********************************************************
skipping: no hosts matched

PLAY RECAP *********************************************************************

=== EXIT 0: 2025-12-17T00:03:03Z ===
=== RUN START: 2025-12-17T00:04:01Z user=amhengly pwd=/home/amhengly ===
[WARNING]: Could not match supplied host pattern, ignoring: application

PLAY [Backup database] *********************************************************
skipping: no hosts matched

PLAY RECAP *********************************************************************

=== EXIT 0: 2025-12-17T00:04:02Z ===
=== RUN START: 2025-12-17T00:05:01Z user=amhengly pwd=/home/amhengly ===
[WARNING]: Could not match supplied host pattern, ignoring: application

PLAY [Backup database] *********************************************************
skipping: no hosts matched

PLAY RECAP *********************************************************************

=== EXIT 0: 2025-12-17T00:05:03Z ===
=== RUN START: 2025-12-17T00:06:01Z user=amhengly pwd=/home/amhengly ===
[WARNING]: Could not match supplied host pattern, ignoring: application

PLAY [Backup database] *********************************************************
skipping: no hosts matched

PLAY RECAP *********************************************************************

=== EXIT 0: 2025-12-17T00:06:03Z ===
=== RUN START: 2025-12-17T00:07:01Z user=amhengly pwd=/home/amhengly ===
[WARNING]: Could not match supplied host pattern, ignoring: application

PLAY [Backup database] *********************************************************
skipping: no hosts matched

PLAY RECAP *********************************************************************

=== EXIT 0: 2025-12-17T00:07:02Z ===
=== RUN START: 2025-12-17T00:08:01Z user=amhengly pwd=/home/amhengly ===
[WARNING]: Could not match supplied host pattern, ignoring: application

PLAY [Backup database] *********************************************************
skipping: no hosts matched

PLAY RECAP *********************************************************************

=== EXIT 0: 2025-12-17T00:08:03Z ===
=== RUN START: 2025-12-17T00:09:01Z user=amhengly pwd=/home/amhengly ===
[WARNING]: Could not match supplied host pattern, ignoring: application

PLAY [Backup database] *********************************************************
skipping: no hosts matched

PLAY RECAP *********************************************************************

=== EXIT 0: 2025-12-17T00:09:03Z ===
=== RUN START: 2025-12-17T00:10:01Z user=amhengly pwd=/home/amhengly ===
[WARNING]: Could not match supplied host pattern, ignoring: application

PLAY [Backup database] *********************************************************
skipping: no hosts matched

PLAY RECAP *********************************************************************

=== EXIT 0: 2025-12-17T00:10:02Z ===
=== RUN START: 2025-12-17T00:11:01Z user=amhengly pwd=/home/amhengly ===
[WARNING]: Could not match supplied host pattern, ignoring: application

PLAY [Backup database] *********************************************************
skipping: no hosts matched

PLAY RECAP *********************************************************************

=== EXIT 0: 2025-12-17T00:11:03Z ===
=== RUN START: 2025-12-17T00:12:01Z user=amhengly pwd=/home/amhengly ===
[WARNING]: Could not match supplied host pattern, ignoring: application

PLAY [Backup database] *********************************************************
skipping: no hosts matched

PLAY RECAP *********************************************************************

=== EXIT 0: 2025-12-17T00:12:03Z ===
=== RUN START: 2025-12-17T00:13:01Z user=amhengly pwd=/home/amhengly ===
[WARNING]: Could not match supplied host pattern, ignoring: application

PLAY [Backup database] *********************************************************
skipping: no hosts matched

PLAY RECAP *********************************************************************

=== EXIT 0: 2025-12-17T00:13:03Z ===
=== RUN START: 2025-12-17T00:14:01Z user=amhengly pwd=/home/amhengly ===
[WARNING]: Could not match supplied host pattern, ignoring: application

PLAY [Backup database] *********************************************************
skipping: no hosts matched

PLAY RECAP *********************************************************************

=== EXIT 0: 2025-12-17T00:14:03Z ===
=== RUN START: 2025-12-17T00:15:01Z user=amhengly pwd=/home/amhengly ===
[WARNING]: Could not match supplied host pattern, ignoring: application

PLAY [Backup database] *********************************************************
skipping: no hosts matched

PLAY RECAP *********************************************************************

=== EXIT 0: 2025-12-17T00:15:02Z ===
=== RUN START: 2025-12-17T00:16:01Z user=amhengly pwd=/home/amhengly ===
[WARNING]: Could not match supplied host pattern, ignoring: application

PLAY [Backup database] *********************************************************
skipping: no hosts matched

PLAY RECAP *********************************************************************

=== EXIT 0: 2025-12-17T00:16:03Z ===
=== RUN START: 2025-12-17T00:17:01Z user=amhengly pwd=/home/amhengly ===
[WARNING]: Could not match supplied host pattern, ignoring: application

PLAY [Backup database] *********************************************************
skipping: no hosts matched

PLAY RECAP *********************************************************************

=== EXIT 0: 2025-12-17T00:17:03Z ===
=== RUN START: 2025-12-17T00:18:01Z user=amhengly pwd=/home/amhengly ===
[WARNING]: Could not match supplied host pattern, ignoring: application

PLAY [Backup database] *********************************************************
skipping: no hosts matched

PLAY RECAP *********************************************************************

=== EXIT 0: 2025-12-17T00:18:03Z ===
=== RUN START: 2025-12-17T00:19:01Z user=amhengly pwd=/home/amhengly ===
[WARNING]: Could not match supplied host pattern, ignoring: application

PLAY [Backup database] *********************************************************
skipping: no hosts matched

PLAY RECAP *********************************************************************

=== EXIT 0: 2025-12-17T00:19:02Z ===
=== RUN START: 2025-12-17T00:20:01Z user=amhengly pwd=/home/amhengly ===
[WARNING]: Could not match supplied host pattern, ignoring: application

PLAY [Backup database] *********************************************************
skipping: no hosts matched

PLAY RECAP *********************************************************************

=== EXIT 0: 2025-12-17T00:20:03Z ===
=== RUN START: 2025-12-17T00:21:01Z user=amhengly pwd=/home/amhengly ===
[WARNING]: Could not match supplied host pattern, ignoring: application

PLAY [Backup database] *********************************************************
skipping: no hosts matched

PLAY RECAP *********************************************************************

=== EXIT 0: 2025-12-17T00:21:03Z ===
=== RUN START: 2025-12-17T00:22:01Z user=amhengly pwd=/home/amhengly ===
[WARNING]: Could not match supplied host pattern, ignoring: application

PLAY [Backup database] *********************************************************
skipping: no hosts matched

PLAY RECAP *********************************************************************

=== EXIT 0: 2025-12-17T00:22:03Z ===
=== RUN START: 2025-12-17T00:23:01Z user=amhengly pwd=/home/amhengly ===
[WARNING]: Could not match supplied host pattern, ignoring: application

PLAY [Backup database] *********************************************************
skipping: no hosts matched

PLAY RECAP *********************************************************************

=== EXIT 0: 2025-12-17T00:23:02Z ===
=== RUN START: 2025-12-17T00:24:01Z user=amhengly pwd=/home/amhengly ===
[WARNING]: Could not match supplied host pattern, ignoring: application

PLAY [Backup database] *********************************************************
skipping: no hosts matched

PLAY RECAP *********************************************************************

=== EXIT 0: 2025-12-17T00:24:03Z ===
=== RUN START: 2025-12-17T00:25:01Z user=amhengly pwd=/home/amhengly ===
[WARNING]: Could not match supplied host pattern, ignoring: application

PLAY [Backup database] *********************************************************
skipping: no hosts matched

PLAY RECAP *********************************************************************

=== EXIT 0: 2025-12-17T00:25:03Z ===
=== RUN START: 2025-12-17T00:26:01Z user=amhengly pwd=/home/amhengly ===
[WARNING]: Could not match supplied host pattern, ignoring: application

PLAY [Backup database] *********************************************************
skipping: no hosts matched

PLAY RECAP *********************************************************************

=== EXIT 0: 2025-12-17T00:26:02Z ===
=== RUN START: 2025-12-17T00:27:01Z user=amhengly pwd=/home/amhengly ===
[WARNING]: Could not match supplied host pattern, ignoring: application

PLAY [Backup database] *********************************************************
skipping: no hosts matched

PLAY RECAP *********************************************************************

=== EXIT 0: 2025-12-17T00:27:03Z ===
=== RUN START: 2025-12-17T00:28:01Z user=amhengly pwd=/home/amhengly ===
[WARNING]: Could not match supplied host pattern, ignoring: application

PLAY [Backup database] *********************************************************
skipping: no hosts matched

PLAY RECAP *********************************************************************

=== EXIT 0: 2025-12-17T00:28:03Z ===
=== RUN START: 2025-12-17T00:29:01Z user=amhengly pwd=/home/amhengly ===
[WARNING]: Could not match supplied host pattern, ignoring: application

PLAY [Backup database] *********************************************************
skipping: no hosts matched

PLAY RECAP *********************************************************************

=== EXIT 0: 2025-12-17T00:29:03Z ===
=== RUN START: 2025-12-17T00:30:01Z user=amhengly pwd=/home/amhengly ===
[WARNING]: Could not match supplied host pattern, ignoring: application

PLAY [Backup database] *********************************************************
skipping: no hosts matched

PLAY RECAP *********************************************************************

=== EXIT 0: 2025-12-17T00:30:03Z ===
=== RUN START: 2025-12-17T00:31:01Z user=amhengly pwd=/home/amhengly ===
[WARNING]: Could not match supplied host pattern, ignoring: application

PLAY [Backup database] *********************************************************
skipping: no hosts matched

PLAY RECAP *********************************************************************

=== EXIT 0: 2025-12-17T00:31:02Z ===
=== RUN START: 2025-12-17T00:32:01Z user=amhengly pwd=/home/amhengly ===
[WARNING]: Could not match supplied host pattern, ignoring: application

PLAY [Backup database] *********************************************************
skipping: no hosts matched

PLAY RECAP *********************************************************************

=== EXIT 0: 2025-12-17T00:32:03Z ===
=== RUN START: 2025-12-17T00:33:01Z user=amhengly pwd=/home/amhengly ===
[WARNING]: Could not match supplied host pattern, ignoring: application

PLAY [Backup database] *********************************************************
skipping: no hosts matched

PLAY RECAP *********************************************************************

=== EXIT 0: 2025-12-17T00:33:03Z ===
=== RUN START: 2025-12-17T00:34:01Z user=amhengly pwd=/home/amhengly ===
[WARNING]: Could not match supplied host pattern, ignoring: application

PLAY [Backup database] *********************************************************
skipping: no hosts matched

PLAY RECAP *********************************************************************

=== EXIT 0: 2025-12-17T00:34:03Z ===
=== RUN START: 2025-12-17T00:35:01Z user=amhengly pwd=/home/amhengly ===
[WARNING]: Could not match supplied host pattern, ignoring: application

PLAY [Backup database] *********************************************************
skipping: no hosts matched

PLAY RECAP *********************************************************************

=== EXIT 0: 2025-12-17T00:35:02Z ===
=== RUN START: 2025-12-17T00:36:02Z user=amhengly pwd=/home/amhengly ===
[WARNING]: Could not match supplied host pattern, ignoring: application

PLAY [Backup database] *********************************************************
skipping: no hosts matched

PLAY RECAP *********************************************************************

=== EXIT 0: 2025-12-17T00:36:03Z ===
=== RUN START: 2025-12-17T00:37:01Z user=amhengly pwd=/home/amhengly ===
[WARNING]: Could not match supplied host pattern, ignoring: application

PLAY [Backup database] *********************************************************
skipping: no hosts matched

PLAY RECAP *********************************************************************

=== EXIT 0: 2025-12-17T00:37:03Z ===
=== RUN START: 2025-12-17T00:38:01Z user=amhengly pwd=/home/amhengly ===
[WARNING]: Could not match supplied host pattern, ignoring: application

PLAY [Backup database] *********************************************************
skipping: no hosts matched

PLAY RECAP *********************************************************************

=== EXIT 0: 2025-12-17T00:38:03Z ===
=== RUN START: 2025-12-17T00:39:01Z user=amhengly pwd=/home/amhengly ===
[WARNING]: Could not match supplied host pattern, ignoring: application

PLAY [Backup database] *********************************************************
skipping: no hosts matched

PLAY RECAP *********************************************************************

=== EXIT 0: 2025-12-17T00:39:02Z ===
=== RUN START: 2025-12-17T00:40:01Z user=amhengly pwd=/home/amhengly ===
[WARNING]: Could not match supplied host pattern, ignoring: application

PLAY [Backup database] *********************************************************
skipping: no hosts matched

PLAY RECAP *********************************************************************

=== EXIT 0: 2025-12-17T00:40:03Z ===
=== RUN START: 2025-12-17T00:41:01Z user=amhengly pwd=/home/amhengly ===
[WARNING]: Could not match supplied host pattern, ignoring: application

PLAY [Backup database] *********************************************************
skipping: no hosts matched

PLAY RECAP *********************************************************************

=== EXIT 0: 2025-12-17T00:41:03Z ===
=== RUN START: 2025-12-17T00:42:01Z user=amhengly pwd=/home/amhengly ===
[WARNING]: Could not match supplied host pattern, ignoring: application

PLAY [Backup database] *********************************************************
skipping: no hosts matched

PLAY RECAP *********************************************************************

=== EXIT 0: 2025-12-17T00:42:03Z ===
=== RUN START: 2025-12-17T00:43:01Z user=amhengly pwd=/home/amhengly ===
[WARNING]: Could not match supplied host pattern, ignoring: application

PLAY [Backup database] *********************************************************
skipping: no hosts matched

PLAY RECAP *********************************************************************

=== EXIT 0: 2025-12-17T00:43:03Z ===
=== RUN START: 2025-12-17T00:44:01Z user=amhengly pwd=/home/amhengly ===
[WARNING]: Could not match supplied host pattern, ignoring: application

PLAY [Backup database] *********************************************************
skipping: no hosts matched

PLAY RECAP *********************************************************************

=== EXIT 0: 2025-12-17T00:44:02Z ===
=== RUN START: 2025-12-17T00:45:02Z user=amhengly pwd=/home/amhengly ===
[WARNING]: Could not match supplied host pattern, ignoring: application

PLAY [Backup database] *********************************************************
skipping: no hosts matched

PLAY RECAP *********************************************************************

=== EXIT 0: 2025-12-17T00:45:03Z ===
=== RUN START: 2025-12-17T00:46:01Z user=amhengly pwd=/home/amhengly ===
[WARNING]: Could not match supplied host pattern, ignoring: application

PLAY [Backup database] *********************************************************
skipping: no hosts matched

PLAY RECAP *********************************************************************

=== EXIT 0: 2025-12-17T00:46:03Z ===
=== RUN START: 2025-12-17T00:47:01Z user=amhengly pwd=/home/amhengly ===
[WARNING]: Could not match supplied host pattern, ignoring: application

PLAY [Backup database] *********************************************************
skipping: no hosts matched

PLAY RECAP *********************************************************************

=== EXIT 0: 2025-12-17T00:47:04Z ===
=== RUN START: 2025-12-17T00:48:01Z user=amhengly pwd=/home/amhengly ===
[WARNING]: Could not match supplied host pattern, ignoring: application

PLAY [Backup database] *********************************************************
skipping: no hosts matched

PLAY RECAP *********************************************************************

=== EXIT 0: 2025-12-17T00:48:02Z ===
=== RUN START: 2025-12-17T00:49:01Z user=amhengly pwd=/home/amhengly ===
[WARNING]: Could not match supplied host pattern, ignoring: application

PLAY [Backup database] *********************************************************
skipping: no hosts matched

PLAY RECAP *********************************************************************

=== EXIT 0: 2025-12-17T00:49:03Z ===
=== RUN START: 2025-12-17T00:50:01Z user=amhengly pwd=/home/amhengly ===
[WARNING]: Could not match supplied host pattern, ignoring: application

PLAY [Backup database] *********************************************************
skipping: no hosts matched

PLAY RECAP *********************************************************************

=== EXIT 0: 2025-12-17T00:50:03Z ===
=== RUN START: 2025-12-17T00:51:01Z user=amhengly pwd=/home/amhengly ===
[WARNING]: Could not match supplied host pattern, ignoring: application

PLAY [Backup database] *********************************************************
skipping: no hosts matched

PLAY RECAP *********************************************************************

=== EXIT 0: 2025-12-17T00:51:02Z ===
=== RUN START: 2025-12-17T00:52:01Z user=amhengly pwd=/home/amhengly ===
[WARNING]: Could not match supplied host pattern, ignoring: application

PLAY [Backup database] *********************************************************
skipping: no hosts matched

PLAY RECAP *********************************************************************

=== EXIT 0: 2025-12-17T00:52:03Z ===
=== RUN START: 2025-12-17T00:53:01Z user=amhengly pwd=/home/amhengly ===
[WARNING]: Could not match supplied host pattern, ignoring: application

PLAY [Backup database] *********************************************************
skipping: no hosts matched

PLAY RECAP *********************************************************************

=== EXIT 0: 2025-12-17T00:53:04Z ===
=== RUN START: 2025-12-17T00:54:01Z user=amhengly pwd=/home/amhengly ===
[WARNING]: Could not match supplied host pattern, ignoring: application

PLAY [Backup database] *********************************************************
skipping: no hosts matched

PLAY RECAP *********************************************************************

=== EXIT 0: 2025-12-17T00:54:03Z ===
=== RUN START: 2025-12-17T00:55:01Z user=amhengly pwd=/home/amhengly ===
[WARNING]: Could not match supplied host pattern, ignoring: application

PLAY [Backup database] *********************************************************
skipping: no hosts matched

PLAY RECAP *********************************************************************

=== EXIT 0: 2025-12-17T00:55:02Z ===
=== RUN START: 2025-12-17T00:56:02Z user=amhengly pwd=/home/amhengly ===
[WARNING]: Could not match supplied host pattern, ignoring: application

PLAY [Backup database] *********************************************************
skipping: no hosts matched

PLAY RECAP *********************************************************************

=== EXIT 0: 2025-12-17T00:56:03Z ===
=== RUN START: 2025-12-17T00:57:01Z user=amhengly pwd=/home/amhengly ===
[WARNING]: Could not match supplied host pattern, ignoring: application

PLAY [Backup database] *********************************************************
skipping: no hosts matched

PLAY RECAP *********************************************************************

=== EXIT 0: 2025-12-17T00:57:03Z ===
=== RUN START: 2025-12-17T00:58:01Z user=amhengly pwd=/home/amhengly ===
[WARNING]: Could not match supplied host pattern, ignoring: application

PLAY [Backup database] *********************************************************
skipping: no hosts matched

PLAY RECAP *********************************************************************

=== EXIT 0: 2025-12-17T00:58:03Z ===
=== RUN START: 2025-12-17T00:59:01Z user=amhengly pwd=/home/amhengly ===
[WARNING]: Could not match supplied host pattern, ignoring: application

PLAY [Backup database] *********************************************************
skipping: no hosts matched

PLAY RECAP *********************************************************************

=== EXIT 0: 2025-12-17T00:59:03Z ===
=== RUN START: 2025-12-17T01:00:01Z user=amhengly pwd=/home/amhengly ===
[WARNING]: Could not match supplied host pattern, ignoring: application

PLAY [Backup database] *********************************************************
skipping: no hosts matched

PLAY RECAP *********************************************************************

=== EXIT 0: 2025-12-17T01:00:02Z ===
=== RUN START: 2025-12-17T01:01:02Z user=amhengly pwd=/home/amhengly ===
[WARNING]: Could not match supplied host pattern, ignoring: application

PLAY [Backup database] *********************************************************
skipping: no hosts matched

PLAY RECAP *********************************************************************

=== EXIT 0: 2025-12-17T01:01:03Z ===
=== RUN START: 2025-12-17T01:02:01Z user=amhengly pwd=/home/amhengly ===
[WARNING]: Could not match supplied host pattern, ignoring: application

PLAY [Backup database] *********************************************************
skipping: no hosts matched

PLAY RECAP *********************************************************************

=== EXIT 0: 2025-12-17T01:02:03Z ===
=== RUN START: 2025-12-17T01:03:01Z user=amhengly pwd=/home/amhengly ===
[WARNING]: Could not match supplied host pattern, ignoring: application

PLAY [Backup database] *********************************************************
skipping: no hosts matched

PLAY RECAP *********************************************************************

=== EXIT 0: 2025-12-17T01:03:03Z ===
=== RUN START: 2025-12-17T01:04:01Z user=amhengly pwd=/home/amhengly ===
[WARNING]: Could not match supplied host pattern, ignoring: application

PLAY [Backup database] *********************************************************
skipping: no hosts matched

PLAY RECAP *********************************************************************

=== EXIT 0: 2025-12-17T01:04:02Z ===
=== RUN START: 2025-12-17T01:05:01Z user=amhengly pwd=/home/amhengly ===
[WARNING]: Could not match supplied host pattern, ignoring: application

PLAY [Backup database] *********************************************************
skipping: no hosts matched

PLAY RECAP *********************************************************************

=== EXIT 0: 2025-12-17T01:05:03Z ===
=== RUN START: 2025-12-17T01:06:01Z user=amhengly pwd=/home/amhengly ===
[WARNING]: Could not match supplied host pattern, ignoring: application

PLAY [Backup database] *********************************************************
skipping: no hosts matched

PLAY RECAP *********************************************************************

=== EXIT 0: 2025-12-17T01:06:03Z ===
=== RUN START: 2025-12-17T01:07:01Z user=amhengly pwd=/home/amhengly ===
[WARNING]: Could not match supplied host pattern, ignoring: application

PLAY [Backup database] *********************************************************
skipping: no hosts matched

PLAY RECAP *********************************************************************

=== EXIT 0: 2025-12-17T01:07:03Z ===
=== RUN START: 2025-12-17T01:08:01Z user=amhengly pwd=/home/amhengly ===
[WARNING]: Could not match supplied host pattern, ignoring: application

PLAY [Backup database] *********************************************************
skipping: no hosts matched

PLAY RECAP *********************************************************************

=== EXIT 0: 2025-12-17T01:08:02Z ===
=== RUN START: 2025-12-17T01:09:01Z user=amhengly pwd=/home/amhengly ===
[WARNING]: Could not match supplied host pattern, ignoring: application

PLAY [Backup database] *********************************************************
skipping: no hosts matched

PLAY RECAP *********************************************************************

=== EXIT 0: 2025-12-17T01:09:03Z ===
=== RUN START: 2025-12-17T01:10:01Z user=amhengly pwd=/home/amhengly ===
[WARNING]: Could not match supplied host pattern, ignoring: application

PLAY [Backup database] *********************************************************
skipping: no hosts matched

PLAY RECAP *********************************************************************

=== EXIT 0: 2025-12-17T01:10:03Z ===
=== RUN START: 2025-12-17T01:11:01Z user=amhengly pwd=/home/amhengly ===
[WARNING]: Could not match supplied host pattern, ignoring: application

PLAY [Backup database] *********************************************************
skipping: no hosts matched

PLAY RECAP *********************************************************************

=== EXIT 0: 2025-12-17T01:11:02Z ===
=== RUN START: 2025-12-17T01:12:02Z user=amhengly pwd=/home/amhengly ===
[WARNING]: Could not match supplied host pattern, ignoring: application

PLAY [Backup database] *********************************************************
skipping: no hosts matched

PLAY RECAP *********************************************************************

=== EXIT 0: 2025-12-17T01:12:03Z ===
=== RUN START: 2025-12-17T01:13:01Z user=amhengly pwd=/home/amhengly ===
[WARNING]: Could not match supplied host pattern, ignoring: application

PLAY [Backup database] *********************************************************
skipping: no hosts matched

PLAY RECAP *********************************************************************

=== EXIT 0: 2025-12-17T01:13:03Z ===
=== RUN START: 2025-12-17T01:14:01Z user=amhengly pwd=/home/amhengly ===
[WARNING]: Could not match supplied host pattern, ignoring: application

PLAY [Backup database] *********************************************************
skipping: no hosts matched

PLAY RECAP *********************************************************************

=== EXIT 0: 2025-12-17T01:14:02Z ===
=== RUN START: 2025-12-17T01:15:01Z user=amhengly pwd=/home/amhengly ===
[WARNING]: Could not match supplied host pattern, ignoring: application

PLAY [Backup database] *********************************************************
skipping: no hosts matched

PLAY RECAP *********************************************************************

=== EXIT 0: 2025-12-17T01:15:03Z ===
=== RUN START: 2025-12-17T01:16:01Z user=amhengly pwd=/home/amhengly ===
[WARNING]: Could not match supplied host pattern, ignoring: application

PLAY [Backup database] *********************************************************
skipping: no hosts matched

PLAY RECAP *********************************************************************

=== EXIT 0: 2025-12-17T01:16:03Z ===
=== RUN START: 2025-12-17T01:17:01Z user=amhengly pwd=/home/amhengly ===
[WARNING]: Could not match supplied host pattern, ignoring: application

PLAY [Backup database] *********************************************************
skipping: no hosts matched

PLAY RECAP *********************************************************************

=== EXIT 0: 2025-12-17T01:17:02Z ===
=== RUN START: 2025-12-17T01:18:01Z user=amhengly pwd=/home/amhengly ===
[WARNING]: Could not match supplied host pattern, ignoring: application

PLAY [Backup database] *********************************************************
skipping: no hosts matched

PLAY RECAP *********************************************************************

=== EXIT 0: 2025-12-17T01:18:03Z ===
=== RUN START: 2025-12-17T01:19:01Z user=amhengly pwd=/home/amhengly ===
[WARNING]: Could not match supplied host pattern, ignoring: application

PLAY [Backup database] *********************************************************
skipping: no hosts matched

PLAY RECAP *********************************************************************

=== EXIT 0: 2025-12-17T01:19:03Z ===
=== RUN START: 2025-12-17T01:20:01Z user=amhengly pwd=/home/amhengly ===
[WARNING]: Could not match supplied host pattern, ignoring: application

PLAY [Backup database] *********************************************************
skipping: no hosts matched

PLAY RECAP *********************************************************************

=== EXIT 0: 2025-12-17T01:20:03Z ===
=== RUN START: 2025-12-17T01:21:01Z user=amhengly pwd=/home/amhengly ===
[WARNING]: Could not match supplied host pattern, ignoring: application

PLAY [Backup database] *********************************************************
skipping: no hosts matched

PLAY RECAP *********************************************************************

=== EXIT 0: 2025-12-17T01:21:03Z ===
=== RUN START: 2025-12-17T01:22:01Z user=amhengly pwd=/home/amhengly ===
[WARNING]: Could not match supplied host pattern, ignoring: application

PLAY [Backup database] *********************************************************
skipping: no hosts matched

PLAY RECAP *********************************************************************

=== EXIT 0: 2025-12-17T01:22:02Z ===
=== RUN START: 2025-12-17T01:23:02Z user=amhengly pwd=/home/amhengly ===
[WARNING]: Could not match supplied host pattern, ignoring: application

PLAY [Backup database] *********************************************************
skipping: no hosts matched

PLAY RECAP *********************************************************************

=== EXIT 0: 2025-12-17T01:23:03Z ===
=== RUN START: 2025-12-17T01:24:01Z user=amhengly pwd=/home/amhengly ===
[WARNING]: Could not match supplied host pattern, ignoring: application

PLAY [Backup database] *********************************************************
skipping: no hosts matched

PLAY RECAP *********************************************************************

=== EXIT 0: 2025-12-17T01:24:03Z ===
=== RUN START: 2025-12-17T01:25:01Z user=amhengly pwd=/home/amhengly ===
[WARNING]: Could not match supplied host pattern, ignoring: application

PLAY [Backup database] *********************************************************
skipping: no hosts matched

PLAY RECAP *********************************************************************

=== EXIT 0: 2025-12-17T01:25:03Z ===
=== RUN START: 2025-12-17T01:26:01Z user=amhengly pwd=/home/amhengly ===
[WARNING]: Could not match supplied host pattern, ignoring: application

PLAY [Backup database] *********************************************************
skipping: no hosts matched

PLAY RECAP *********************************************************************

=== EXIT 0: 2025-12-17T01:26:03Z ===
=== RUN START: 2025-12-17T01:27:01Z user=amhengly pwd=/home/amhengly ===
[WARNING]: Could not match supplied host pattern, ignoring: application

PLAY [Backup database] *********************************************************
skipping: no hosts matched

PLAY RECAP *********************************************************************

=== EXIT 0: 2025-12-17T01:27:02Z ===
=== RUN START: 2025-12-17T01:28:01Z user=amhengly pwd=/home/amhengly ===
[WARNING]: Could not match supplied host pattern, ignoring: application

PLAY [Backup database] *********************************************************
skipping: no hosts matched

PLAY RECAP *********************************************************************

=== EXIT 0: 2025-12-17T01:28:03Z ===
=== RUN START: 2025-12-17T01:29:01Z user=amhengly pwd=/home/amhengly ===
[WARNING]: Could not match supplied host pattern, ignoring: application

PLAY [Backup database] *********************************************************
skipping: no hosts matched

PLAY RECAP *********************************************************************

=== EXIT 0: 2025-12-17T01:29:03Z ===
=== RUN START: 2025-12-17T01:30:01Z user=amhengly pwd=/home/amhengly ===
[WARNING]: Could not match supplied host pattern, ignoring: application

PLAY [Backup database] *********************************************************
skipping: no hosts matched

PLAY RECAP *********************************************************************

=== EXIT 0: 2025-12-17T01:30:03Z ===
=== RUN START: 2025-12-17T01:31:01Z user=amhengly pwd=/home/amhengly ===
[WARNING]: Could not match supplied host pattern, ignoring: application

PLAY [Backup database] *********************************************************
skipping: no hosts matched

PLAY RECAP *********************************************************************

=== EXIT 0: 2025-12-17T01:31:02Z ===
=== RUN START: 2025-12-17T01:32:01Z user=amhengly pwd=/home/amhengly ===
[WARNING]: Could not match supplied host pattern, ignoring: application

PLAY [Backup database] *********************************************************
skipping: no hosts matched

PLAY RECAP *********************************************************************

=== EXIT 0: 2025-12-17T01:32:03Z ===
=== RUN START: 2025-12-17T01:33:01Z user=amhengly pwd=/home/amhengly ===
[WARNING]: Could not match supplied host pattern, ignoring: application

PLAY [Backup database] *********************************************************
skipping: no hosts matched

PLAY RECAP *********************************************************************

=== EXIT 0: 2025-12-17T01:33:03Z ===
=== RUN START: 2025-12-17T01:34:01Z user=amhengly pwd=/home/amhengly ===
[WARNING]: Could not match supplied host pattern, ignoring: application

PLAY [Backup database] *********************************************************
skipping: no hosts matched

PLAY RECAP *********************************************************************

=== EXIT 0: 2025-12-17T01:34:03Z ===
=== RUN START: 2025-12-17T01:35:01Z user=amhengly pwd=/home/amhengly ===
[WARNING]: Could not match supplied host pattern, ignoring: application

PLAY [Backup database] *********************************************************
skipping: no hosts matched

PLAY RECAP *********************************************************************

=== EXIT 0: 2025-12-17T01:35:03Z ===
=== RUN START: 2025-12-17T01:36:01Z user=amhengly pwd=/home/amhengly ===
[WARNING]: Could not match supplied host pattern, ignoring: application

PLAY [Backup database] *********************************************************
skipping: no hosts matched

PLAY RECAP *********************************************************************

=== EXIT 0: 2025-12-17T01:36:03Z ===
=== RUN START: 2025-12-17T01:37:01Z user=amhengly pwd=/home/amhengly ===
[WARNING]: Could not match supplied host pattern, ignoring: application

PLAY [Backup database] *********************************************************
skipping: no hosts matched

PLAY RECAP *********************************************************************

=== EXIT 0: 2025-12-17T01:37:02Z ===
=== RUN START: 2025-12-17T01:38:01Z user=amhengly pwd=/home/amhengly ===
[WARNING]: Could not match supplied host pattern, ignoring: application

PLAY [Backup database] *********************************************************
skipping: no hosts matched

PLAY RECAP *********************************************************************

=== EXIT 0: 2025-12-17T01:38:03Z ===
=== RUN START: 2025-12-17T01:39:01Z user=amhengly pwd=/home/amhengly ===
[WARNING]: Could not match supplied host pattern, ignoring: application

PLAY [Backup database] *********************************************************
skipping: no hosts matched

PLAY RECAP *********************************************************************

=== EXIT 0: 2025-12-17T01:39:03Z ===
=== RUN START: 2025-12-17T01:40:01Z user=amhengly pwd=/home/amhengly ===
[WARNING]: Could not match supplied host pattern, ignoring: application

PLAY [Backup database] *********************************************************
skipping: no hosts matched

PLAY RECAP *********************************************************************

=== EXIT 0: 2025-12-17T01:40:02Z ===
=== RUN START: 2025-12-17T01:41:01Z user=amhengly pwd=/home/amhengly ===
[WARNING]: Could not match supplied host pattern, ignoring: application

PLAY [Backup database] *********************************************************
skipping: no hosts matched

PLAY RECAP *********************************************************************

=== EXIT 0: 2025-12-17T01:41:03Z ===
=== RUN START: 2025-12-17T01:42:01Z user=amhengly pwd=/home/amhengly ===
[WARNING]: Could not match supplied host pattern, ignoring: application

PLAY [Backup database] *********************************************************
skipping: no hosts matched

PLAY RECAP *********************************************************************

=== EXIT 0: 2025-12-17T01:42:03Z ===
=== RUN START: 2025-12-17T01:43:01Z user=amhengly pwd=/home/amhengly ===
[WARNING]: Could not match supplied host pattern, ignoring: application

PLAY [Backup database] *********************************************************
skipping: no hosts matched

PLAY RECAP *********************************************************************

=== EXIT 0: 2025-12-17T01:43:02Z ===
=== RUN START: 2025-12-17T01:44:01Z user=amhengly pwd=/home/amhengly ===
[WARNING]: Could not match supplied host pattern, ignoring: application

PLAY [Backup database] *********************************************************
skipping: no hosts matched

PLAY RECAP *********************************************************************

=== EXIT 0: 2025-12-17T01:44:03Z ===
=== RUN START: 2025-12-17T01:45:01Z user=amhengly pwd=/home/amhengly ===
[WARNING]: Could not match supplied host pattern, ignoring: application

PLAY [Backup database] *********************************************************
skipping: no hosts matched

PLAY RECAP *********************************************************************

=== EXIT 0: 2025-12-17T01:45:03Z ===
=== RUN START: 2025-12-17T01:46:01Z user=amhengly pwd=/home/amhengly ===
[WARNING]: Could not match supplied host pattern, ignoring: application

PLAY [Backup database] *********************************************************
skipping: no hosts matched

PLAY RECAP *********************************************************************

=== EXIT 0: 2025-12-17T01:46:03Z ===
=== RUN START: 2025-12-17T01:47:01Z user=amhengly pwd=/home/amhengly ===
[WARNING]: Could not match supplied host pattern, ignoring: application

PLAY [Backup database] *********************************************************
skipping: no hosts matched

PLAY RECAP *********************************************************************

=== EXIT 0: 2025-12-17T01:47:03Z ===
=== RUN START: 2025-12-17T01:48:01Z user=amhengly pwd=/home/amhengly ===
[WARNING]: Could not match supplied host pattern, ignoring: application

PLAY [Backup database] *********************************************************
skipping: no hosts matched

PLAY RECAP *********************************************************************

=== EXIT 0: 2025-12-17T01:48:02Z ===
=== RUN START: 2025-12-17T01:49:01Z user=amhengly pwd=/home/amhengly ===
[WARNING]: Could not match supplied host pattern, ignoring: application

PLAY [Backup database] *********************************************************
skipping: no hosts matched

PLAY RECAP *********************************************************************

=== EXIT 0: 2025-12-17T01:49:03Z ===
=== RUN START: 2025-12-17T01:50:01Z user=amhengly pwd=/home/amhengly ===
[WARNING]: Could not match supplied host pattern, ignoring: application

PLAY [Backup database] *********************************************************
skipping: no hosts matched

PLAY RECAP *********************************************************************

=== EXIT 0: 2025-12-17T01:50:03Z ===
=== RUN START: 2025-12-17T01:51:01Z user=amhengly pwd=/home/amhengly ===
[WARNING]: Could not match supplied host pattern, ignoring: application

PLAY [Backup database] *********************************************************
skipping: no hosts matched

PLAY RECAP *********************************************************************

=== EXIT 0: 2025-12-17T01:51:03Z ===
=== RUN START: 2025-12-17T01:52:01Z user=amhengly pwd=/home/amhengly ===
[WARNING]: Could not match supplied host pattern, ignoring: application

PLAY [Backup database] *********************************************************
skipping: no hosts matched

PLAY RECAP *********************************************************************

=== EXIT 0: 2025-12-17T01:52:03Z ===
=== RUN START: 2025-12-17T01:53:01Z user=amhengly pwd=/home/amhengly ===
[WARNING]: Could not match supplied host pattern, ignoring: application

PLAY [Backup database] *********************************************************
skipping: no hosts matched

PLAY RECAP *********************************************************************

=== EXIT 0: 2025-12-17T01:53:03Z ===
=== RUN START: 2025-12-17T01:54:01Z user=amhengly pwd=/home/amhengly ===
[WARNING]: Could not match supplied host pattern, ignoring: application

PLAY [Backup database] *********************************************************
skipping: no hosts matched

PLAY RECAP *********************************************************************

=== EXIT 0: 2025-12-17T01:54:02Z ===
=== RUN START: 2025-12-17T01:55:01Z user=amhengly pwd=/home/amhengly ===
[WARNING]: Could not match supplied host pattern, ignoring: application

PLAY [Backup database] *********************************************************
skipping: no hosts matched

PLAY RECAP *********************************************************************

=== EXIT 0: 2025-12-17T01:55:03Z ===
=== RUN START: 2025-12-17T01:56:01Z user=amhengly pwd=/home/amhengly ===
[WARNING]: Could not match supplied host pattern, ignoring: application

PLAY [Backup database] *********************************************************
skipping: no hosts matched

PLAY RECAP *********************************************************************

=== EXIT 0: 2025-12-17T01:56:03Z ===
=== RUN START: 2025-12-17T01:57:01Z user=amhengly pwd=/home/amhengly ===
[WARNING]: Could not match supplied host pattern, ignoring: application

PLAY [Backup database] *********************************************************
skipping: no hosts matched

PLAY RECAP *********************************************************************

=== EXIT 0: 2025-12-17T01:57:03Z ===
=== RUN START: 2025-12-17T01:58:01Z user=amhengly pwd=/home/amhengly ===
[WARNING]: Could not match supplied host pattern, ignoring: application

PLAY [Backup database] *********************************************************
skipping: no hosts matched

PLAY RECAP *********************************************************************

=== EXIT 0: 2025-12-17T01:58:03Z ===
=== RUN START: 2025-12-17T01:59:01Z user=amhengly pwd=/home/amhengly ===
[WARNING]: Could not match supplied host pattern, ignoring: application

PLAY [Backup database] *********************************************************
skipping: no hosts matched

PLAY RECAP *********************************************************************

=== EXIT 0: 2025-12-17T01:59:03Z ===
=== RUN START: 2025-12-17T02:00:01Z user=amhengly pwd=/home/amhengly ===
[WARNING]: Could not match supplied host pattern, ignoring: application

PLAY [Backup database] *********************************************************
skipping: no hosts matched

PLAY RECAP *********************************************************************

=== EXIT 0: 2025-12-17T02:00:03Z ===
=== RUN START: 2025-12-17T02:01:01Z user=amhengly pwd=/home/amhengly ===
[WARNING]: Could not match supplied host pattern, ignoring: application

PLAY [Backup database] *********************************************************
skipping: no hosts matched

PLAY RECAP *********************************************************************

=== EXIT 0: 2025-12-17T02:01:02Z ===
=== RUN START: 2025-12-17T02:02:01Z user=amhengly pwd=/home/amhengly ===
[WARNING]: Could not match supplied host pattern, ignoring: application

PLAY [Backup database] *********************************************************
skipping: no hosts matched

PLAY RECAP *********************************************************************

=== EXIT 0: 2025-12-17T02:02:03Z ===
=== RUN START: 2025-12-17T02:03:01Z user=amhengly pwd=/home/amhengly ===
[WARNING]: Could not match supplied host pattern, ignoring: application

PLAY [Backup database] *********************************************************
skipping: no hosts matched

PLAY RECAP *********************************************************************

=== EXIT 0: 2025-12-17T02:03:03Z ===
=== RUN START: 2025-12-17T02:04:01Z user=amhengly pwd=/home/amhengly ===
[WARNING]: Could not match supplied host pattern, ignoring: application

PLAY [Backup database] *********************************************************
skipping: no hosts matched

PLAY RECAP *********************************************************************

=== EXIT 0: 2025-12-17T02:04:03Z ===
=== RUN START: 2025-12-17T02:05:01Z user=amhengly pwd=/home/amhengly ===
[WARNING]: Could not match supplied host pattern, ignoring: application

PLAY [Backup database] *********************************************************
skipping: no hosts matched

PLAY RECAP *********************************************************************

=== EXIT 0: 2025-12-17T02:05:02Z ===
=== RUN START: 2025-12-17T02:06:01Z user=amhengly pwd=/home/amhengly ===
[WARNING]: Could not match supplied host pattern, ignoring: application

PLAY [Backup database] *********************************************************
skipping: no hosts matched

PLAY RECAP *********************************************************************

=== EXIT 0: 2025-12-17T02:06:03Z ===
=== RUN START: 2025-12-17T02:07:01Z user=amhengly pwd=/home/amhengly ===
[WARNING]: Could not match supplied host pattern, ignoring: application

PLAY [Backup database] *********************************************************
skipping: no hosts matched

PLAY RECAP *********************************************************************

=== EXIT 0: 2025-12-17T02:07:03Z ===
=== RUN START: 2025-12-17T02:08:01Z user=amhengly pwd=/home/amhengly ===
[WARNING]: Could not match supplied host pattern, ignoring: application

PLAY [Backup database] *********************************************************
skipping: no hosts matched

PLAY RECAP *********************************************************************

=== EXIT 0: 2025-12-17T02:08:02Z ===
=== RUN START: 2025-12-17T02:09:01Z user=amhengly pwd=/home/amhengly ===
[WARNING]: Could not match supplied host pattern, ignoring: application

PLAY [Backup database] *********************************************************
skipping: no hosts matched

PLAY RECAP *********************************************************************

=== EXIT 0: 2025-12-17T02:09:03Z ===
=== RUN START: 2025-12-17T02:10:01Z user=amhengly pwd=/home/amhengly ===
[WARNING]: Could not match supplied host pattern, ignoring: application

PLAY [Backup database] *********************************************************
skipping: no hosts matched

PLAY RECAP *********************************************************************

=== EXIT 0: 2025-12-17T02:10:03Z ===
=== RUN START: 2025-12-17T02:11:01Z user=amhengly pwd=/home/amhengly ===
[WARNING]: Could not match supplied host pattern, ignoring: application

PLAY [Backup database] *********************************************************
skipping: no hosts matched

PLAY RECAP *********************************************************************

=== EXIT 0: 2025-12-17T02:11:03Z ===
=== RUN START: 2025-12-17T02:12:01Z user=amhengly pwd=/home/amhengly ===
[WARNING]: Could not match supplied host pattern, ignoring: application

PLAY [Backup database] *********************************************************
skipping: no hosts matched

PLAY RECAP *********************************************************************

=== EXIT 0: 2025-12-17T02:12:02Z ===
=== RUN START: 2025-12-17T02:13:01Z user=amhengly pwd=/home/amhengly ===
[WARNING]: Could not match supplied host pattern, ignoring: application

PLAY [Backup database] *********************************************************
skipping: no hosts matched

PLAY RECAP *********************************************************************

=== EXIT 0: 2025-12-17T02:13:03Z ===
=== RUN START: 2025-12-17T02:14:01Z user=amhengly pwd=/home/amhengly ===
[WARNING]: Could not match supplied host pattern, ignoring: application

PLAY [Backup database] *********************************************************
skipping: no hosts matched

PLAY RECAP *********************************************************************

=== EXIT 0: 2025-12-17T02:14:03Z ===
=== RUN START: 2025-12-17T02:15:01Z user=amhengly pwd=/home/amhengly ===
[WARNING]: Could not match supplied host pattern, ignoring: application

PLAY [Backup database] *********************************************************
skipping: no hosts matched

PLAY RECAP *********************************************************************

=== EXIT 0: 2025-12-17T02:15:03Z ===
=== RUN START: 2025-12-17T02:16:01Z user=amhengly pwd=/home/amhengly ===
[WARNING]: Could not match supplied host pattern, ignoring: application

PLAY [Backup database] *********************************************************
skipping: no hosts matched

PLAY RECAP *********************************************************************

=== EXIT 0: 2025-12-17T02:16:02Z ===
=== RUN START: 2025-12-17T02:17:01Z user=amhengly pwd=/home/amhengly ===
[WARNING]: Could not match supplied host pattern, ignoring: application

PLAY [Backup database] *********************************************************
skipping: no hosts matched

PLAY RECAP *********************************************************************

=== EXIT 0: 2025-12-17T02:17:03Z ===
=== RUN START: 2025-12-17T02:18:01Z user=amhengly pwd=/home/amhengly ===
[WARNING]: Could not match supplied host pattern, ignoring: application

PLAY [Backup database] *********************************************************
skipping: no hosts matched

PLAY RECAP *********************************************************************

=== EXIT 0: 2025-12-17T02:18:03Z ===
=== RUN START: 2025-12-17T02:19:01Z user=amhengly pwd=/home/amhengly ===
[WARNING]: Could not match supplied host pattern, ignoring: application

PLAY [Backup database] *********************************************************
skipping: no hosts matched

PLAY RECAP *********************************************************************

=== EXIT 0: 2025-12-17T02:19:03Z ===
=== RUN START: 2025-12-17T02:20:01Z user=amhengly pwd=/home/amhengly ===
[WARNING]: Could not match supplied host pattern, ignoring: application

PLAY [Backup database] *********************************************************
skipping: no hosts matched

PLAY RECAP *********************************************************************

=== EXIT 0: 2025-12-17T02:20:03Z ===
=== RUN START: 2025-12-17T02:21:01Z user=amhengly pwd=/home/amhengly ===
[WARNING]: Could not match supplied host pattern, ignoring: application

PLAY [Backup database] *********************************************************
skipping: no hosts matched

PLAY RECAP *********************************************************************

=== EXIT 0: 2025-12-17T02:21:03Z ===
=== RUN START: 2025-12-17T02:22:01Z user=amhengly pwd=/home/amhengly ===
[WARNING]: Could not match supplied host pattern, ignoring: application

PLAY [Backup database] *********************************************************
skipping: no hosts matched

PLAY RECAP *********************************************************************

=== EXIT 0: 2025-12-17T02:22:02Z ===
=== RUN START: 2025-12-17T02:23:01Z user=amhengly pwd=/home/amhengly ===
[WARNING]: Could not match supplied host pattern, ignoring: application

PLAY [Backup database] *********************************************************
skipping: no hosts matched

PLAY RECAP *********************************************************************

=== EXIT 0: 2025-12-17T02:23:03Z ===
=== RUN START: 2025-12-17T02:24:01Z user=amhengly pwd=/home/amhengly ===
[WARNING]: Could not match supplied host pattern, ignoring: application

PLAY [Backup database] *********************************************************
skipping: no hosts matched

PLAY RECAP *********************************************************************

=== EXIT 0: 2025-12-17T02:24:03Z ===
=== RUN START: 2025-12-17T02:25:01Z user=amhengly pwd=/home/amhengly ===
[WARNING]: Could not match supplied host pattern, ignoring: application

PLAY [Backup database] *********************************************************
skipping: no hosts matched

PLAY RECAP *********************************************************************

=== EXIT 0: 2025-12-17T02:25:03Z ===
=== RUN START: 2025-12-17T02:26:01Z user=amhengly pwd=/home/amhengly ===
[WARNING]: Could not match supplied host pattern, ignoring: application

PLAY [Backup database] *********************************************************
skipping: no hosts matched

PLAY RECAP *********************************************************************

=== EXIT 0: 2025-12-17T02:26:03Z ===
=== RUN START: 2025-12-17T02:27:01Z user=amhengly pwd=/home/amhengly ===
[WARNING]: Could not match supplied host pattern, ignoring: application

PLAY [Backup database] *********************************************************
skipping: no hosts matched

PLAY RECAP *********************************************************************

=== EXIT 0: 2025-12-17T02:27:02Z ===
=== RUN START: 2025-12-17T02:28:01Z user=amhengly pwd=/home/amhengly ===
[WARNING]: Could not match supplied host pattern, ignoring: application

PLAY [Backup database] *********************************************************
skipping: no hosts matched

PLAY RECAP *********************************************************************

=== EXIT 0: 2025-12-17T02:28:03Z ===
=== RUN START: 2025-12-17T02:29:01Z user=amhengly pwd=/home/amhengly ===
[WARNING]: Could not match supplied host pattern, ignoring: application

PLAY [Backup database] *********************************************************
skipping: no hosts matched

PLAY RECAP *********************************************************************

=== EXIT 0: 2025-12-17T02:29:03Z ===
=== RUN START: 2025-12-17T02:30:01Z user=amhengly pwd=/home/amhengly ===
[WARNING]: Could not match supplied host pattern, ignoring: application

PLAY [Backup database] *********************************************************
skipping: no hosts matched

PLAY RECAP *********************************************************************

=== EXIT 0: 2025-12-17T02:30:03Z ===
=== RUN START: 2025-12-17T02:31:01Z user=amhengly pwd=/home/amhengly ===
[WARNING]: Could not match supplied host pattern, ignoring: application

PLAY [Backup database] *********************************************************
skipping: no hosts matched

PLAY RECAP *********************************************************************

=== EXIT 0: 2025-12-17T02:31:02Z ===
=== RUN START: 2025-12-17T02:32:02Z user=amhengly pwd=/home/amhengly ===
[WARNING]: Could not match supplied host pattern, ignoring: application

PLAY [Backup database] *********************************************************
skipping: no hosts matched

PLAY RECAP *********************************************************************

=== EXIT 0: 2025-12-17T02:32:03Z ===
=== RUN START: 2025-12-17T02:33:01Z user=amhengly pwd=/home/amhengly ===
[WARNING]: Could not match supplied host pattern, ignoring: application

PLAY [Backup database] *********************************************************
skipping: no hosts matched

PLAY RECAP *********************************************************************

=== EXIT 0: 2025-12-17T02:33:03Z ===
=== RUN START: 2025-12-17T02:34:01Z user=amhengly pwd=/home/amhengly ===
[WARNING]: Could not match supplied host pattern, ignoring: application

PLAY [Backup database] *********************************************************
skipping: no hosts matched

PLAY RECAP *********************************************************************

=== EXIT 0: 2025-12-17T02:34:03Z ===
=== RUN START: 2025-12-17T02:35:01Z user=amhengly pwd=/home/amhengly ===
[WARNING]: Could not match supplied host pattern, ignoring: application

PLAY [Backup database] *********************************************************
skipping: no hosts matched

PLAY RECAP *********************************************************************

=== EXIT 0: 2025-12-17T02:35:02Z ===
=== RUN START: 2025-12-17T02:36:01Z user=amhengly pwd=/home/amhengly ===
[WARNING]: Could not match supplied host pattern, ignoring: application

PLAY [Backup database] *********************************************************
skipping: no hosts matched

PLAY RECAP *********************************************************************

=== EXIT 0: 2025-12-17T02:36:03Z ===
=== RUN START: 2025-12-17T02:37:01Z user=amhengly pwd=/home/amhengly ===
[WARNING]: Could not match supplied host pattern, ignoring: application

PLAY [Backup database] *********************************************************
skipping: no hosts matched

PLAY RECAP *********************************************************************

=== EXIT 0: 2025-12-17T02:37:03Z ===
=== RUN START: 2025-12-17T02:38:01Z user=amhengly pwd=/home/amhengly ===
[WARNING]: Could not match supplied host pattern, ignoring: application

PLAY [Backup database] *********************************************************
skipping: no hosts matched

PLAY RECAP *********************************************************************

=== EXIT 0: 2025-12-17T02:38:03Z ===
=== RUN START: 2025-12-17T02:39:01Z user=amhengly pwd=/home/amhengly ===
[WARNING]: Could not match supplied host pattern, ignoring: application

PLAY [Backup database] *********************************************************
skipping: no hosts matched

PLAY RECAP *********************************************************************

=== EXIT 0: 2025-12-17T02:39:02Z ===
=== RUN START: 2025-12-17T02:40:01Z user=amhengly pwd=/home/amhengly ===
[WARNING]: Could not match supplied host pattern, ignoring: application

PLAY [Backup database] *********************************************************
skipping: no hosts matched

PLAY RECAP *********************************************************************

=== EXIT 0: 2025-12-17T02:40:03Z ===
=== RUN START: 2025-12-17T02:41:01Z user=amhengly pwd=/home/amhengly ===
[WARNING]: Could not match supplied host pattern, ignoring: application

PLAY [Backup database] *********************************************************
skipping: no hosts matched

PLAY RECAP *********************************************************************

=== EXIT 0: 2025-12-17T02:41:03Z ===
=== RUN START: 2025-12-17T02:42:01Z user=amhengly pwd=/home/amhengly ===
[WARNING]: Could not match supplied host pattern, ignoring: application

PLAY [Backup database] *********************************************************
skipping: no hosts matched

PLAY RECAP *********************************************************************

=== EXIT 0: 2025-12-17T02:42:03Z ===
=== RUN START: 2025-12-17T02:43:01Z user=amhengly pwd=/home/amhengly ===
[WARNING]: Could not match supplied host pattern, ignoring: application

PLAY [Backup database] *********************************************************
skipping: no hosts matched

PLAY RECAP *********************************************************************

=== EXIT 0: 2025-12-17T02:43:03Z ===
=== RUN START: 2025-12-17T02:44:01Z user=amhengly pwd=/home/amhengly ===
[WARNING]: Could not match supplied host pattern, ignoring: application

PLAY [Backup database] *********************************************************
skipping: no hosts matched

PLAY RECAP *********************************************************************

=== EXIT 0: 2025-12-17T02:44:04Z ===
=== RUN START: 2025-12-17T02:45:01Z user=amhengly pwd=/home/amhengly ===
[WARNING]: Could not match supplied host pattern, ignoring: application

PLAY [Backup database] *********************************************************
skipping: no hosts matched

PLAY RECAP *********************************************************************

=== EXIT 0: 2025-12-17T02:45:03Z ===
=== RUN START: 2025-12-17T02:46:01Z user=amhengly pwd=/home/amhengly ===
[WARNING]: Could not match supplied host pattern, ignoring: application

PLAY [Backup database] *********************************************************
skipping: no hosts matched

PLAY RECAP *********************************************************************

=== EXIT 0: 2025-12-17T02:46:03Z ===
=== RUN START: 2025-12-17T02:47:01Z user=amhengly pwd=/home/amhengly ===
[WARNING]: Could not match supplied host pattern, ignoring: application

PLAY [Backup database] *********************************************************
skipping: no hosts matched

PLAY RECAP *********************************************************************

=== EXIT 0: 2025-12-17T02:47:03Z ===
=== RUN START: 2025-12-17T02:48:01Z user=amhengly pwd=/home/amhengly ===
[WARNING]: Could not match supplied host pattern, ignoring: application

PLAY [Backup database] *********************************************************
skipping: no hosts matched

PLAY RECAP *********************************************************************

=== EXIT 0: 2025-12-17T02:48:02Z ===
=== RUN START: 2025-12-17T02:49:01Z user=amhengly pwd=/home/amhengly ===
[WARNING]: Could not match supplied host pattern, ignoring: application

PLAY [Backup database] *********************************************************
skipping: no hosts matched

PLAY RECAP *********************************************************************

=== EXIT 0: 2025-12-17T02:49:03Z ===
=== RUN START: 2025-12-17T02:50:01Z user=amhengly pwd=/home/amhengly ===
[WARNING]: Could not match supplied host pattern, ignoring: application

PLAY [Backup database] *********************************************************
skipping: no hosts matched

PLAY RECAP *********************************************************************

=== EXIT 0: 2025-12-17T02:50:03Z ===
=== RUN START: 2025-12-17T02:51:01Z user=amhengly pwd=/home/amhengly ===
[WARNING]: Could not match supplied host pattern, ignoring: application

PLAY [Backup database] *********************************************************
skipping: no hosts matched

PLAY RECAP *********************************************************************

=== EXIT 0: 2025-12-17T02:51:03Z ===
=== RUN START: 2025-12-17T02:52:01Z user=amhengly pwd=/home/amhengly ===
[WARNING]: Could not match supplied host pattern, ignoring: application

PLAY [Backup database] *********************************************************
skipping: no hosts matched

PLAY RECAP *********************************************************************

=== EXIT 0: 2025-12-17T02:52:03Z ===
=== RUN START: 2025-12-17T02:53:01Z user=amhengly pwd=/home/amhengly ===
[WARNING]: Could not match supplied host pattern, ignoring: application

PLAY [Backup database] *********************************************************
skipping: no hosts matched

PLAY RECAP *********************************************************************

=== EXIT 0: 2025-12-17T02:53:02Z ===
=== RUN START: 2025-12-17T02:54:01Z user=amhengly pwd=/home/amhengly ===
[WARNING]: Could not match supplied host pattern, ignoring: application

PLAY [Backup database] *********************************************************
skipping: no hosts matched

PLAY RECAP *********************************************************************

=== EXIT 0: 2025-12-17T02:54:03Z ===
=== RUN START: 2025-12-17T02:55:01Z user=amhengly pwd=/home/amhengly ===
[WARNING]: Could not match supplied host pattern, ignoring: application

PLAY [Backup database] *********************************************************
skipping: no hosts matched

PLAY RECAP *********************************************************************

=== EXIT 0: 2025-12-17T02:55:03Z ===
=== RUN START: 2025-12-17T02:56:01Z user=amhengly pwd=/home/amhengly ===
[WARNING]: Could not match supplied host pattern, ignoring: application

PLAY [Backup database] *********************************************************
skipping: no hosts matched

PLAY RECAP *********************************************************************

=== EXIT 0: 2025-12-17T02:56:02Z ===
=== RUN START: 2025-12-17T02:57:01Z user=amhengly pwd=/home/amhengly ===
[WARNING]: Could not match supplied host pattern, ignoring: application

PLAY [Backup database] *********************************************************
skipping: no hosts matched

PLAY RECAP *********************************************************************

=== EXIT 0: 2025-12-17T02:57:03Z ===
=== RUN START: 2025-12-17T02:58:01Z user=amhengly pwd=/home/amhengly ===
[WARNING]: Could not match supplied host pattern, ignoring: application

PLAY [Backup database] *********************************************************
skipping: no hosts matched

PLAY RECAP *********************************************************************

=== EXIT 0: 2025-12-17T02:58:03Z ===
=== RUN START: 2025-12-17T02:59:01Z user=amhengly pwd=/home/amhengly ===
[WARNING]: Could not match supplied host pattern, ignoring: application

PLAY [Backup database] *********************************************************
skipping: no hosts matched

PLAY RECAP *********************************************************************

=== EXIT 0: 2025-12-17T02:59:02Z ===
=== RUN START: 2025-12-17T03:00:01Z user=amhengly pwd=/home/amhengly ===
[WARNING]: Could not match supplied host pattern, ignoring: application

PLAY [Backup database] *********************************************************
skipping: no hosts matched

PLAY RECAP *********************************************************************

=== EXIT 0: 2025-12-17T03:00:03Z ===
=== RUN START: 2025-12-17T03:01:01Z user=amhengly pwd=/home/amhengly ===
[WARNING]: Could not match supplied host pattern, ignoring: application

PLAY [Backup database] *********************************************************
skipping: no hosts matched

PLAY RECAP *********************************************************************

=== EXIT 0: 2025-12-17T03:01:03Z ===
=== RUN START: 2025-12-17T03:02:01Z user=amhengly pwd=/home/amhengly ===
[WARNING]: Could not match supplied host pattern, ignoring: application

PLAY [Backup database] *********************************************************
skipping: no hosts matched

PLAY RECAP *********************************************************************

=== EXIT 0: 2025-12-17T03:02:03Z ===
=== RUN START: 2025-12-17T03:03:01Z user=amhengly pwd=/home/amhengly ===
[WARNING]: Could not match supplied host pattern, ignoring: application

PLAY [Backup database] *********************************************************
skipping: no hosts matched

PLAY RECAP *********************************************************************

=== EXIT 0: 2025-12-17T03:03:03Z ===
=== RUN START: 2025-12-17T03:04:01Z user=amhengly pwd=/home/amhengly ===
[WARNING]: Could not match supplied host pattern, ignoring: application

PLAY [Backup database] *********************************************************
skipping: no hosts matched

PLAY RECAP *********************************************************************

=== EXIT 0: 2025-12-17T03:04:03Z ===
=== RUN START: 2025-12-17T03:05:01Z user=amhengly pwd=/home/amhengly ===
[WARNING]: Could not match supplied host pattern, ignoring: application

PLAY [Backup database] *********************************************************
skipping: no hosts matched

PLAY RECAP *********************************************************************

=== EXIT 0: 2025-12-17T03:05:02Z ===
=== RUN START: 2025-12-17T03:06:02Z user=amhengly pwd=/home/amhengly ===
[WARNING]: Could not match supplied host pattern, ignoring: application

PLAY [Backup database] *********************************************************
skipping: no hosts matched

PLAY RECAP *********************************************************************

=== EXIT 0: 2025-12-17T03:06:03Z ===
=== RUN START: 2025-12-17T03:07:01Z user=amhengly pwd=/home/amhengly ===
[WARNING]: Could not match supplied host pattern, ignoring: application

PLAY [Backup database] *********************************************************
skipping: no hosts matched

PLAY RECAP *********************************************************************

=== EXIT 0: 2025-12-17T03:07:03Z ===
=== RUN START: 2025-12-17T03:08:01Z user=amhengly pwd=/home/amhengly ===
[WARNING]: Could not match supplied host pattern, ignoring: application

PLAY [Backup database] *********************************************************
skipping: no hosts matched

PLAY RECAP *********************************************************************

=== EXIT 0: 2025-12-17T03:08:03Z ===
=== RUN START: 2025-12-17T03:09:01Z user=amhengly pwd=/home/amhengly ===
[WARNING]: Could not match supplied host pattern, ignoring: application

PLAY [Backup database] *********************************************************
skipping: no hosts matched

PLAY RECAP *********************************************************************

=== EXIT 0: 2025-12-17T03:09:03Z ===
=== RUN START: 2025-12-17T03:10:01Z user=amhengly pwd=/home/amhengly ===
[WARNING]: Could not match supplied host pattern, ignoring: application

PLAY [Backup database] *********************************************************
skipping: no hosts matched

PLAY RECAP *********************************************************************

=== EXIT 0: 2025-12-17T03:10:02Z ===
=== RUN START: 2025-12-17T03:11:01Z user=amhengly pwd=/home/amhengly ===
[WARNING]: Could not match supplied host pattern, ignoring: application

PLAY [Backup database] *********************************************************
skipping: no hosts matched

PLAY RECAP *********************************************************************

=== EXIT 0: 2025-12-17T03:11:03Z ===
=== RUN START: 2025-12-17T03:12:01Z user=amhengly pwd=/home/amhengly ===
[WARNING]: Could not match supplied host pattern, ignoring: application

PLAY [Backup database] *********************************************************
skipping: no hosts matched

PLAY RECAP *********************************************************************

=== EXIT 0: 2025-12-17T03:12:03Z ===
=== RUN START: 2025-12-17T03:13:01Z user=amhengly pwd=/home/amhengly ===
[WARNING]: Could not match supplied host pattern, ignoring: application

PLAY [Backup database] *********************************************************
skipping: no hosts matched

PLAY RECAP *********************************************************************

=== EXIT 0: 2025-12-17T03:13:03Z ===
=== RUN START: 2025-12-17T03:14:01Z user=amhengly pwd=/home/amhengly ===
[WARNING]: Could not match supplied host pattern, ignoring: application

PLAY [Backup database] *********************************************************
skipping: no hosts matched

PLAY RECAP *********************************************************************

=== EXIT 0: 2025-12-17T03:14:02Z ===
=== RUN START: 2025-12-17T03:15:01Z user=amhengly pwd=/home/amhengly ===
[WARNING]: Could not match supplied host pattern, ignoring: application

PLAY [Backup database] *********************************************************
skipping: no hosts matched

PLAY RECAP *********************************************************************

=== EXIT 0: 2025-12-17T03:15:03Z ===
=== RUN START: 2025-12-17T03:16:01Z user=amhengly pwd=/home/amhengly ===
[WARNING]: Could not match supplied host pattern, ignoring: application

PLAY [Backup database] *********************************************************
skipping: no hosts matched

PLAY RECAP *********************************************************************

=== EXIT 0: 2025-12-17T03:16:03Z ===
=== RUN START: 2025-12-17T03:17:01Z user=amhengly pwd=/home/amhengly ===
[WARNING]: Could not match supplied host pattern, ignoring: application

PLAY [Backup database] *********************************************************
skipping: no hosts matched

PLAY RECAP *********************************************************************

=== EXIT 0: 2025-12-17T03:17:03Z ===
=== RUN START: 2025-12-17T03:18:01Z user=amhengly pwd=/home/amhengly ===
[WARNING]: Could not match supplied host pattern, ignoring: application

PLAY [Backup database] *********************************************************
skipping: no hosts matched

PLAY RECAP *********************************************************************

=== EXIT 0: 2025-12-17T03:18:02Z ===
=== RUN START: 2025-12-17T03:19:01Z user=amhengly pwd=/home/amhengly ===
[WARNING]: Could not match supplied host pattern, ignoring: application

PLAY [Backup database] *********************************************************
skipping: no hosts matched

PLAY RECAP *********************************************************************

=== EXIT 0: 2025-12-17T03:19:02Z ===
=== RUN START: 2025-12-17T03:20:01Z user=amhengly pwd=/home/amhengly ===
[WARNING]: Could not match supplied host pattern, ignoring: application

PLAY [Backup database] *********************************************************
skipping: no hosts matched

PLAY RECAP *********************************************************************

=== EXIT 0: 2025-12-17T03:20:03Z ===
=== RUN START: 2025-12-17T03:21:01Z user=amhengly pwd=/home/amhengly ===
[WARNING]: Could not match supplied host pattern, ignoring: application

PLAY [Backup database] *********************************************************
skipping: no hosts matched

PLAY RECAP *********************************************************************

=== EXIT 0: 2025-12-17T03:21:03Z ===
=== RUN START: 2025-12-17T03:22:01Z user=amhengly pwd=/home/amhengly ===
[WARNING]: Could not match supplied host pattern, ignoring: application

PLAY [Backup database] *********************************************************
skipping: no hosts matched

PLAY RECAP *********************************************************************

=== EXIT 0: 2025-12-17T03:22:02Z ===
=== RUN START: 2025-12-17T03:23:01Z user=amhengly pwd=/home/amhengly ===
[WARNING]: Could not match supplied host pattern, ignoring: application

PLAY [Backup database] *********************************************************
skipping: no hosts matched

PLAY RECAP *********************************************************************

=== EXIT 0: 2025-12-17T03:23:03Z ===
=== RUN START: 2025-12-17T03:24:01Z user=amhengly pwd=/home/amhengly ===
[WARNING]: Could not match supplied host pattern, ignoring: application

PLAY [Backup database] *********************************************************
skipping: no hosts matched

PLAY RECAP *********************************************************************

=== EXIT 0: 2025-12-17T03:24:03Z ===
=== RUN START: 2025-12-17T03:25:01Z user=amhengly pwd=/home/amhengly ===
[WARNING]: Could not match supplied host pattern, ignoring: application

PLAY [Backup database] *********************************************************
skipping: no hosts matched

PLAY RECAP *********************************************************************

=== EXIT 0: 2025-12-17T03:25:02Z ===
=== RUN START: 2025-12-17T03:26:01Z user=amhengly pwd=/home/amhengly ===
[WARNING]: Could not match supplied host pattern, ignoring: application

PLAY [Backup database] *********************************************************
skipping: no hosts matched

PLAY RECAP *********************************************************************

=== EXIT 0: 2025-12-17T03:26:03Z ===
=== RUN START: 2025-12-17T03:27:01Z user=amhengly pwd=/home/amhengly ===
[WARNING]: Could not match supplied host pattern, ignoring: application

PLAY [Backup database] *********************************************************
skipping: no hosts matched

PLAY RECAP *********************************************************************

=== EXIT 0: 2025-12-17T03:27:03Z ===
=== RUN START: 2025-12-17T03:28:01Z user=amhengly pwd=/home/amhengly ===
[WARNING]: Could not match supplied host pattern, ignoring: application

PLAY [Backup database] *********************************************************
skipping: no hosts matched

PLAY RECAP *********************************************************************

=== EXIT 0: 2025-12-17T03:28:03Z ===
=== RUN START: 2025-12-17T03:29:01Z user=amhengly pwd=/home/amhengly ===
[WARNING]: Could not match supplied host pattern, ignoring: application

PLAY [Backup database] *********************************************************
skipping: no hosts matched

PLAY RECAP *********************************************************************

=== EXIT 0: 2025-12-17T03:29:03Z ===
=== RUN START: 2025-12-17T03:30:01Z user=amhengly pwd=/home/amhengly ===
[WARNING]: Could not match supplied host pattern, ignoring: application

PLAY [Backup database] *********************************************************
skipping: no hosts matched

PLAY RECAP *********************************************************************

=== EXIT 0: 2025-12-17T03:30:03Z ===
=== RUN START: 2025-12-17T03:31:01Z user=amhengly pwd=/home/amhengly ===
[WARNING]: Could not match supplied host pattern, ignoring: application

PLAY [Backup database] *********************************************************
skipping: no hosts matched

PLAY RECAP *********************************************************************

=== EXIT 0: 2025-12-17T03:31:02Z ===
=== RUN START: 2025-12-17T03:32:01Z user=amhengly pwd=/home/amhengly ===
[WARNING]: Could not match supplied host pattern, ignoring: application

PLAY [Backup database] *********************************************************
skipping: no hosts matched

PLAY RECAP *********************************************************************

=== EXIT 0: 2025-12-17T03:32:03Z ===
=== RUN START: 2025-12-17T03:33:01Z user=amhengly pwd=/home/amhengly ===
[WARNING]: Could not match supplied host pattern, ignoring: application

PLAY [Backup database] *********************************************************
skipping: no hosts matched

PLAY RECAP *********************************************************************

=== EXIT 0: 2025-12-17T03:33:03Z ===
=== RUN START: 2025-12-17T03:34:01Z user=amhengly pwd=/home/amhengly ===
[WARNING]: Could not match supplied host pattern, ignoring: application

PLAY [Backup database] *********************************************************
skipping: no hosts matched

PLAY RECAP *********************************************************************

=== EXIT 0: 2025-12-17T03:34:03Z ===
=== RUN START: 2025-12-17T03:35:01Z user=amhengly pwd=/home/amhengly ===
[WARNING]: Could not match supplied host pattern, ignoring: application

PLAY [Backup database] *********************************************************
skipping: no hosts matched

PLAY RECAP *********************************************************************

=== EXIT 0: 2025-12-17T03:35:02Z ===
=== RUN START: 2025-12-17T03:36:02Z user=amhengly pwd=/home/amhengly ===
[WARNING]: Could not match supplied host pattern, ignoring: application

PLAY [Backup database] *********************************************************
skipping: no hosts matched

PLAY RECAP *********************************************************************

=== EXIT 0: 2025-12-17T03:36:03Z ===
=== RUN START: 2025-12-17T03:37:01Z user=amhengly pwd=/home/amhengly ===
[WARNING]: Could not match supplied host pattern, ignoring: application

PLAY [Backup database] *********************************************************
skipping: no hosts matched

PLAY RECAP *********************************************************************

=== EXIT 0: 2025-12-17T03:37:03Z ===
=== RUN START: 2025-12-17T03:38:01Z user=amhengly pwd=/home/amhengly ===
[WARNING]: Could not match supplied host pattern, ignoring: application

PLAY [Backup database] *********************************************************
skipping: no hosts matched

PLAY RECAP *********************************************************************

=== EXIT 0: 2025-12-17T03:38:03Z ===
=== RUN START: 2025-12-17T03:39:01Z user=amhengly pwd=/home/amhengly ===
[WARNING]: Could not match supplied host pattern, ignoring: application

PLAY [Backup database] *********************************************************
skipping: no hosts matched

PLAY RECAP *********************************************************************

=== EXIT 0: 2025-12-17T03:39:03Z ===
=== RUN START: 2025-12-17T03:40:01Z user=amhengly pwd=/home/amhengly ===
[WARNING]: Could not match supplied host pattern, ignoring: application

PLAY [Backup database] *********************************************************
skipping: no hosts matched

PLAY RECAP *********************************************************************

=== EXIT 0: 2025-12-17T03:40:02Z ===
=== RUN START: 2025-12-17T03:41:01Z user=amhengly pwd=/home/amhengly ===
[WARNING]: Could not match supplied host pattern, ignoring: application

PLAY [Backup database] *********************************************************
skipping: no hosts matched

PLAY RECAP *********************************************************************

=== EXIT 0: 2025-12-17T03:41:03Z ===
=== RUN START: 2025-12-17T03:42:01Z user=amhengly pwd=/home/amhengly ===
[WARNING]: Could not match supplied host pattern, ignoring: application

PLAY [Backup database] *********************************************************
skipping: no hosts matched

PLAY RECAP *********************************************************************

=== EXIT 0: 2025-12-17T03:42:03Z ===
=== RUN START: 2025-12-17T03:43:01Z user=amhengly pwd=/home/amhengly ===
[WARNING]: Could not match supplied host pattern, ignoring: application

PLAY [Backup database] *********************************************************
skipping: no hosts matched

PLAY RECAP *********************************************************************

=== EXIT 0: 2025-12-17T03:43:03Z ===
=== RUN START: 2025-12-17T03:44:01Z user=amhengly pwd=/home/amhengly ===
[WARNING]: Could not match supplied host pattern, ignoring: application

PLAY [Backup database] *********************************************************
skipping: no hosts matched

PLAY RECAP *********************************************************************

=== EXIT 0: 2025-12-17T03:44:03Z ===
=== RUN START: 2025-12-17T03:45:01Z user=amhengly pwd=/home/amhengly ===
[WARNING]: Could not match supplied host pattern, ignoring: application

PLAY [Backup database] *********************************************************
skipping: no hosts matched

PLAY RECAP *********************************************************************

=== EXIT 0: 2025-12-17T03:45:03Z ===
=== RUN START: 2025-12-17T03:46:01Z user=amhengly pwd=/home/amhengly ===
[WARNING]: Could not match supplied host pattern, ignoring: application

PLAY [Backup database] *********************************************************
skipping: no hosts matched

PLAY RECAP *********************************************************************

=== EXIT 0: 2025-12-17T03:46:02Z ===
=== RUN START: 2025-12-17T03:47:01Z user=amhengly pwd=/home/amhengly ===
[WARNING]: Could not match supplied host pattern, ignoring: application

PLAY [Backup database] *********************************************************
skipping: no hosts matched

PLAY RECAP *********************************************************************

=== EXIT 0: 2025-12-17T03:47:03Z ===
=== RUN START: 2025-12-17T03:48:01Z user=amhengly pwd=/home/amhengly ===
[WARNING]: Could not match supplied host pattern, ignoring: application

PLAY [Backup database] *********************************************************
skipping: no hosts matched

PLAY RECAP *********************************************************************

=== EXIT 0: 2025-12-17T03:48:03Z ===
=== RUN START: 2025-12-17T03:49:01Z user=amhengly pwd=/home/amhengly ===
[WARNING]: Could not match supplied host pattern, ignoring: application

PLAY [Backup database] *********************************************************
skipping: no hosts matched

PLAY RECAP *********************************************************************

=== EXIT 0: 2025-12-17T03:49:02Z ===
=== RUN START: 2025-12-17T03:50:01Z user=amhengly pwd=/home/amhengly ===
[WARNING]: Could not match supplied host pattern, ignoring: application

PLAY [Backup database] *********************************************************
skipping: no hosts matched

PLAY RECAP *********************************************************************

=== EXIT 0: 2025-12-17T03:50:03Z ===
=== RUN START: 2025-12-17T03:51:01Z user=amhengly pwd=/home/amhengly ===
[WARNING]: Could not match supplied host pattern, ignoring: application

PLAY [Backup database] *********************************************************
skipping: no hosts matched

PLAY RECAP *********************************************************************

=== EXIT 0: 2025-12-17T03:51:02Z ===
=== RUN START: 2025-12-17T03:52:02Z user=amhengly pwd=/home/amhengly ===
[WARNING]: Could not match supplied host pattern, ignoring: application

PLAY [Backup database] *********************************************************
skipping: no hosts matched

PLAY RECAP *********************************************************************

=== EXIT 0: 2025-12-17T03:52:03Z ===
=== RUN START: 2025-12-17T03:53:01Z user=amhengly pwd=/home/amhengly ===
[WARNING]: Could not match supplied host pattern, ignoring: application

PLAY [Backup database] *********************************************************
skipping: no hosts matched

PLAY RECAP *********************************************************************

=== EXIT 0: 2025-12-17T03:53:03Z ===
=== RUN START: 2025-12-17T03:54:01Z user=amhengly pwd=/home/amhengly ===
[WARNING]: Could not match supplied host pattern, ignoring: application

PLAY [Backup database] *********************************************************
skipping: no hosts matched

PLAY RECAP *********************************************************************

=== EXIT 0: 2025-12-17T03:54:03Z ===
=== RUN START: 2025-12-17T03:55:01Z user=amhengly pwd=/home/amhengly ===
[WARNING]: Could not match supplied host pattern, ignoring: application

PLAY [Backup database] *********************************************************
skipping: no hosts matched

PLAY RECAP *********************************************************************

=== EXIT 0: 2025-12-17T03:55:03Z ===
=== RUN START: 2025-12-17T03:56:01Z user=amhengly pwd=/home/amhengly ===
[WARNING]: Could not match supplied host pattern, ignoring: application

PLAY [Backup database] *********************************************************
skipping: no hosts matched

PLAY RECAP *********************************************************************

=== EXIT 0: 2025-12-17T03:56:02Z ===
=== RUN START: 2025-12-17T03:57:01Z user=amhengly pwd=/home/amhengly ===
[WARNING]: Could not match supplied host pattern, ignoring: application

PLAY [Backup database] *********************************************************
skipping: no hosts matched

PLAY RECAP *********************************************************************

=== EXIT 0: 2025-12-17T03:57:03Z ===
=== RUN START: 2025-12-17T03:58:01Z user=amhengly pwd=/home/amhengly ===
[WARNING]: Could not match supplied host pattern, ignoring: application

PLAY [Backup database] *********************************************************
skipping: no hosts matched

PLAY RECAP *********************************************************************

=== EXIT 0: 2025-12-17T03:58:03Z ===
=== RUN START: 2025-12-17T03:59:01Z user=amhengly pwd=/home/amhengly ===
[WARNING]: Could not match supplied host pattern, ignoring: application

PLAY [Backup database] *********************************************************
skipping: no hosts matched

PLAY RECAP *********************************************************************

=== EXIT 0: 2025-12-17T03:59:03Z ===
=== RUN START: 2025-12-17T04:00:01Z user=amhengly pwd=/home/amhengly ===
[WARNING]: Could not match supplied host pattern, ignoring: application

PLAY [Backup database] *********************************************************
skipping: no hosts matched

PLAY RECAP *********************************************************************

=== EXIT 0: 2025-12-17T04:00:03Z ===
=== RUN START: 2025-12-17T04:01:01Z user=amhengly pwd=/home/amhengly ===
[WARNING]: Could not match supplied host pattern, ignoring: application

PLAY [Backup database] *********************************************************
skipping: no hosts matched

PLAY RECAP *********************************************************************

=== EXIT 0: 2025-12-17T04:01:02Z ===
=== RUN START: 2025-12-17T04:02:01Z user=amhengly pwd=/home/amhengly ===
[WARNING]: Could not match supplied host pattern, ignoring: application

PLAY [Backup database] *********************************************************
skipping: no hosts matched

PLAY RECAP *********************************************************************

=== EXIT 0: 2025-12-17T04:02:03Z ===
=== RUN START: 2025-12-17T04:03:01Z user=amhengly pwd=/home/amhengly ===
[WARNING]: Could not match supplied host pattern, ignoring: application

PLAY [Backup database] *********************************************************
skipping: no hosts matched

PLAY RECAP *********************************************************************

=== EXIT 0: 2025-12-17T04:03:03Z ===
=== RUN START: 2025-12-17T04:04:01Z user=amhengly pwd=/home/amhengly ===
[WARNING]: Could not match supplied host pattern, ignoring: application

PLAY [Backup database] *********************************************************
skipping: no hosts matched

PLAY RECAP *********************************************************************

=== EXIT 0: 2025-12-17T04:04:03Z ===
=== RUN START: 2025-12-17T04:05:01Z user=amhengly pwd=/home/amhengly ===
[WARNING]: Could not match supplied host pattern, ignoring: application

PLAY [Backup database] *********************************************************
skipping: no hosts matched

PLAY RECAP *********************************************************************

=== EXIT 0: 2025-12-17T04:05:02Z ===
=== RUN START: 2025-12-17T04:06:01Z user=amhengly pwd=/home/amhengly ===
[WARNING]: Could not match supplied host pattern, ignoring: application

PLAY [Backup database] *********************************************************
skipping: no hosts matched

PLAY RECAP *********************************************************************

=== EXIT 0: 2025-12-17T04:06:02Z ===
=== RUN START: 2025-12-17T04:07:01Z user=amhengly pwd=/home/amhengly ===
[WARNING]: Could not match supplied host pattern, ignoring: application

PLAY [Backup database] *********************************************************
skipping: no hosts matched

PLAY RECAP *********************************************************************

=== EXIT 0: 2025-12-17T04:07:03Z ===
=== RUN START: 2025-12-17T04:08:01Z user=amhengly pwd=/home/amhengly ===
[WARNING]: Could not match supplied host pattern, ignoring: application

PLAY [Backup database] *********************************************************
skipping: no hosts matched

PLAY RECAP *********************************************************************

=== EXIT 0: 2025-12-17T04:08:03Z ===
=== RUN START: 2025-12-17T04:09:01Z user=amhengly pwd=/home/amhengly ===
[WARNING]: Could not match supplied host pattern, ignoring: application

PLAY [Backup database] *********************************************************
skipping: no hosts matched

PLAY RECAP *********************************************************************

=== EXIT 0: 2025-12-17T04:09:03Z ===
=== RUN START: 2025-12-17T04:10:01Z user=amhengly pwd=/home/amhengly ===
[WARNING]: Could not match supplied host pattern, ignoring: application

PLAY [Backup database] *********************************************************
skipping: no hosts matched

PLAY RECAP *********************************************************************

=== EXIT 0: 2025-12-17T04:10:03Z ===
=== RUN START: 2025-12-17T04:11:01Z user=amhengly pwd=/home/amhengly ===
[WARNING]: Could not match supplied host pattern, ignoring: application

PLAY [Backup database] *********************************************************
skipping: no hosts matched

PLAY RECAP *********************************************************************

=== EXIT 0: 2025-12-17T04:11:02Z ===
=== RUN START: 2025-12-17T04:12:01Z user=amhengly pwd=/home/amhengly ===
[WARNING]: Could not match supplied host pattern, ignoring: application

PLAY [Backup database] *********************************************************
skipping: no hosts matched

PLAY RECAP *********************************************************************

=== EXIT 0: 2025-12-17T04:12:03Z ===
=== RUN START: 2025-12-17T04:13:01Z user=amhengly pwd=/home/amhengly ===
[WARNING]: Could not match supplied host pattern, ignoring: application

PLAY [Backup database] *********************************************************
skipping: no hosts matched

PLAY RECAP *********************************************************************

=== EXIT 0: 2025-12-17T04:13:03Z ===
=== RUN START: 2025-12-17T04:14:01Z user=amhengly pwd=/home/amhengly ===
[WARNING]: Could not match supplied host pattern, ignoring: application

PLAY [Backup database] *********************************************************
skipping: no hosts matched

PLAY RECAP *********************************************************************

=== EXIT 0: 2025-12-17T04:14:02Z ===
=== RUN START: 2025-12-17T04:15:01Z user=amhengly pwd=/home/amhengly ===
[WARNING]: Could not match supplied host pattern, ignoring: application

PLAY [Backup database] *********************************************************
skipping: no hosts matched

PLAY RECAP *********************************************************************

=== EXIT 0: 2025-12-17T04:15:03Z ===
=== RUN START: 2025-12-17T04:16:01Z user=amhengly pwd=/home/amhengly ===
[WARNING]: Could not match supplied host pattern, ignoring: application

PLAY [Backup database] *********************************************************
skipping: no hosts matched

PLAY RECAP *********************************************************************

=== EXIT 0: 2025-12-17T04:16:03Z ===
=== RUN START: 2025-12-17T04:17:01Z user=amhengly pwd=/home/amhengly ===
[WARNING]: Could not match supplied host pattern, ignoring: application

PLAY [Backup database] *********************************************************
skipping: no hosts matched

PLAY RECAP *********************************************************************

=== EXIT 0: 2025-12-17T04:17:02Z ===
=== RUN START: 2025-12-17T04:18:01Z user=amhengly pwd=/home/amhengly ===
[WARNING]: Could not match supplied host pattern, ignoring: application

PLAY [Backup database] *********************************************************
skipping: no hosts matched

PLAY RECAP *********************************************************************

=== EXIT 0: 2025-12-17T04:18:03Z ===
=== RUN START: 2025-12-17T04:19:01Z user=amhengly pwd=/home/amhengly ===
[WARNING]: Could not match supplied host pattern, ignoring: application

PLAY [Backup database] *********************************************************
skipping: no hosts matched

PLAY RECAP *********************************************************************

=== EXIT 0: 2025-12-17T04:19:03Z ===
=== RUN START: 2025-12-17T04:20:01Z user=amhengly pwd=/home/amhengly ===
[WARNING]: Could not match supplied host pattern, ignoring: application

PLAY [Backup database] *********************************************************
skipping: no hosts matched

PLAY RECAP *********************************************************************

=== EXIT 0: 2025-12-17T04:20:03Z ===
=== RUN START: 2025-12-17T04:21:01Z user=amhengly pwd=/home/amhengly ===
[WARNING]: Could not match supplied host pattern, ignoring: application

PLAY [Backup database] *********************************************************
skipping: no hosts matched

PLAY RECAP *********************************************************************

=== EXIT 0: 2025-12-17T04:21:03Z ===
=== RUN START: 2025-12-17T04:22:01Z user=amhengly pwd=/home/amhengly ===
[WARNING]: Could not match supplied host pattern, ignoring: application

PLAY [Backup database] *********************************************************
skipping: no hosts matched

PLAY RECAP *********************************************************************

=== EXIT 0: 2025-12-17T04:22:03Z ===
=== RUN START: 2025-12-17T04:23:01Z user=amhengly pwd=/home/amhengly ===
[WARNING]: Could not match supplied host pattern, ignoring: application

PLAY [Backup database] *********************************************************
skipping: no hosts matched

PLAY RECAP *********************************************************************

=== EXIT 0: 2025-12-17T04:23:02Z ===
=== RUN START: 2025-12-17T04:24:02Z user=amhengly pwd=/home/amhengly ===
[WARNING]: Could not match supplied host pattern, ignoring: application

PLAY [Backup database] *********************************************************
skipping: no hosts matched

PLAY RECAP *********************************************************************

=== EXIT 0: 2025-12-17T04:24:03Z ===
=== RUN START: 2025-12-17T04:25:01Z user=amhengly pwd=/home/amhengly ===
[WARNING]: Could not match supplied host pattern, ignoring: application

PLAY [Backup database] *********************************************************
skipping: no hosts matched

PLAY RECAP *********************************************************************

=== EXIT 0: 2025-12-17T04:25:03Z ===
=== RUN START: 2025-12-17T04:26:01Z user=amhengly pwd=/home/amhengly ===
[WARNING]: Could not match supplied host pattern, ignoring: application

PLAY [Backup database] *********************************************************
skipping: no hosts matched

PLAY RECAP *********************************************************************

=== EXIT 0: 2025-12-17T04:26:03Z ===
=== RUN START: 2025-12-17T04:27:01Z user=amhengly pwd=/home/amhengly ===
[WARNING]: Could not match supplied host pattern, ignoring: application

PLAY [Backup database] *********************************************************
skipping: no hosts matched

PLAY RECAP *********************************************************************

=== EXIT 0: 2025-12-17T04:27:03Z ===
=== RUN START: 2025-12-17T04:28:01Z user=amhengly pwd=/home/amhengly ===
[WARNING]: Could not match supplied host pattern, ignoring: application

PLAY [Backup database] *********************************************************
skipping: no hosts matched

PLAY RECAP *********************************************************************

=== EXIT 0: 2025-12-17T04:28:03Z ===
=== RUN START: 2025-12-17T04:29:01Z user=amhengly pwd=/home/amhengly ===
[WARNING]: Could not match supplied host pattern, ignoring: application

PLAY [Backup database] *********************************************************
skipping: no hosts matched

PLAY RECAP *********************************************************************

=== EXIT 0: 2025-12-17T04:29:02Z ===
=== RUN START: 2025-12-17T04:30:01Z user=amhengly pwd=/home/amhengly ===
[WARNING]: Could not match supplied host pattern, ignoring: application

PLAY [Backup database] *********************************************************
skipping: no hosts matched

PLAY RECAP *********************************************************************

=== EXIT 0: 2025-12-17T04:30:03Z ===
=== RUN START: 2025-12-17T04:31:01Z user=amhengly pwd=/home/amhengly ===
[WARNING]: Could not match supplied host pattern, ignoring: application

PLAY [Backup database] *********************************************************
skipping: no hosts matched

PLAY RECAP *********************************************************************

=== EXIT 0: 2025-12-17T04:31:03Z ===
=== RUN START: 2025-12-17T04:32:01Z user=amhengly pwd=/home/amhengly ===
[WARNING]: Could not match supplied host pattern, ignoring: application

PLAY [Backup database] *********************************************************
skipping: no hosts matched

PLAY RECAP *********************************************************************

=== EXIT 0: 2025-12-17T04:32:03Z ===
=== RUN START: 2025-12-17T04:33:01Z user=amhengly pwd=/home/amhengly ===
[WARNING]: Could not match supplied host pattern, ignoring: application

PLAY [Backup database] *********************************************************
skipping: no hosts matched

PLAY RECAP *********************************************************************

=== EXIT 0: 2025-12-17T04:33:03Z ===
=== RUN START: 2025-12-17T04:34:01Z user=amhengly pwd=/home/amhengly ===
[WARNING]: Could not match supplied host pattern, ignoring: application

PLAY [Backup database] *********************************************************
skipping: no hosts matched

PLAY RECAP *********************************************************************

=== EXIT 0: 2025-12-17T04:34:03Z ===
=== RUN START: 2025-12-17T04:35:01Z user=amhengly pwd=/home/amhengly ===
[WARNING]: Could not match supplied host pattern, ignoring: application

PLAY [Backup database] *********************************************************
skipping: no hosts matched

PLAY RECAP *********************************************************************

=== EXIT 0: 2025-12-17T04:35:02Z ===
=== RUN START: 2025-12-17T04:36:01Z user=amhengly pwd=/home/amhengly ===
[WARNING]: Could not match supplied host pattern, ignoring: application

PLAY [Backup database] *********************************************************
skipping: no hosts matched

PLAY RECAP *********************************************************************

=== EXIT 0: 2025-12-17T04:36:03Z ===
=== RUN START: 2025-12-17T04:37:01Z user=amhengly pwd=/home/amhengly ===
[WARNING]: Could not match supplied host pattern, ignoring: application

PLAY [Backup database] *********************************************************
skipping: no hosts matched

PLAY RECAP *********************************************************************

=== EXIT 0: 2025-12-17T04:37:03Z ===
=== RUN START: 2025-12-17T04:38:01Z user=amhengly pwd=/home/amhengly ===
[WARNING]: Could not match supplied host pattern, ignoring: application

PLAY [Backup database] *********************************************************
skipping: no hosts matched

PLAY RECAP *********************************************************************

=== EXIT 0: 2025-12-17T04:38:03Z ===
=== RUN START: 2025-12-17T04:39:01Z user=amhengly pwd=/home/amhengly ===
[WARNING]: Could not match supplied host pattern, ignoring: application

PLAY [Backup database] *********************************************************
skipping: no hosts matched

PLAY RECAP *********************************************************************

=== EXIT 0: 2025-12-17T04:39:02Z ===
=== RUN START: 2025-12-17T04:40:01Z user=amhengly pwd=/home/amhengly ===
[WARNING]: Could not match supplied host pattern, ignoring: application

PLAY [Backup database] *********************************************************
skipping: no hosts matched

PLAY RECAP *********************************************************************

=== EXIT 0: 2025-12-17T04:40:03Z ===
=== RUN START: 2025-12-17T04:41:01Z user=amhengly pwd=/home/amhengly ===
[WARNING]: Could not match supplied host pattern, ignoring: application

PLAY [Backup database] *********************************************************
skipping: no hosts matched

PLAY RECAP *********************************************************************

=== EXIT 0: 2025-12-17T04:41:03Z ===
=== RUN START: 2025-12-17T04:42:01Z user=amhengly pwd=/home/amhengly ===
[WARNING]: Could not match supplied host pattern, ignoring: application

PLAY [Backup database] *********************************************************
skipping: no hosts matched

PLAY RECAP *********************************************************************

=== EXIT 0: 2025-12-17T04:42:02Z ===
=== RUN START: 2025-12-17T04:43:01Z user=amhengly pwd=/home/amhengly ===
[WARNING]: Could not match supplied host pattern, ignoring: application

PLAY [Backup database] *********************************************************
skipping: no hosts matched

PLAY RECAP *********************************************************************

=== EXIT 0: 2025-12-17T04:43:03Z ===
=== RUN START: 2025-12-17T04:44:01Z user=amhengly pwd=/home/amhengly ===
[WARNING]: Could not match supplied host pattern, ignoring: application

PLAY [Backup database] *********************************************************
skipping: no hosts matched

PLAY RECAP *********************************************************************

=== EXIT 0: 2025-12-17T04:44:03Z ===
=== RUN START: 2025-12-17T04:45:01Z user=amhengly pwd=/home/amhengly ===
[WARNING]: Could not match supplied host pattern, ignoring: application

PLAY [Backup database] *********************************************************
skipping: no hosts matched

PLAY RECAP *********************************************************************

=== EXIT 0: 2025-12-17T04:45:03Z ===
=== RUN START: 2025-12-17T04:46:01Z user=amhengly pwd=/home/amhengly ===
[WARNING]: Could not match supplied host pattern, ignoring: application

PLAY [Backup database] *********************************************************
skipping: no hosts matched

PLAY RECAP *********************************************************************

=== EXIT 0: 2025-12-17T04:46:03Z ===
=== RUN START: 2025-12-17T04:47:01Z user=amhengly pwd=/home/amhengly ===
[WARNING]: Could not match supplied host pattern, ignoring: application

PLAY [Backup database] *********************************************************
skipping: no hosts matched

PLAY RECAP *********************************************************************

=== EXIT 0: 2025-12-17T04:47:02Z ===
=== RUN START: 2025-12-17T04:48:02Z user=amhengly pwd=/home/amhengly ===
[WARNING]: Could not match supplied host pattern, ignoring: application

PLAY [Backup database] *********************************************************
skipping: no hosts matched

PLAY RECAP *********************************************************************

=== EXIT 0: 2025-12-17T04:48:03Z ===
=== RUN START: 2025-12-17T04:49:01Z user=amhengly pwd=/home/amhengly ===
[WARNING]: Could not match supplied host pattern, ignoring: application

PLAY [Backup database] *********************************************************
skipping: no hosts matched

PLAY RECAP *********************************************************************

=== EXIT 0: 2025-12-17T04:49:03Z ===
=== RUN START: 2025-12-17T04:50:01Z user=amhengly pwd=/home/amhengly ===
[WARNING]: Could not match supplied host pattern, ignoring: application

PLAY [Backup database] *********************************************************
skipping: no hosts matched

PLAY RECAP *********************************************************************

=== EXIT 0: 2025-12-17T04:50:03Z ===
=== RUN START: 2025-12-17T04:51:01Z user=amhengly pwd=/home/amhengly ===
[WARNING]: Could not match supplied host pattern, ignoring: application

PLAY [Backup database] *********************************************************
skipping: no hosts matched

PLAY RECAP *********************************************************************

=== EXIT 0: 2025-12-17T04:51:03Z ===
=== RUN START: 2025-12-17T04:52:01Z user=amhengly pwd=/home/amhengly ===
[WARNING]: Could not match supplied host pattern, ignoring: application

PLAY [Backup database] *********************************************************
skipping: no hosts matched

PLAY RECAP *********************************************************************

=== EXIT 0: 2025-12-17T04:52:02Z ===
=== RUN START: 2025-12-17T04:53:01Z user=amhengly pwd=/home/amhengly ===
[WARNING]: Could not match supplied host pattern, ignoring: application

PLAY [Backup database] *********************************************************
skipping: no hosts matched

PLAY RECAP *********************************************************************

=== EXIT 0: 2025-12-17T04:53:03Z ===
=== RUN START: 2025-12-17T04:54:01Z user=amhengly pwd=/home/amhengly ===
[WARNING]: Could not match supplied host pattern, ignoring: application

PLAY [Backup database] *********************************************************
skipping: no hosts matched

PLAY RECAP *********************************************************************

=== EXIT 0: 2025-12-17T04:54:03Z ===
=== RUN START: 2025-12-17T04:55:01Z user=amhengly pwd=/home/amhengly ===
[WARNING]: Could not match supplied host pattern, ignoring: application

PLAY [Backup database] *********************************************************
skipping: no hosts matched

PLAY RECAP *********************************************************************

=== EXIT 0: 2025-12-17T04:55:03Z ===
=== RUN START: 2025-12-17T04:56:01Z user=amhengly pwd=/home/amhengly ===
[WARNING]: Could not match supplied host pattern, ignoring: application

PLAY [Backup database] *********************************************************
skipping: no hosts matched

PLAY RECAP *********************************************************************

=== EXIT 0: 2025-12-17T04:56:02Z ===
=== RUN START: 2025-12-17T04:57:01Z user=amhengly pwd=/home/amhengly ===
[WARNING]: Could not match supplied host pattern, ignoring: application

PLAY [Backup database] *********************************************************
skipping: no hosts matched

PLAY RECAP *********************************************************************

=== EXIT 0: 2025-12-17T04:57:03Z ===
=== RUN START: 2025-12-17T04:58:01Z user=amhengly pwd=/home/amhengly ===
[WARNING]: Could not match supplied host pattern, ignoring: application

PLAY [Backup database] *********************************************************
skipping: no hosts matched

PLAY RECAP *********************************************************************

=== EXIT 0: 2025-12-17T04:58:03Z ===
=== RUN START: 2025-12-17T04:59:01Z user=amhengly pwd=/home/amhengly ===
[WARNING]: Could not match supplied host pattern, ignoring: application

PLAY [Backup database] *********************************************************
skipping: no hosts matched

PLAY RECAP *********************************************************************

=== EXIT 0: 2025-12-17T04:59:03Z ===
=== RUN START: 2025-12-17T05:00:01Z user=amhengly pwd=/home/amhengly ===
[WARNING]: Could not match supplied host pattern, ignoring: application

PLAY [Backup database] *********************************************************
skipping: no hosts matched

PLAY RECAP *********************************************************************

=== EXIT 0: 2025-12-17T05:00:02Z ===
=== RUN START: 2025-12-17T05:01:01Z user=amhengly pwd=/home/amhengly ===
[WARNING]: Could not match supplied host pattern, ignoring: application

PLAY [Backup database] *********************************************************
skipping: no hosts matched

PLAY RECAP *********************************************************************

=== EXIT 0: 2025-12-17T05:01:03Z ===
=== RUN START: 2025-12-17T05:02:01Z user=amhengly pwd=/home/amhengly ===
[WARNING]: Could not match supplied host pattern, ignoring: application

PLAY [Backup database] *********************************************************
skipping: no hosts matched

PLAY RECAP *********************************************************************

=== EXIT 0: 2025-12-17T05:02:03Z ===
=== RUN START: 2025-12-17T05:03:01Z user=amhengly pwd=/home/amhengly ===
[WARNING]: Could not match supplied host pattern, ignoring: application

PLAY [Backup database] *********************************************************
skipping: no hosts matched

PLAY RECAP *********************************************************************

=== EXIT 0: 2025-12-17T05:03:03Z ===
=== RUN START: 2025-12-17T05:04:01Z user=amhengly pwd=/home/amhengly ===
[WARNING]: Could not match supplied host pattern, ignoring: application

PLAY [Backup database] *********************************************************
skipping: no hosts matched

PLAY RECAP *********************************************************************

=== EXIT 0: 2025-12-17T05:04:03Z ===
=== RUN START: 2025-12-17T05:05:01Z user=amhengly pwd=/home/amhengly ===
[WARNING]: Could not match supplied host pattern, ignoring: application

PLAY [Backup database] *********************************************************
skipping: no hosts matched

PLAY RECAP *********************************************************************

=== EXIT 0: 2025-12-17T05:05:02Z ===
=== RUN START: 2025-12-17T05:06:01Z user=amhengly pwd=/home/amhengly ===
[WARNING]: Could not match supplied host pattern, ignoring: application

PLAY [Backup database] *********************************************************
skipping: no hosts matched

PLAY RECAP *********************************************************************

=== EXIT 0: 2025-12-17T05:06:03Z ===
=== RUN START: 2025-12-17T05:07:01Z user=amhengly pwd=/home/amhengly ===
[WARNING]: Could not match supplied host pattern, ignoring: application

PLAY [Backup database] *********************************************************
skipping: no hosts matched

PLAY RECAP *********************************************************************

=== EXIT 0: 2025-12-17T05:07:03Z ===
=== RUN START: 2025-12-17T05:08:01Z user=amhengly pwd=/home/amhengly ===
[WARNING]: Could not match supplied host pattern, ignoring: application

PLAY [Backup database] *********************************************************
skipping: no hosts matched

PLAY RECAP *********************************************************************

=== EXIT 0: 2025-12-17T05:08:02Z ===
=== RUN START: 2025-12-17T05:09:01Z user=amhengly pwd=/home/amhengly ===
[WARNING]: Could not match supplied host pattern, ignoring: application

PLAY [Backup database] *********************************************************
skipping: no hosts matched

PLAY RECAP *********************************************************************

=== EXIT 0: 2025-12-17T05:09:03Z ===
=== RUN START: 2025-12-17T05:10:01Z user=amhengly pwd=/home/amhengly ===
[WARNING]: Could not match supplied host pattern, ignoring: application

PLAY [Backup database] *********************************************************
skipping: no hosts matched

PLAY RECAP *********************************************************************

=== EXIT 0: 2025-12-17T05:10:03Z ===
=== RUN START: 2025-12-17T05:11:01Z user=amhengly pwd=/home/amhengly ===
[WARNING]: Could not match supplied host pattern, ignoring: application

PLAY [Backup database] *********************************************************
skipping: no hosts matched

PLAY RECAP *********************************************************************

=== EXIT 0: 2025-12-17T05:11:02Z ===
=== RUN START: 2025-12-17T05:12:01Z user=amhengly pwd=/home/amhengly ===
[WARNING]: Could not match supplied host pattern, ignoring: application

PLAY [Backup database] *********************************************************
skipping: no hosts matched

PLAY RECAP *********************************************************************

=== EXIT 0: 2025-12-17T05:12:03Z ===
=== RUN START: 2025-12-17T05:13:01Z user=amhengly pwd=/home/amhengly ===
[WARNING]: Could not match supplied host pattern, ignoring: application

PLAY [Backup database] *********************************************************
skipping: no hosts matched

PLAY RECAP *********************************************************************

=== EXIT 0: 2025-12-17T05:13:03Z ===
=== RUN START: 2025-12-17T05:14:01Z user=amhengly pwd=/home/amhengly ===
[WARNING]: Could not match supplied host pattern, ignoring: application

PLAY [Backup database] *********************************************************
skipping: no hosts matched

PLAY RECAP *********************************************************************

=== EXIT 0: 2025-12-17T05:14:03Z ===
=== RUN START: 2025-12-17T05:15:01Z user=amhengly pwd=/home/amhengly ===
[WARNING]: Could not match supplied host pattern, ignoring: application

PLAY [Backup database] *********************************************************
skipping: no hosts matched

PLAY RECAP *********************************************************************

=== EXIT 0: 2025-12-17T05:15:02Z ===
=== RUN START: 2025-12-17T05:16:01Z user=amhengly pwd=/home/amhengly ===
[WARNING]: Could not match supplied host pattern, ignoring: application

PLAY [Backup database] *********************************************************
skipping: no hosts matched

PLAY RECAP *********************************************************************

=== EXIT 0: 2025-12-17T05:16:03Z ===
=== RUN START: 2025-12-17T05:17:01Z user=amhengly pwd=/home/amhengly ===
[WARNING]: Could not match supplied host pattern, ignoring: application

PLAY [Backup database] *********************************************************
skipping: no hosts matched

PLAY RECAP *********************************************************************

=== EXIT 0: 2025-12-17T05:17:03Z ===
=== RUN START: 2025-12-17T05:18:01Z user=amhengly pwd=/home/amhengly ===
[WARNING]: Could not match supplied host pattern, ignoring: application

PLAY [Backup database] *********************************************************
skipping: no hosts matched

PLAY RECAP *********************************************************************

=== EXIT 0: 2025-12-17T05:18:03Z ===
=== RUN START: 2025-12-17T05:19:01Z user=amhengly pwd=/home/amhengly ===
[WARNING]: Could not match supplied host pattern, ignoring: application

PLAY [Backup database] *********************************************************
skipping: no hosts matched

PLAY RECAP *********************************************************************

=== EXIT 0: 2025-12-17T05:19:03Z ===
=== RUN START: 2025-12-17T05:20:01Z user=amhengly pwd=/home/amhengly ===
[WARNING]: Could not match supplied host pattern, ignoring: application

PLAY [Backup database] *********************************************************
skipping: no hosts matched

PLAY RECAP *********************************************************************

=== EXIT 0: 2025-12-17T05:20:02Z ===
=== RUN START: 2025-12-17T05:21:01Z user=amhengly pwd=/home/amhengly ===
[WARNING]: Could not match supplied host pattern, ignoring: application

PLAY [Backup database] *********************************************************
skipping: no hosts matched

PLAY RECAP *********************************************************************

=== EXIT 0: 2025-12-17T05:21:03Z ===
=== RUN START: 2025-12-17T05:22:01Z user=amhengly pwd=/home/amhengly ===
[WARNING]: Could not match supplied host pattern, ignoring: application

PLAY [Backup database] *********************************************************
skipping: no hosts matched

PLAY RECAP *********************************************************************

=== EXIT 0: 2025-12-17T05:22:03Z ===
=== RUN START: 2025-12-17T05:23:01Z user=amhengly pwd=/home/amhengly ===
[WARNING]: Could not match supplied host pattern, ignoring: application

PLAY [Backup database] *********************************************************
skipping: no hosts matched

PLAY RECAP *********************************************************************

=== EXIT 0: 2025-12-17T05:23:03Z ===
=== RUN START: 2025-12-17T05:24:01Z user=amhengly pwd=/home/amhengly ===
[WARNING]: Could not match supplied host pattern, ignoring: application

PLAY [Backup database] *********************************************************
skipping: no hosts matched

PLAY RECAP *********************************************************************

=== EXIT 0: 2025-12-17T05:24:03Z ===
=== RUN START: 2025-12-17T05:25:01Z user=amhengly pwd=/home/amhengly ===
[WARNING]: Could not match supplied host pattern, ignoring: application

PLAY [Backup database] *********************************************************
skipping: no hosts matched

PLAY RECAP *********************************************************************

=== EXIT 0: 2025-12-17T05:25:02Z ===
=== RUN START: 2025-12-17T05:26:01Z user=amhengly pwd=/home/amhengly ===
[WARNING]: Could not match supplied host pattern, ignoring: application

PLAY [Backup database] *********************************************************
skipping: no hosts matched

PLAY RECAP *********************************************************************

=== EXIT 0: 2025-12-17T05:26:03Z ===
=== RUN START: 2025-12-17T05:27:01Z user=amhengly pwd=/home/amhengly ===
[WARNING]: Could not match supplied host pattern, ignoring: application

PLAY [Backup database] *********************************************************
skipping: no hosts matched

PLAY RECAP *********************************************************************

=== EXIT 0: 2025-12-17T05:27:03Z ===
=== RUN START: 2025-12-17T05:28:01Z user=amhengly pwd=/home/amhengly ===
[WARNING]: Could not match supplied host pattern, ignoring: application

PLAY [Backup database] *********************************************************
skipping: no hosts matched

PLAY RECAP *********************************************************************

=== EXIT 0: 2025-12-17T05:28:03Z ===
=== RUN START: 2025-12-17T05:29:01Z user=amhengly pwd=/home/amhengly ===
[WARNING]: Could not match supplied host pattern, ignoring: application

PLAY [Backup database] *********************************************************
skipping: no hosts matched

PLAY RECAP *********************************************************************

=== EXIT 0: 2025-12-17T05:29:03Z ===
=== RUN START: 2025-12-17T05:30:01Z user=amhengly pwd=/home/amhengly ===
[WARNING]: Could not match supplied host pattern, ignoring: application

PLAY [Backup database] *********************************************************
skipping: no hosts matched

PLAY RECAP *********************************************************************

=== EXIT 0: 2025-12-17T05:30:02Z ===
=== RUN START: 2025-12-17T05:31:01Z user=amhengly pwd=/home/amhengly ===
[WARNING]: Could not match supplied host pattern, ignoring: application

PLAY [Backup database] *********************************************************
skipping: no hosts matched

PLAY RECAP *********************************************************************

=== EXIT 0: 2025-12-17T05:31:03Z ===
=== RUN START: 2025-12-17T05:32:01Z user=amhengly pwd=/home/amhengly ===
[WARNING]: Could not match supplied host pattern, ignoring: application

PLAY [Backup database] *********************************************************
skipping: no hosts matched

PLAY RECAP *********************************************************************

=== EXIT 0: 2025-12-17T05:32:03Z ===
=== RUN START: 2025-12-17T05:33:01Z user=amhengly pwd=/home/amhengly ===
[WARNING]: Could not match supplied host pattern, ignoring: application

PLAY [Backup database] *********************************************************
skipping: no hosts matched

PLAY RECAP *********************************************************************

=== EXIT 0: 2025-12-17T05:33:02Z ===
=== RUN START: 2025-12-17T05:34:01Z user=amhengly pwd=/home/amhengly ===
[WARNING]: Could not match supplied host pattern, ignoring: application

PLAY [Backup database] *********************************************************
skipping: no hosts matched

PLAY RECAP *********************************************************************

=== EXIT 0: 2025-12-17T05:34:02Z ===
=== RUN START: 2025-12-17T05:35:01Z user=amhengly pwd=/home/amhengly ===
[WARNING]: Could not match supplied host pattern, ignoring: application

PLAY [Backup database] *********************************************************
skipping: no hosts matched

PLAY RECAP *********************************************************************

=== EXIT 0: 2025-12-17T05:35:03Z ===
=== RUN START: 2025-12-17T05:36:01Z user=amhengly pwd=/home/amhengly ===
[WARNING]: Could not match supplied host pattern, ignoring: application

PLAY [Backup database] *********************************************************
skipping: no hosts matched

PLAY RECAP *********************************************************************

=== EXIT 0: 2025-12-17T05:36:02Z ===
=== RUN START: 2025-12-17T05:37:01Z user=amhengly pwd=/home/amhengly ===
[WARNING]: Could not match supplied host pattern, ignoring: application

PLAY [Backup database] *********************************************************
skipping: no hosts matched

PLAY RECAP *********************************************************************

=== EXIT 0: 2025-12-17T05:37:03Z ===
=== RUN START: 2025-12-17T05:38:01Z user=amhengly pwd=/home/amhengly ===
[WARNING]: Could not match supplied host pattern, ignoring: application

PLAY [Backup database] *********************************************************
skipping: no hosts matched

PLAY RECAP *********************************************************************

=== EXIT 0: 2025-12-17T05:38:03Z ===
=== RUN START: 2025-12-17T05:39:01Z user=amhengly pwd=/home/amhengly ===
[WARNING]: Could not match supplied host pattern, ignoring: application

PLAY [Backup database] *********************************************************
skipping: no hosts matched

PLAY RECAP *********************************************************************

=== EXIT 0: 2025-12-17T05:39:03Z ===
=== RUN START: 2025-12-17T05:40:01Z user=amhengly pwd=/home/amhengly ===
[WARNING]: Could not match supplied host pattern, ignoring: application

PLAY [Backup database] *********************************************************
skipping: no hosts matched

PLAY RECAP *********************************************************************

=== EXIT 0: 2025-12-17T05:40:03Z ===
=== RUN START: 2025-12-17T05:41:01Z user=amhengly pwd=/home/amhengly ===
[WARNING]: Could not match supplied host pattern, ignoring: application

PLAY [Backup database] *********************************************************
skipping: no hosts matched

PLAY RECAP *********************************************************************

=== EXIT 0: 2025-12-17T05:41:02Z ===
=== RUN START: 2025-12-17T05:42:01Z user=amhengly pwd=/home/amhengly ===
[WARNING]: Could not match supplied host pattern, ignoring: application

PLAY [Backup database] *********************************************************
skipping: no hosts matched

PLAY RECAP *********************************************************************

=== EXIT 0: 2025-12-17T05:42:03Z ===
=== RUN START: 2025-12-17T05:43:01Z user=amhengly pwd=/home/amhengly ===
[WARNING]: Could not match supplied host pattern, ignoring: application

PLAY [Backup database] *********************************************************
skipping: no hosts matched

PLAY RECAP *********************************************************************

=== EXIT 0: 2025-12-17T05:43:03Z ===
=== RUN START: 2025-12-17T05:44:01Z user=amhengly pwd=/home/amhengly ===
[WARNING]: Could not match supplied host pattern, ignoring: application

PLAY [Backup database] *********************************************************
skipping: no hosts matched

PLAY RECAP *********************************************************************

=== EXIT 0: 2025-12-17T05:44:03Z ===
=== RUN START: 2025-12-17T05:45:01Z user=amhengly pwd=/home/amhengly ===
[WARNING]: Could not match supplied host pattern, ignoring: application

PLAY [Backup database] *********************************************************
skipping: no hosts matched

PLAY RECAP *********************************************************************

=== EXIT 0: 2025-12-17T05:45:03Z ===
=== RUN START: 2025-12-17T05:46:01Z user=amhengly pwd=/home/amhengly ===
[WARNING]: Could not match supplied host pattern, ignoring: application

PLAY [Backup database] *********************************************************
skipping: no hosts matched

PLAY RECAP *********************************************************************

=== EXIT 0: 2025-12-17T05:46:02Z ===
=== RUN START: 2025-12-17T05:47:01Z user=amhengly pwd=/home/amhengly ===
[WARNING]: Could not match supplied host pattern, ignoring: application

PLAY [Backup database] *********************************************************
skipping: no hosts matched

PLAY RECAP *********************************************************************

=== EXIT 0: 2025-12-17T05:47:03Z ===
=== RUN START: 2025-12-17T05:48:01Z user=amhengly pwd=/home/amhengly ===
[WARNING]: Could not match supplied host pattern, ignoring: application

PLAY [Backup database] *********************************************************
skipping: no hosts matched

PLAY RECAP *********************************************************************

=== EXIT 0: 2025-12-17T05:48:03Z ===
=== RUN START: 2025-12-17T05:49:01Z user=amhengly pwd=/home/amhengly ===
[WARNING]: Could not match supplied host pattern, ignoring: application

PLAY [Backup database] *********************************************************
skipping: no hosts matched

PLAY RECAP *********************************************************************

=== EXIT 0: 2025-12-17T05:49:03Z ===
=== RUN START: 2025-12-17T05:50:01Z user=amhengly pwd=/home/amhengly ===
[WARNING]: Could not match supplied host pattern, ignoring: application

PLAY [Backup database] *********************************************************
skipping: no hosts matched

PLAY RECAP *********************************************************************

=== EXIT 0: 2025-12-17T05:50:03Z ===
=== RUN START: 2025-12-17T05:51:01Z user=amhengly pwd=/home/amhengly ===
[WARNING]: Could not match supplied host pattern, ignoring: application

PLAY [Backup database] *********************************************************
skipping: no hosts matched

PLAY RECAP *********************************************************************

=== EXIT 0: 2025-12-17T05:51:03Z ===
=== RUN START: 2025-12-17T05:52:01Z user=amhengly pwd=/home/amhengly ===
[WARNING]: Could not match supplied host pattern, ignoring: application

PLAY [Backup database] *********************************************************
skipping: no hosts matched

PLAY RECAP *********************************************************************

=== EXIT 0: 2025-12-17T05:52:02Z ===
=== RUN START: 2025-12-17T05:53:02Z user=amhengly pwd=/home/amhengly ===
[WARNING]: Could not match supplied host pattern, ignoring: application

PLAY [Backup database] *********************************************************
skipping: no hosts matched

PLAY RECAP *********************************************************************

=== EXIT 0: 2025-12-17T05:53:03Z ===
=== RUN START: 2025-12-17T05:54:01Z user=amhengly pwd=/home/amhengly ===
[WARNING]: Could not match supplied host pattern, ignoring: application

PLAY [Backup database] *********************************************************
skipping: no hosts matched

PLAY RECAP *********************************************************************

=== EXIT 0: 2025-12-17T05:54:03Z ===
=== RUN START: 2025-12-17T05:55:01Z user=amhengly pwd=/home/amhengly ===
[WARNING]: Could not match supplied host pattern, ignoring: application

PLAY [Backup database] *********************************************************
skipping: no hosts matched

PLAY RECAP *********************************************************************

=== EXIT 0: 2025-12-17T05:55:03Z ===
=== RUN START: 2025-12-17T05:56:01Z user=amhengly pwd=/home/amhengly ===
[WARNING]: Could not match supplied host pattern, ignoring: application

PLAY [Backup database] *********************************************************
skipping: no hosts matched

PLAY RECAP *********************************************************************

=== EXIT 0: 2025-12-17T05:56:03Z ===
=== RUN START: 2025-12-17T05:57:01Z user=amhengly pwd=/home/amhengly ===
[WARNING]: Could not match supplied host pattern, ignoring: application

PLAY [Backup database] *********************************************************
skipping: no hosts matched

PLAY RECAP *********************************************************************

=== EXIT 0: 2025-12-17T05:57:02Z ===
=== RUN START: 2025-12-17T05:58:01Z user=amhengly pwd=/home/amhengly ===
[WARNING]: Could not match supplied host pattern, ignoring: application

PLAY [Backup database] *********************************************************
skipping: no hosts matched

PLAY RECAP *********************************************************************

=== EXIT 0: 2025-12-17T05:58:03Z ===
=== RUN START: 2025-12-17T05:59:01Z user=amhengly pwd=/home/amhengly ===
[WARNING]: Could not match supplied host pattern, ignoring: application

PLAY [Backup database] *********************************************************
skipping: no hosts matched

PLAY RECAP *********************************************************************

=== EXIT 0: 2025-12-17T05:59:03Z ===
=== RUN START: 2025-12-17T06:00:01Z user=amhengly pwd=/home/amhengly ===
[WARNING]: Could not match supplied host pattern, ignoring: application

PLAY [Backup database] *********************************************************
skipping: no hosts matched

PLAY RECAP *********************************************************************

=== EXIT 0: 2025-12-17T06:00:02Z ===
=== RUN START: 2025-12-17T06:01:01Z user=amhengly pwd=/home/amhengly ===
[WARNING]: Could not match supplied host pattern, ignoring: application

PLAY [Backup database] *********************************************************
skipping: no hosts matched

PLAY RECAP *********************************************************************

=== EXIT 0: 2025-12-17T06:01:03Z ===
=== RUN START: 2025-12-17T06:02:01Z user=amhengly pwd=/home/amhengly ===
[WARNING]: Could not match supplied host pattern, ignoring: application

PLAY [Backup database] *********************************************************
skipping: no hosts matched

PLAY RECAP *********************************************************************

=== EXIT 0: 2025-12-17T06:02:03Z ===
=== RUN START: 2025-12-17T06:03:01Z user=amhengly pwd=/home/amhengly ===
[WARNING]: Could not match supplied host pattern, ignoring: application

PLAY [Backup database] *********************************************************
skipping: no hosts matched

PLAY RECAP *********************************************************************

=== EXIT 0: 2025-12-17T06:03:02Z ===
=== RUN START: 2025-12-17T06:04:01Z user=amhengly pwd=/home/amhengly ===
[WARNING]: Could not match supplied host pattern, ignoring: application

PLAY [Backup database] *********************************************************
skipping: no hosts matched

PLAY RECAP *********************************************************************

=== EXIT 0: 2025-12-17T06:04:03Z ===
=== RUN START: 2025-12-17T06:05:01Z user=amhengly pwd=/home/amhengly ===
[WARNING]: Could not match supplied host pattern, ignoring: application

PLAY [Backup database] *********************************************************
skipping: no hosts matched

PLAY RECAP *********************************************************************

=== EXIT 0: 2025-12-17T06:05:03Z ===
=== RUN START: 2025-12-17T06:06:01Z user=amhengly pwd=/home/amhengly ===
[WARNING]: Could not match supplied host pattern, ignoring: application

PLAY [Backup database] *********************************************************
skipping: no hosts matched

PLAY RECAP *********************************************************************

=== EXIT 0: 2025-12-17T06:06:03Z ===
=== RUN START: 2025-12-17T06:07:01Z user=amhengly pwd=/home/amhengly ===
[WARNING]: Could not match supplied host pattern, ignoring: application

PLAY [Backup database] *********************************************************
skipping: no hosts matched

PLAY RECAP *********************************************************************

=== EXIT 0: 2025-12-17T06:07:03Z ===
=== RUN START: 2025-12-17T06:08:01Z user=amhengly pwd=/home/amhengly ===
[WARNING]: Could not match supplied host pattern, ignoring: application

PLAY [Backup database] *********************************************************
skipping: no hosts matched

PLAY RECAP *********************************************************************

=== EXIT 0: 2025-12-17T06:08:02Z ===
=== RUN START: 2025-12-17T06:09:01Z user=amhengly pwd=/home/amhengly ===
[WARNING]: Could not match supplied host pattern, ignoring: application

PLAY [Backup database] *********************************************************
skipping: no hosts matched

PLAY RECAP *********************************************************************

=== EXIT 0: 2025-12-17T06:09:03Z ===
=== RUN START: 2025-12-17T06:10:01Z user=amhengly pwd=/home/amhengly ===
[WARNING]: Could not match supplied host pattern, ignoring: application

PLAY [Backup database] *********************************************************
skipping: no hosts matched

PLAY RECAP *********************************************************************

=== EXIT 0: 2025-12-17T06:10:03Z ===
=== RUN START: 2025-12-17T06:11:01Z user=amhengly pwd=/home/amhengly ===
[WARNING]: Could not match supplied host pattern, ignoring: application

PLAY [Backup database] *********************************************************
skipping: no hosts matched

PLAY RECAP *********************************************************************

=== EXIT 0: 2025-12-17T06:11:03Z ===
=== RUN START: 2025-12-17T06:12:01Z user=amhengly pwd=/home/amhengly ===
[WARNING]: Could not match supplied host pattern, ignoring: application

PLAY [Backup database] *********************************************************
skipping: no hosts matched

PLAY RECAP *********************************************************************

=== EXIT 0: 2025-12-17T06:12:03Z ===
=== RUN START: 2025-12-17T06:13:01Z user=amhengly pwd=/home/amhengly ===
[WARNING]: Could not match supplied host pattern, ignoring: application

PLAY [Backup database] *********************************************************
skipping: no hosts matched

PLAY RECAP *********************************************************************

=== EXIT 0: 2025-12-17T06:13:03Z ===
=== RUN START: 2025-12-17T06:14:01Z user=amhengly pwd=/home/amhengly ===
[WARNING]: Could not match supplied host pattern, ignoring: application

PLAY [Backup database] *********************************************************
skipping: no hosts matched

PLAY RECAP *********************************************************************

=== EXIT 0: 2025-12-17T06:14:02Z ===
=== RUN START: 2025-12-17T06:15:01Z user=amhengly pwd=/home/amhengly ===
[WARNING]: Could not match supplied host pattern, ignoring: application

PLAY [Backup database] *********************************************************
skipping: no hosts matched

PLAY RECAP *********************************************************************

=== EXIT 0: 2025-12-17T06:15:03Z ===
=== RUN START: 2025-12-17T06:16:01Z user=amhengly pwd=/home/amhengly ===
[WARNING]: Could not match supplied host pattern, ignoring: application

PLAY [Backup database] *********************************************************
skipping: no hosts matched

PLAY RECAP *********************************************************************

=== EXIT 0: 2025-12-17T06:16:03Z ===
=== RUN START: 2025-12-17T06:17:01Z user=amhengly pwd=/home/amhengly ===
[WARNING]: Could not match supplied host pattern, ignoring: application

PLAY [Backup database] *********************************************************
skipping: no hosts matched

PLAY RECAP *********************************************************************

=== EXIT 0: 2025-12-17T06:17:03Z ===
=== RUN START: 2025-12-17T06:18:01Z user=amhengly pwd=/home/amhengly ===
[WARNING]: Could not match supplied host pattern, ignoring: application

PLAY [Backup database] *********************************************************
skipping: no hosts matched

PLAY RECAP *********************************************************************

=== EXIT 0: 2025-12-17T06:18:02Z ===
=== RUN START: 2025-12-17T06:19:01Z user=amhengly pwd=/home/amhengly ===
[WARNING]: Could not match supplied host pattern, ignoring: application

PLAY [Backup database] *********************************************************
skipping: no hosts matched

PLAY RECAP *********************************************************************

=== EXIT 0: 2025-12-17T06:19:03Z ===
=== RUN START: 2025-12-17T06:20:01Z user=amhengly pwd=/home/amhengly ===
[WARNING]: Could not match supplied host pattern, ignoring: application

PLAY [Backup database] *********************************************************
skipping: no hosts matched

PLAY RECAP *********************************************************************

=== EXIT 0: 2025-12-17T06:20:03Z ===
=== RUN START: 2025-12-17T06:21:01Z user=amhengly pwd=/home/amhengly ===
[WARNING]: Could not match supplied host pattern, ignoring: application

PLAY [Backup database] *********************************************************
skipping: no hosts matched

PLAY RECAP *********************************************************************

=== EXIT 0: 2025-12-17T06:21:03Z ===
=== RUN START: 2025-12-17T06:22:01Z user=amhengly pwd=/home/amhengly ===
[WARNING]: Could not match supplied host pattern, ignoring: application

PLAY [Backup database] *********************************************************
skipping: no hosts matched

PLAY RECAP *********************************************************************

=== EXIT 0: 2025-12-17T06:22:03Z ===
=== RUN START: 2025-12-17T06:23:01Z user=amhengly pwd=/home/amhengly ===
[WARNING]: Could not match supplied host pattern, ignoring: application

PLAY [Backup database] *********************************************************
skipping: no hosts matched

PLAY RECAP *********************************************************************

=== EXIT 0: 2025-12-17T06:23:02Z ===
=== RUN START: 2025-12-17T06:24:01Z user=amhengly pwd=/home/amhengly ===
[WARNING]: Could not match supplied host pattern, ignoring: application

PLAY [Backup database] *********************************************************
skipping: no hosts matched

PLAY RECAP *********************************************************************

=== EXIT 0: 2025-12-17T06:24:03Z ===
=== RUN START: 2025-12-17T06:25:01Z user=amhengly pwd=/home/amhengly ===
[WARNING]: Could not match supplied host pattern, ignoring: application

PLAY [Backup database] *********************************************************
skipping: no hosts matched

PLAY RECAP *********************************************************************

=== EXIT 0: 2025-12-17T06:25:03Z ===
=== RUN START: 2025-12-17T06:26:01Z user=amhengly pwd=/home/amhengly ===
[WARNING]: Could not match supplied host pattern, ignoring: application

PLAY [Backup database] *********************************************************
skipping: no hosts matched

PLAY RECAP *********************************************************************

=== EXIT 0: 2025-12-17T06:26:02Z ===
=== RUN START: 2025-12-17T06:27:01Z user=amhengly pwd=/home/amhengly ===
[WARNING]: Could not match supplied host pattern, ignoring: application

PLAY [Backup database] *********************************************************
skipping: no hosts matched

PLAY RECAP *********************************************************************

=== EXIT 0: 2025-12-17T06:27:03Z ===
=== RUN START: 2025-12-17T06:28:01Z user=amhengly pwd=/home/amhengly ===
[WARNING]: Could not match supplied host pattern, ignoring: application

PLAY [Backup database] *********************************************************
skipping: no hosts matched

PLAY RECAP *********************************************************************

=== EXIT 0: 2025-12-17T06:28:03Z ===
=== RUN START: 2025-12-17T06:29:01Z user=amhengly pwd=/home/amhengly ===
[WARNING]: Could not match supplied host pattern, ignoring: application

PLAY [Backup database] *********************************************************
skipping: no hosts matched

PLAY RECAP *********************************************************************

=== EXIT 0: 2025-12-17T06:29:03Z ===
=== RUN START: 2025-12-17T06:30:01Z user=amhengly pwd=/home/amhengly ===
[WARNING]: Could not match supplied host pattern, ignoring: application

PLAY [Backup database] *********************************************************
skipping: no hosts matched

PLAY RECAP *********************************************************************

=== EXIT 0: 2025-12-17T06:30:03Z ===
=== RUN START: 2025-12-17T06:31:01Z user=amhengly pwd=/home/amhengly ===
[WARNING]: Could not match supplied host pattern, ignoring: application

PLAY [Backup database] *********************************************************
skipping: no hosts matched

PLAY RECAP *********************************************************************

=== EXIT 0: 2025-12-17T06:31:03Z ===
=== RUN START: 2025-12-17T06:32:01Z user=amhengly pwd=/home/amhengly ===
[WARNING]: Could not match supplied host pattern, ignoring: application

PLAY [Backup database] *********************************************************
skipping: no hosts matched

PLAY RECAP *********************************************************************

=== EXIT 0: 2025-12-17T06:32:03Z ===
=== RUN START: 2025-12-17T06:33:01Z user=amhengly pwd=/home/amhengly ===
[WARNING]: Could not match supplied host pattern, ignoring: application

PLAY [Backup database] *********************************************************
skipping: no hosts matched

PLAY RECAP *********************************************************************

=== EXIT 0: 2025-12-17T06:33:03Z ===
=== RUN START: 2025-12-17T06:34:01Z user=amhengly pwd=/home/amhengly ===
[WARNING]: Could not match supplied host pattern, ignoring: application

PLAY [Backup database] *********************************************************
skipping: no hosts matched

PLAY RECAP *********************************************************************

=== EXIT 0: 2025-12-17T06:34:02Z ===
=== RUN START: 2025-12-17T06:35:01Z user=amhengly pwd=/home/amhengly ===
[WARNING]: Could not match supplied host pattern, ignoring: application

PLAY [Backup database] *********************************************************
skipping: no hosts matched

PLAY RECAP *********************************************************************

=== EXIT 0: 2025-12-17T06:35:03Z ===
=== RUN START: 2025-12-17T06:36:01Z user=amhengly pwd=/home/amhengly ===
[WARNING]: Could not match supplied host pattern, ignoring: application

PLAY [Backup database] *********************************************************
skipping: no hosts matched

PLAY RECAP *********************************************************************

=== EXIT 0: 2025-12-17T06:36:03Z ===
=== RUN START: 2025-12-17T06:37:01Z user=amhengly pwd=/home/amhengly ===
[WARNING]: Could not match supplied host pattern, ignoring: application

PLAY [Backup database] *********************************************************
skipping: no hosts matched

PLAY RECAP *********************************************************************

=== EXIT 0: 2025-12-17T06:37:03Z ===
=== RUN START: 2025-12-17T06:38:01Z user=amhengly pwd=/home/amhengly ===
[WARNING]: Could not match supplied host pattern, ignoring: application

PLAY [Backup database] *********************************************************
skipping: no hosts matched

PLAY RECAP *********************************************************************

=== EXIT 0: 2025-12-17T06:38:03Z ===
=== RUN START: 2025-12-17T06:39:01Z user=amhengly pwd=/home/amhengly ===
[WARNING]: Could not match supplied host pattern, ignoring: application

PLAY [Backup database] *********************************************************
skipping: no hosts matched

PLAY RECAP *********************************************************************

=== EXIT 0: 2025-12-17T06:39:02Z ===
=== RUN START: 2025-12-17T06:40:02Z user=amhengly pwd=/home/amhengly ===
[WARNING]: Could not match supplied host pattern, ignoring: application

PLAY [Backup database] *********************************************************
skipping: no hosts matched

PLAY RECAP *********************************************************************

=== EXIT 0: 2025-12-17T06:40:03Z ===
=== RUN START: 2025-12-17T06:41:01Z user=amhengly pwd=/home/amhengly ===
[WARNING]: Could not match supplied host pattern, ignoring: application

PLAY [Backup database] *********************************************************
skipping: no hosts matched

PLAY RECAP *********************************************************************

=== EXIT 0: 2025-12-17T06:41:03Z ===
=== RUN START: 2025-12-17T06:42:01Z user=amhengly pwd=/home/amhengly ===
[WARNING]: Could not match supplied host pattern, ignoring: application

PLAY [Backup database] *********************************************************
skipping: no hosts matched

PLAY RECAP *********************************************************************

=== EXIT 0: 2025-12-17T06:42:03Z ===
=== RUN START: 2025-12-17T06:43:01Z user=amhengly pwd=/home/amhengly ===
[WARNING]: Could not match supplied host pattern, ignoring: application

PLAY [Backup database] *********************************************************
skipping: no hosts matched

PLAY RECAP *********************************************************************

=== EXIT 0: 2025-12-17T06:43:03Z ===
=== RUN START: 2025-12-17T06:44:01Z user=amhengly pwd=/home/amhengly ===
[WARNING]: Could not match supplied host pattern, ignoring: application

PLAY [Backup database] *********************************************************
skipping: no hosts matched

PLAY RECAP *********************************************************************

=== EXIT 0: 2025-12-17T06:44:03Z ===
=== RUN START: 2025-12-17T06:45:01Z user=amhengly pwd=/home/amhengly ===
[WARNING]: Could not match supplied host pattern, ignoring: application

PLAY [Backup database] *********************************************************
skipping: no hosts matched

PLAY RECAP *********************************************************************

=== EXIT 0: 2025-12-17T06:45:03Z ===
=== RUN START: 2025-12-17T06:46:01Z user=amhengly pwd=/home/amhengly ===
[WARNING]: Could not match supplied host pattern, ignoring: application

PLAY [Backup database] *********************************************************
skipping: no hosts matched

PLAY RECAP *********************************************************************

=== EXIT 0: 2025-12-17T06:46:02Z ===
=== RUN START: 2025-12-17T06:47:01Z user=amhengly pwd=/home/amhengly ===
[WARNING]: Could not match supplied host pattern, ignoring: application

PLAY [Backup database] *********************************************************
skipping: no hosts matched

PLAY RECAP *********************************************************************

=== EXIT 0: 2025-12-17T06:47:03Z ===
=== RUN START: 2025-12-17T06:48:01Z user=amhengly pwd=/home/amhengly ===
[WARNING]: Could not match supplied host pattern, ignoring: application

PLAY [Backup database] *********************************************************
skipping: no hosts matched

PLAY RECAP *********************************************************************

=== EXIT 0: 2025-12-17T06:48:03Z ===
=== RUN START: 2025-12-17T06:49:01Z user=amhengly pwd=/home/amhengly ===
[WARNING]: Could not match supplied host pattern, ignoring: application

PLAY [Backup database] *********************************************************
skipping: no hosts matched

PLAY RECAP *********************************************************************

=== EXIT 0: 2025-12-17T06:49:03Z ===
=== RUN START: 2025-12-17T06:50:01Z user=amhengly pwd=/home/amhengly ===
[WARNING]: Could not match supplied host pattern, ignoring: application

PLAY [Backup database] *********************************************************
skipping: no hosts matched

PLAY RECAP *********************************************************************

=== EXIT 0: 2025-12-17T06:50:02Z ===
=== RUN START: 2025-12-17T06:51:01Z user=amhengly pwd=/home/amhengly ===
[WARNING]: Could not match supplied host pattern, ignoring: application

PLAY [Backup database] *********************************************************
skipping: no hosts matched

PLAY RECAP *********************************************************************

=== EXIT 0: 2025-12-17T06:51:03Z ===
=== RUN START: 2025-12-17T06:52:01Z user=amhengly pwd=/home/amhengly ===
[WARNING]: Could not match supplied host pattern, ignoring: application

PLAY [Backup database] *********************************************************
skipping: no hosts matched

PLAY RECAP *********************************************************************

=== EXIT 0: 2025-12-17T06:52:03Z ===
=== RUN START: 2025-12-17T06:53:01Z user=amhengly pwd=/home/amhengly ===
[WARNING]: Could not match supplied host pattern, ignoring: application

PLAY [Backup database] *********************************************************
skipping: no hosts matched

PLAY RECAP *********************************************************************

=== EXIT 0: 2025-12-17T06:53:03Z ===
=== RUN START: 2025-12-17T06:54:01Z user=amhengly pwd=/home/amhengly ===
[WARNING]: Could not match supplied host pattern, ignoring: application

PLAY [Backup database] *********************************************************
skipping: no hosts matched

PLAY RECAP *********************************************************************

=== EXIT 0: 2025-12-17T06:54:03Z ===
=== RUN START: 2025-12-17T06:55:01Z user=amhengly pwd=/home/amhengly ===
[WARNING]: Could not match supplied host pattern, ignoring: application

PLAY [Backup database] *********************************************************
skipping: no hosts matched

PLAY RECAP *********************************************************************

=== EXIT 0: 2025-12-17T06:55:02Z ===
=== RUN START: 2025-12-17T06:56:01Z user=amhengly pwd=/home/amhengly ===
[WARNING]: Could not match supplied host pattern, ignoring: application

PLAY [Backup database] *********************************************************
skipping: no hosts matched

PLAY RECAP *********************************************************************

=== EXIT 0: 2025-12-17T06:56:03Z ===
=== RUN START: 2025-12-17T06:57:01Z user=amhengly pwd=/home/amhengly ===
[WARNING]: Could not match supplied host pattern, ignoring: application

PLAY [Backup database] *********************************************************
skipping: no hosts matched

PLAY RECAP *********************************************************************

=== EXIT 0: 2025-12-17T06:57:03Z ===
=== RUN START: 2025-12-17T06:58:01Z user=amhengly pwd=/home/amhengly ===
[WARNING]: Could not match supplied host pattern, ignoring: application

PLAY [Backup database] *********************************************************
skipping: no hosts matched

PLAY RECAP *********************************************************************

=== EXIT 0: 2025-12-17T06:58:03Z ===
=== RUN START: 2025-12-17T06:59:01Z user=amhengly pwd=/home/amhengly ===
[WARNING]: Could not match supplied host pattern, ignoring: application

PLAY [Backup database] *********************************************************
skipping: no hosts matched

PLAY RECAP *********************************************************************

=== EXIT 0: 2025-12-17T06:59:03Z ===
=== RUN START: 2025-12-17T07:00:01Z user=amhengly pwd=/home/amhengly ===
[WARNING]: Could not match supplied host pattern, ignoring: application

PLAY [Backup database] *********************************************************
skipping: no hosts matched

PLAY RECAP *********************************************************************

=== EXIT 0: 2025-12-17T07:00:03Z ===
=== RUN START: 2025-12-17T07:01:01Z user=amhengly pwd=/home/amhengly ===
[WARNING]: Could not match supplied host pattern, ignoring: application

PLAY [Backup database] *********************************************************
skipping: no hosts matched

PLAY RECAP *********************************************************************

=== EXIT 0: 2025-12-17T07:01:03Z ===
=== RUN START: 2025-12-17T07:02:01Z user=amhengly pwd=/home/amhengly ===
[WARNING]: Could not match supplied host pattern, ignoring: application

PLAY [Backup database] *********************************************************
skipping: no hosts matched

PLAY RECAP *********************************************************************

=== EXIT 0: 2025-12-17T07:02:02Z ===
=== RUN START: 2025-12-17T07:03:01Z user=amhengly pwd=/home/amhengly ===
[WARNING]: Could not match supplied host pattern, ignoring: application

PLAY [Backup database] *********************************************************
skipping: no hosts matched

PLAY RECAP *********************************************************************

=== EXIT 0: 2025-12-17T07:03:03Z ===
=== RUN START: 2025-12-17T07:04:01Z user=amhengly pwd=/home/amhengly ===
[WARNING]: Could not match supplied host pattern, ignoring: application

PLAY [Backup database] *********************************************************
skipping: no hosts matched

PLAY RECAP *********************************************************************

=== EXIT 0: 2025-12-17T07:04:03Z ===
=== RUN START: 2025-12-17T07:05:01Z user=amhengly pwd=/home/amhengly ===
[WARNING]: Could not match supplied host pattern, ignoring: application

PLAY [Backup database] *********************************************************
skipping: no hosts matched

PLAY RECAP *********************************************************************

=== EXIT 0: 2025-12-17T07:05:03Z ===
=== RUN START: 2025-12-17T07:06:01Z user=amhengly pwd=/home/amhengly ===
[WARNING]: Could not match supplied host pattern, ignoring: application

PLAY [Backup database] *********************************************************
skipping: no hosts matched

PLAY RECAP *********************************************************************

=== EXIT 0: 2025-12-17T07:06:03Z ===
=== RUN START: 2025-12-17T07:07:01Z user=amhengly pwd=/home/amhengly ===
[WARNING]: Could not match supplied host pattern, ignoring: application

PLAY [Backup database] *********************************************************
skipping: no hosts matched

PLAY RECAP *********************************************************************

=== EXIT 0: 2025-12-17T07:07:03Z ===
=== RUN START: 2025-12-17T07:08:01Z user=amhengly pwd=/home/amhengly ===
[WARNING]: Could not match supplied host pattern, ignoring: application

PLAY [Backup database] *********************************************************
skipping: no hosts matched

PLAY RECAP *********************************************************************

=== EXIT 0: 2025-12-17T07:08:02Z ===
=== RUN START: 2025-12-17T07:09:01Z user=amhengly pwd=/home/amhengly ===
[WARNING]: Could not match supplied host pattern, ignoring: application

PLAY [Backup database] *********************************************************
skipping: no hosts matched

PLAY RECAP *********************************************************************

=== EXIT 0: 2025-12-17T07:09:03Z ===
=== RUN START: 2025-12-17T07:10:01Z user=amhengly pwd=/home/amhengly ===
[WARNING]: Could not match supplied host pattern, ignoring: application

PLAY [Backup database] *********************************************************
skipping: no hosts matched

PLAY RECAP *********************************************************************

=== EXIT 0: 2025-12-17T07:10:03Z ===
=== RUN START: 2025-12-17T07:11:01Z user=amhengly pwd=/home/amhengly ===
[WARNING]: Could not match supplied host pattern, ignoring: application

PLAY [Backup database] *********************************************************
skipping: no hosts matched

PLAY RECAP *********************************************************************

=== EXIT 0: 2025-12-17T07:11:03Z ===
=== RUN START: 2025-12-17T07:12:01Z user=amhengly pwd=/home/amhengly ===
[WARNING]: Could not match supplied host pattern, ignoring: application

PLAY [Backup database] *********************************************************
skipping: no hosts matched

PLAY RECAP *********************************************************************

=== EXIT 0: 2025-12-17T07:12:02Z ===
=== RUN START: 2025-12-17T07:13:01Z user=amhengly pwd=/home/amhengly ===
[WARNING]: Could not match supplied host pattern, ignoring: application

PLAY [Backup database] *********************************************************
skipping: no hosts matched

PLAY RECAP *********************************************************************

=== EXIT 0: 2025-12-17T07:13:03Z ===
=== RUN START: 2025-12-17T07:14:01Z user=amhengly pwd=/home/amhengly ===
[WARNING]: Could not match supplied host pattern, ignoring: application

PLAY [Backup database] *********************************************************
skipping: no hosts matched

PLAY RECAP *********************************************************************

=== EXIT 0: 2025-12-17T07:14:03Z ===
=== RUN START: 2025-12-17T07:15:01Z user=amhengly pwd=/home/amhengly ===
[WARNING]: Could not match supplied host pattern, ignoring: application

PLAY [Backup database] *********************************************************
skipping: no hosts matched

PLAY RECAP *********************************************************************

=== EXIT 0: 2025-12-17T07:15:02Z ===
=== RUN START: 2025-12-17T07:16:02Z user=amhengly pwd=/home/amhengly ===
[WARNING]: Could not match supplied host pattern, ignoring: application

PLAY [Backup database] *********************************************************
skipping: no hosts matched

PLAY RECAP *********************************************************************

=== EXIT 0: 2025-12-17T07:16:03Z ===
=== RUN START: 2025-12-17T07:17:01Z user=amhengly pwd=/home/amhengly ===
[WARNING]: Could not match supplied host pattern, ignoring: application

PLAY [Backup database] *********************************************************
skipping: no hosts matched

PLAY RECAP *********************************************************************

=== EXIT 0: 2025-12-17T07:17:03Z ===
=== RUN START: 2025-12-17T07:18:01Z user=amhengly pwd=/home/amhengly ===
[WARNING]: Could not match supplied host pattern, ignoring: application

PLAY [Backup database] *********************************************************
skipping: no hosts matched

PLAY RECAP *********************************************************************

=== EXIT 0: 2025-12-17T07:18:03Z ===
=== RUN START: 2025-12-17T07:19:01Z user=amhengly pwd=/home/amhengly ===
[WARNING]: Could not match supplied host pattern, ignoring: application

PLAY [Backup database] *********************************************************
skipping: no hosts matched

PLAY RECAP *********************************************************************

=== EXIT 0: 2025-12-17T07:19:03Z ===
=== RUN START: 2025-12-17T07:20:01Z user=amhengly pwd=/home/amhengly ===
[WARNING]: Could not match supplied host pattern, ignoring: application

PLAY [Backup database] *********************************************************
skipping: no hosts matched

PLAY RECAP *********************************************************************

=== EXIT 0: 2025-12-17T07:20:02Z ===
=== RUN START: 2025-12-17T07:21:01Z user=amhengly pwd=/home/amhengly ===
[WARNING]: Could not match supplied host pattern, ignoring: application

PLAY [Backup database] *********************************************************
skipping: no hosts matched

PLAY RECAP *********************************************************************

=== EXIT 0: 2025-12-17T07:21:03Z ===
=== RUN START: 2025-12-17T07:22:01Z user=amhengly pwd=/home/amhengly ===
[WARNING]: Could not match supplied host pattern, ignoring: application

PLAY [Backup database] *********************************************************
skipping: no hosts matched

PLAY RECAP *********************************************************************

=== EXIT 0: 2025-12-17T07:22:03Z ===
=== RUN START: 2025-12-17T07:23:01Z user=amhengly pwd=/home/amhengly ===
[WARNING]: Could not match supplied host pattern, ignoring: application

PLAY [Backup database] *********************************************************
skipping: no hosts matched

PLAY RECAP *********************************************************************

=== EXIT 0: 2025-12-17T07:23:03Z ===
=== RUN START: 2025-12-17T07:24:01Z user=amhengly pwd=/home/amhengly ===
[ERROR]: conflicting action statements: ansible.builtin.debug, include_role
Origin: /ansible/roles/db_backup/tasks/backup_data.yml:32:3

30   delegate_to: localhost
31
32 - name: Debug backup file size
     ^ column 3

=== EXIT 4: 2025-12-17T07:24:02Z ===
=== RUN START: 2025-12-17T07:25:01Z user=amhengly pwd=/home/amhengly ===
[ERROR]: conflicting action statements: ansible.builtin.debug, include_role
Origin: /ansible/roles/db_backup/tasks/backup_data.yml:32:3

30   delegate_to: localhost
31
32 - name: Debug backup file size
     ^ column 3

=== EXIT 4: 2025-12-17T07:25:03Z ===
=== RUN START: 2025-12-17T07:26:01Z user=amhengly pwd=/home/amhengly ===
[WARNING]: Could not match supplied host pattern, ignoring: application

PLAY [Backup database] *********************************************************
skipping: no hosts matched

PLAY RECAP *********************************************************************

=== EXIT 0: 2025-12-17T07:26:03Z ===
=== RUN START: 2025-12-17T07:27:01Z user=amhengly pwd=/home/amhengly ===
[WARNING]: Could not match supplied host pattern, ignoring: application

PLAY [Backup database] *********************************************************
skipping: no hosts matched

PLAY RECAP *********************************************************************

=== EXIT 0: 2025-12-17T07:27:03Z ===
=== RUN START: 2025-12-17T07:28:01Z user=amhengly pwd=/home/amhengly ===
[WARNING]: Could not match supplied host pattern, ignoring: application

PLAY [Backup database] *********************************************************
skipping: no hosts matched

PLAY RECAP *********************************************************************

=== EXIT 0: 2025-12-17T07:28:03Z ===
=== RUN START: 2025-12-17T07:29:01Z user=amhengly pwd=/home/amhengly ===
[WARNING]: Could not match supplied host pattern, ignoring: application

PLAY [Backup database] *********************************************************
skipping: no hosts matched

PLAY RECAP *********************************************************************

=== EXIT 0: 2025-12-17T07:29:02Z ===
=== RUN START: 2025-12-17T07:30:01Z user=amhengly pwd=/home/amhengly ===
[WARNING]: Could not match supplied host pattern, ignoring: application

PLAY [Backup database] *********************************************************
skipping: no hosts matched

PLAY RECAP *********************************************************************

=== EXIT 0: 2025-12-17T07:30:03Z ===
=== RUN START: 2025-12-17T07:31:01Z user=amhengly pwd=/home/amhengly ===
[WARNING]: Could not match supplied host pattern, ignoring: application

PLAY [Backup database] *********************************************************
skipping: no hosts matched

PLAY RECAP *********************************************************************

=== EXIT 0: 2025-12-17T07:31:03Z ===
=== RUN START: 2025-12-17T07:32:01Z user=amhengly pwd=/home/amhengly ===
[WARNING]: Could not match supplied host pattern, ignoring: application

PLAY [Backup database] *********************************************************
skipping: no hosts matched

PLAY RECAP *********************************************************************

=== EXIT 0: 2025-12-17T07:32:03Z ===
=== RUN START: 2025-12-17T07:33:01Z user=amhengly pwd=/home/amhengly ===
[WARNING]: Could not match supplied host pattern, ignoring: application

PLAY [Backup database] *********************************************************
skipping: no hosts matched

PLAY RECAP *********************************************************************

=== EXIT 0: 2025-12-17T07:33:03Z ===
=== RUN START: 2025-12-17T07:34:01Z user=amhengly pwd=/home/amhengly ===
[WARNING]: Could not match supplied host pattern, ignoring: application

PLAY [Backup database] *********************************************************
skipping: no hosts matched

PLAY RECAP *********************************************************************

=== EXIT 0: 2025-12-17T07:34:03Z ===
=== RUN START: 2025-12-17T07:35:01Z user=amhengly pwd=/home/amhengly ===
[WARNING]: Could not match supplied host pattern, ignoring: application

PLAY [Backup database] *********************************************************
skipping: no hosts matched

PLAY RECAP *********************************************************************

=== EXIT 0: 2025-12-17T07:35:02Z ===
=== RUN START: 2025-12-17T07:36:01Z user=amhengly pwd=/home/amhengly ===
[WARNING]: Could not match supplied host pattern, ignoring: application

PLAY [Backup database] *********************************************************
skipping: no hosts matched

PLAY RECAP *********************************************************************

=== EXIT 0: 2025-12-17T07:36:03Z ===
=== RUN START: 2025-12-17T07:37:01Z user=amhengly pwd=/home/amhengly ===
[WARNING]: Could not match supplied host pattern, ignoring: application

PLAY [Backup database] *********************************************************
skipping: no hosts matched

PLAY RECAP *********************************************************************

=== EXIT 0: 2025-12-17T07:37:03Z ===
=== RUN START: 2025-12-17T07:38:01Z user=amhengly pwd=/home/amhengly ===
[WARNING]: Could not match supplied host pattern, ignoring: application

PLAY [Backup database] *********************************************************
skipping: no hosts matched

PLAY RECAP *********************************************************************

=== EXIT 0: 2025-12-17T07:38:03Z ===
=== RUN START: 2025-12-17T07:39:01Z user=amhengly pwd=/home/amhengly ===
[WARNING]: Could not match supplied host pattern, ignoring: application

PLAY [Backup database] *********************************************************
skipping: no hosts matched

PLAY RECAP *********************************************************************

=== EXIT 0: 2025-12-17T07:39:02Z ===
=== RUN START: 2025-12-17T07:40:01Z user=amhengly pwd=/home/amhengly ===
[WARNING]: Could not match supplied host pattern, ignoring: application

PLAY [Backup database] *********************************************************
skipping: no hosts matched

PLAY RECAP *********************************************************************

=== EXIT 0: 2025-12-17T07:40:03Z ===
=== RUN START: 2025-12-17T07:41:01Z user=amhengly pwd=/home/amhengly ===
[WARNING]: Could not match supplied host pattern, ignoring: application

PLAY [Backup database] *********************************************************
skipping: no hosts matched

PLAY RECAP *********************************************************************

=== EXIT 0: 2025-12-17T07:41:03Z ===
=== RUN START: 2025-12-17T07:42:01Z user=amhengly pwd=/home/amhengly ===
[WARNING]: Could not match supplied host pattern, ignoring: application

PLAY [Backup database] *********************************************************
skipping: no hosts matched

PLAY RECAP *********************************************************************

=== EXIT 0: 2025-12-17T07:42:03Z ===
=== RUN START: 2025-12-17T07:43:01Z user=amhengly pwd=/home/amhengly ===
[WARNING]: Could not match supplied host pattern, ignoring: application

PLAY [Backup database] *********************************************************
skipping: no hosts matched

PLAY RECAP *********************************************************************

=== EXIT 0: 2025-12-17T07:43:02Z ===
=== RUN START: 2025-12-17T07:44:01Z user=amhengly pwd=/home/amhengly ===
[WARNING]: Could not match supplied host pattern, ignoring: application

PLAY [Backup database] *********************************************************
skipping: no hosts matched

PLAY RECAP *********************************************************************

=== EXIT 0: 2025-12-17T07:44:03Z ===
=== RUN START: 2025-12-17T07:45:01Z user=amhengly pwd=/home/amhengly ===
[WARNING]: Could not match supplied host pattern, ignoring: application

PLAY [Backup database] *********************************************************
skipping: no hosts matched

PLAY RECAP *********************************************************************

=== EXIT 0: 2025-12-17T07:45:03Z ===
=== RUN START: 2025-12-17T07:46:01Z user=amhengly pwd=/home/amhengly ===
[WARNING]: Could not match supplied host pattern, ignoring: application

PLAY [Backup database] *********************************************************
skipping: no hosts matched

PLAY RECAP *********************************************************************

=== EXIT 0: 2025-12-17T07:46:03Z ===
=== RUN START: 2025-12-17T07:47:01Z user=amhengly pwd=/home/amhengly ===
[WARNING]: Could not match supplied host pattern, ignoring: application

PLAY [Backup database] *********************************************************
skipping: no hosts matched

PLAY RECAP *********************************************************************

=== EXIT 0: 2025-12-17T07:47:03Z ===
=== RUN START: 2025-12-17T07:48:01Z user=amhengly pwd=/home/amhengly ===
[WARNING]: Could not match supplied host pattern, ignoring: application

PLAY [Backup database] *********************************************************
skipping: no hosts matched

PLAY RECAP *********************************************************************

=== EXIT 0: 2025-12-17T07:48:02Z ===
=== RUN START: 2025-12-17T07:49:01Z user=amhengly pwd=/home/amhengly ===
[WARNING]: Could not match supplied host pattern, ignoring: application

PLAY [Backup database] *********************************************************
skipping: no hosts matched

PLAY RECAP *********************************************************************

=== EXIT 0: 2025-12-17T07:49:03Z ===
=== RUN START: 2025-12-17T07:50:01Z user=amhengly pwd=/home/amhengly ===
[WARNING]: Could not match supplied host pattern, ignoring: application

PLAY [Backup database] *********************************************************
skipping: no hosts matched

PLAY RECAP *********************************************************************

=== EXIT 0: 2025-12-17T07:50:03Z ===
=== RUN START: 2025-12-17T07:51:01Z user=amhengly pwd=/home/amhengly ===
[WARNING]: Could not match supplied host pattern, ignoring: application

PLAY [Backup database] *********************************************************
skipping: no hosts matched

PLAY RECAP *********************************************************************

=== EXIT 0: 2025-12-17T07:51:03Z ===
=== RUN START: 2025-12-17T07:52:01Z user=amhengly pwd=/home/amhengly ===
[WARNING]: Could not match supplied host pattern, ignoring: application

PLAY [Backup database] *********************************************************
skipping: no hosts matched

PLAY RECAP *********************************************************************

=== EXIT 0: 2025-12-17T07:52:03Z ===
=== RUN START: 2025-12-17T07:53:01Z user=amhengly pwd=/home/amhengly ===
[WARNING]: Could not match supplied host pattern, ignoring: application

PLAY [Backup database] *********************************************************
skipping: no hosts matched

PLAY RECAP *********************************************************************

=== EXIT 0: 2025-12-17T07:53:02Z ===
=== RUN START: 2025-12-17T07:54:01Z user=amhengly pwd=/home/amhengly ===
[WARNING]: Could not match supplied host pattern, ignoring: application

PLAY [Backup database] *********************************************************
skipping: no hosts matched

PLAY RECAP *********************************************************************

=== EXIT 0: 2025-12-17T07:54:03Z ===
=== RUN START: 2025-12-17T07:55:01Z user=amhengly pwd=/home/amhengly ===
[WARNING]: Could not match supplied host pattern, ignoring: application

PLAY [Backup database] *********************************************************
skipping: no hosts matched

PLAY RECAP *********************************************************************

=== EXIT 0: 2025-12-17T07:55:03Z ===
=== RUN START: 2025-12-17T07:56:01Z user=amhengly pwd=/home/amhengly ===
[WARNING]: Could not match supplied host pattern, ignoring: application

PLAY [Backup database] *********************************************************
skipping: no hosts matched

PLAY RECAP *********************************************************************

=== EXIT 0: 2025-12-17T07:56:03Z ===
=== RUN START: 2025-12-17T07:57:01Z user=amhengly pwd=/home/amhengly ===
[WARNING]: Could not match supplied host pattern, ignoring: application

PLAY [Backup database] *********************************************************
skipping: no hosts matched

PLAY RECAP *********************************************************************

=== EXIT 0: 2025-12-17T07:57:03Z ===
=== RUN START: 2025-12-17T07:58:01Z user=amhengly pwd=/home/amhengly ===
[WARNING]: Could not match supplied host pattern, ignoring: application

PLAY [Backup database] *********************************************************
skipping: no hosts matched

PLAY RECAP *********************************************************************

=== EXIT 0: 2025-12-17T07:58:03Z ===
=== RUN START: 2025-12-17T07:59:01Z user=amhengly pwd=/home/amhengly ===
[WARNING]: Could not match supplied host pattern, ignoring: application

PLAY [Backup database] *********************************************************
skipping: no hosts matched

PLAY RECAP *********************************************************************

=== EXIT 0: 2025-12-17T07:59:03Z ===
=== RUN START: 2025-12-17T08:00:01Z user=amhengly pwd=/home/amhengly ===
[WARNING]: Could not match supplied host pattern, ignoring: application

PLAY [Backup database] *********************************************************
skipping: no hosts matched

PLAY RECAP *********************************************************************

=== EXIT 0: 2025-12-17T08:00:02Z ===
=== RUN START: 2025-12-17T08:01:01Z user=amhengly pwd=/home/amhengly ===
[WARNING]: Could not match supplied host pattern, ignoring: application

PLAY [Backup database] *********************************************************
skipping: no hosts matched

PLAY RECAP *********************************************************************

=== EXIT 0: 2025-12-17T08:01:03Z ===
=== RUN START: 2025-12-17T08:02:01Z user=amhengly pwd=/home/amhengly ===
[WARNING]: Could not match supplied host pattern, ignoring: application

PLAY [Backup database] *********************************************************
skipping: no hosts matched

PLAY RECAP *********************************************************************

=== EXIT 0: 2025-12-17T08:02:03Z ===
=== RUN START: 2025-12-17T08:03:01Z user=amhengly pwd=/home/amhengly ===
[WARNING]: Could not match supplied host pattern, ignoring: application

PLAY [Backup database] *********************************************************
skipping: no hosts matched

PLAY RECAP *********************************************************************

=== EXIT 0: 2025-12-17T08:03:02Z ===
=== RUN START: 2025-12-17T08:04:01Z user=amhengly pwd=/home/amhengly ===
[WARNING]: Could not match supplied host pattern, ignoring: application

PLAY [Backup database] *********************************************************
skipping: no hosts matched

PLAY RECAP *********************************************************************

=== EXIT 0: 2025-12-17T08:04:03Z ===
=== RUN START: 2025-12-17T08:05:01Z user=amhengly pwd=/home/amhengly ===
[WARNING]: Could not match supplied host pattern, ignoring: application

PLAY [Backup database] *********************************************************
skipping: no hosts matched

PLAY RECAP *********************************************************************

=== EXIT 0: 2025-12-17T08:05:03Z ===
=== RUN START: 2025-12-17T08:06:01Z user=amhengly pwd=/home/amhengly ===
[WARNING]: Could not match supplied host pattern, ignoring: application

PLAY [Backup database] *********************************************************
skipping: no hosts matched

PLAY RECAP *********************************************************************

=== EXIT 0: 2025-12-17T08:06:02Z ===
=== RUN START: 2025-12-17T08:07:01Z user=amhengly pwd=/home/amhengly ===
[WARNING]: Could not match supplied host pattern, ignoring: application

PLAY [Backup database] *********************************************************
skipping: no hosts matched

PLAY RECAP *********************************************************************

=== EXIT 0: 2025-12-17T08:07:03Z ===
=== RUN START: 2025-12-17T08:08:01Z user=amhengly pwd=/home/amhengly ===
[WARNING]: Could not match supplied host pattern, ignoring: application

PLAY [Backup database] *********************************************************
skipping: no hosts matched

PLAY RECAP *********************************************************************

=== EXIT 0: 2025-12-17T08:08:03Z ===
=== RUN START: 2025-12-17T08:09:01Z user=amhengly pwd=/home/amhengly ===
[WARNING]: Could not match supplied host pattern, ignoring: application

PLAY [Backup database] *********************************************************
skipping: no hosts matched

PLAY RECAP *********************************************************************

=== EXIT 0: 2025-12-17T08:09:03Z ===
=== RUN START: 2025-12-17T08:10:01Z user=amhengly pwd=/home/amhengly ===
[WARNING]: Could not match supplied host pattern, ignoring: application

PLAY [Backup database] *********************************************************
skipping: no hosts matched

PLAY RECAP *********************************************************************

=== EXIT 0: 2025-12-17T08:10:03Z ===
=== RUN START: 2025-12-17T08:11:01Z user=amhengly pwd=/home/amhengly ===
[WARNING]: Could not match supplied host pattern, ignoring: application

PLAY [Backup database] *********************************************************
skipping: no hosts matched

PLAY RECAP *********************************************************************

=== EXIT 0: 2025-12-17T08:11:02Z ===
=== RUN START: 2025-12-17T08:12:01Z user=amhengly pwd=/home/amhengly ===
[WARNING]: Could not match supplied host pattern, ignoring: application

PLAY [Backup database] *********************************************************
skipping: no hosts matched

PLAY RECAP *********************************************************************

=== EXIT 0: 2025-12-17T08:12:03Z ===
=== RUN START: 2025-12-17T08:13:01Z user=amhengly pwd=/home/amhengly ===
[WARNING]: Could not match supplied host pattern, ignoring: application

PLAY [Backup database] *********************************************************
skipping: no hosts matched

PLAY RECAP *********************************************************************

=== EXIT 0: 2025-12-17T08:13:03Z ===
=== RUN START: 2025-12-17T08:14:01Z user=amhengly pwd=/home/amhengly ===
[WARNING]: Could not match supplied host pattern, ignoring: application

PLAY [Backup database] *********************************************************
skipping: no hosts matched

PLAY RECAP *********************************************************************

=== EXIT 0: 2025-12-17T08:14:03Z ===
=== RUN START: 2025-12-17T08:15:01Z user=amhengly pwd=/home/amhengly ===
[WARNING]: Could not match supplied host pattern, ignoring: application

PLAY [Backup database] *********************************************************
skipping: no hosts matched

PLAY RECAP *********************************************************************

=== EXIT 0: 2025-12-17T08:15:02Z ===
=== RUN START: 2025-12-17T08:16:01Z user=amhengly pwd=/home/amhengly ===
[WARNING]: Could not match supplied host pattern, ignoring: application

PLAY [Backup database] *********************************************************
skipping: no hosts matched

PLAY RECAP *********************************************************************

=== EXIT 0: 2025-12-17T08:16:03Z ===
=== RUN START: 2025-12-17T08:17:01Z user=amhengly pwd=/home/amhengly ===
[WARNING]: Could not match supplied host pattern, ignoring: application

PLAY [Backup database] *********************************************************
skipping: no hosts matched

PLAY RECAP *********************************************************************

=== EXIT 0: 2025-12-17T08:17:04Z ===
=== RUN START: 2025-12-17T08:18:01Z user=amhengly pwd=/home/amhengly ===
[WARNING]: Could not match supplied host pattern, ignoring: application

PLAY [Backup database] *********************************************************
skipping: no hosts matched

PLAY RECAP *********************************************************************

=== EXIT 0: 2025-12-17T08:18:03Z ===
=== RUN START: 2025-12-17T08:19:01Z user=amhengly pwd=/home/amhengly ===
[WARNING]: Could not match supplied host pattern, ignoring: application

PLAY [Backup database] *********************************************************
skipping: no hosts matched

PLAY RECAP *********************************************************************

=== EXIT 0: 2025-12-17T08:19:03Z ===
=== RUN START: 2025-12-17T08:20:01Z user=amhengly pwd=/home/amhengly ===
[WARNING]: Could not match supplied host pattern, ignoring: application

PLAY [Backup database] *********************************************************
skipping: no hosts matched

PLAY RECAP *********************************************************************

=== EXIT 0: 2025-12-17T08:20:03Z ===
=== RUN START: 2025-12-17T08:21:01Z user=amhengly pwd=/home/amhengly ===
[WARNING]: Could not match supplied host pattern, ignoring: application

PLAY [Backup database] *********************************************************
skipping: no hosts matched

PLAY RECAP *********************************************************************

=== EXIT 0: 2025-12-17T08:21:03Z ===
=== RUN START: 2025-12-17T08:22:01Z user=amhengly pwd=/home/amhengly ===
[WARNING]: Could not match supplied host pattern, ignoring: application

PLAY [Backup database] *********************************************************
skipping: no hosts matched

PLAY RECAP *********************************************************************

=== EXIT 0: 2025-12-17T08:22:03Z ===
=== RUN START: 2025-12-17T08:23:01Z user=amhengly pwd=/home/amhengly ===
[WARNING]: Could not match supplied host pattern, ignoring: application

PLAY [Backup database] *********************************************************
skipping: no hosts matched

PLAY RECAP *********************************************************************

=== EXIT 0: 2025-12-17T08:23:02Z ===
=== RUN START: 2025-12-17T08:24:01Z user=amhengly pwd=/home/amhengly ===
[WARNING]: Could not match supplied host pattern, ignoring: application

PLAY [Backup database] *********************************************************
skipping: no hosts matched

PLAY RECAP *********************************************************************

=== EXIT 0: 2025-12-17T08:24:03Z ===
=== RUN START: 2025-12-17T08:25:01Z user=amhengly pwd=/home/amhengly ===
[WARNING]: Could not match supplied host pattern, ignoring: application

PLAY [Backup database] *********************************************************
skipping: no hosts matched

PLAY RECAP *********************************************************************

=== EXIT 0: 2025-12-17T08:25:03Z ===
=== RUN START: 2025-12-17T08:26:01Z user=amhengly pwd=/home/amhengly ===
[WARNING]: Could not match supplied host pattern, ignoring: application

PLAY [Backup database] *********************************************************
skipping: no hosts matched

PLAY RECAP *********************************************************************

=== EXIT 0: 2025-12-17T08:26:02Z ===
=== RUN START: 2025-12-17T08:27:01Z user=amhengly pwd=/home/amhengly ===
[WARNING]: Could not match supplied host pattern, ignoring: application

PLAY [Backup database] *********************************************************
skipping: no hosts matched

PLAY RECAP *********************************************************************

=== EXIT 0: 2025-12-17T08:27:03Z ===
=== RUN START: 2025-12-17T08:28:01Z user=amhengly pwd=/home/amhengly ===
[WARNING]: Could not match supplied host pattern, ignoring: application

PLAY [Backup database] *********************************************************
skipping: no hosts matched

PLAY RECAP *********************************************************************

=== EXIT 0: 2025-12-17T08:28:03Z ===
=== RUN START: 2025-12-17T08:29:01Z user=amhengly pwd=/home/amhengly ===
[WARNING]: Could not match supplied host pattern, ignoring: application

PLAY [Backup database] *********************************************************
skipping: no hosts matched

PLAY RECAP *********************************************************************

=== EXIT 0: 2025-12-17T08:29:02Z ===
=== RUN START: 2025-12-17T08:30:01Z user=amhengly pwd=/home/amhengly ===
[WARNING]: Could not match supplied host pattern, ignoring: application

PLAY [Backup database] *********************************************************
skipping: no hosts matched

PLAY RECAP *********************************************************************

=== EXIT 0: 2025-12-17T08:30:03Z ===
=== RUN START: 2025-12-17T08:31:01Z user=amhengly pwd=/home/amhengly ===
[WARNING]: Could not match supplied host pattern, ignoring: application

PLAY [Backup database] *********************************************************
skipping: no hosts matched

PLAY RECAP *********************************************************************

=== EXIT 0: 2025-12-17T08:31:03Z ===
=== RUN START: 2025-12-17T08:32:01Z user=amhengly pwd=/home/amhengly ===
[WARNING]: Could not match supplied host pattern, ignoring: application

PLAY [Backup database] *********************************************************
skipping: no hosts matched

PLAY RECAP *********************************************************************

=== EXIT 0: 2025-12-17T08:32:03Z ===
=== RUN START: 2025-12-17T08:33:01Z user=amhengly pwd=/home/amhengly ===
[WARNING]: Could not match supplied host pattern, ignoring: application

PLAY [Backup database] *********************************************************
skipping: no hosts matched

PLAY RECAP *********************************************************************

=== EXIT 0: 2025-12-17T08:33:02Z ===
=== RUN START: 2025-12-17T08:34:01Z user=amhengly pwd=/home/amhengly ===
[WARNING]: Could not match supplied host pattern, ignoring: application

PLAY [Backup database] *********************************************************
skipping: no hosts matched

PLAY RECAP *********************************************************************

=== EXIT 0: 2025-12-17T08:34:03Z ===
=== RUN START: 2025-12-17T08:35:01Z user=amhengly pwd=/home/amhengly ===
[WARNING]: Could not match supplied host pattern, ignoring: application

PLAY [Backup database] *********************************************************
skipping: no hosts matched

PLAY RECAP *********************************************************************

=== EXIT 0: 2025-12-17T08:35:03Z ===
=== RUN START: 2025-12-17T08:36:01Z user=amhengly pwd=/home/amhengly ===
[WARNING]: Could not match supplied host pattern, ignoring: application

PLAY [Backup database] *********************************************************
skipping: no hosts matched

PLAY RECAP *********************************************************************

=== EXIT 0: 2025-12-17T08:36:03Z ===
=== RUN START: 2025-12-17T08:37:01Z user=amhengly pwd=/home/amhengly ===
[WARNING]: Could not match supplied host pattern, ignoring: application

PLAY [Backup database] *********************************************************
skipping: no hosts matched

PLAY RECAP *********************************************************************

=== EXIT 0: 2025-12-17T08:37:03Z ===
=== RUN START: 2025-12-17T08:38:01Z user=amhengly pwd=/home/amhengly ===
[WARNING]: Could not match supplied host pattern, ignoring: application

PLAY [Backup database] *********************************************************
skipping: no hosts matched

PLAY RECAP *********************************************************************

=== EXIT 0: 2025-12-17T08:38:03Z ===
=== RUN START: 2025-12-17T08:39:01Z user=amhengly pwd=/home/amhengly ===
[WARNING]: Could not match supplied host pattern, ignoring: application

PLAY [Backup database] *********************************************************
skipping: no hosts matched

PLAY RECAP *********************************************************************

=== EXIT 0: 2025-12-17T08:39:02Z ===
=== RUN START: 2025-12-17T08:40:01Z user=amhengly pwd=/home/amhengly ===
[WARNING]: Could not match supplied host pattern, ignoring: application

PLAY [Backup database] *********************************************************
skipping: no hosts matched

PLAY RECAP *********************************************************************

=== EXIT 0: 2025-12-17T08:40:03Z ===
=== RUN START: 2025-12-17T08:41:01Z user=amhengly pwd=/home/amhengly ===
[WARNING]: Could not match supplied host pattern, ignoring: application

PLAY [Backup database] *********************************************************
skipping: no hosts matched

PLAY RECAP *********************************************************************

=== EXIT 0: 2025-12-17T08:41:03Z ===
=== RUN START: 2025-12-17T08:42:01Z user=amhengly pwd=/home/amhengly ===
[WARNING]: Could not match supplied host pattern, ignoring: application

PLAY [Backup database] *********************************************************
skipping: no hosts matched

PLAY RECAP *********************************************************************

=== EXIT 0: 2025-12-17T08:42:03Z ===
=== RUN START: 2025-12-17T08:43:01Z user=amhengly pwd=/home/amhengly ===
[WARNING]: Could not match supplied host pattern, ignoring: application

PLAY [Backup database] *********************************************************
skipping: no hosts matched

PLAY RECAP *********************************************************************

=== EXIT 0: 2025-12-17T08:43:02Z ===
=== RUN START: 2025-12-17T08:44:01Z user=amhengly pwd=/home/amhengly ===
[WARNING]: Could not match supplied host pattern, ignoring: application

PLAY [Backup database] *********************************************************
skipping: no hosts matched

PLAY RECAP *********************************************************************

=== EXIT 0: 2025-12-17T08:44:03Z ===
=== RUN START: 2025-12-17T08:45:01Z user=amhengly pwd=/home/amhengly ===
[WARNING]: Could not match supplied host pattern, ignoring: application

PLAY [Backup database] *********************************************************
skipping: no hosts matched

PLAY RECAP *********************************************************************

=== EXIT 0: 2025-12-17T08:45:03Z ===
=== RUN START: 2025-12-17T08:46:01Z user=amhengly pwd=/home/amhengly ===
[WARNING]: Could not match supplied host pattern, ignoring: application

PLAY [Backup database] *********************************************************
skipping: no hosts matched

PLAY RECAP *********************************************************************

=== EXIT 0: 2025-12-17T08:46:03Z ===
=== RUN START: 2025-12-17T08:47:01Z user=amhengly pwd=/home/amhengly ===
[WARNING]: Could not match supplied host pattern, ignoring: application

PLAY [Backup database] *********************************************************
skipping: no hosts matched

PLAY RECAP *********************************************************************

=== EXIT 0: 2025-12-17T08:47:02Z ===
=== RUN START: 2025-12-17T08:48:02Z user=amhengly pwd=/home/amhengly ===
[WARNING]: Could not match supplied host pattern, ignoring: application

PLAY [Backup database] *********************************************************
skipping: no hosts matched

PLAY RECAP *********************************************************************

=== EXIT 0: 2025-12-17T08:48:03Z ===
=== RUN START: 2025-12-17T08:49:01Z user=amhengly pwd=/home/amhengly ===
[WARNING]: Could not match supplied host pattern, ignoring: application

PLAY [Backup database] *********************************************************
skipping: no hosts matched

PLAY RECAP *********************************************************************

=== EXIT 0: 2025-12-17T08:49:03Z ===
=== RUN START: 2025-12-17T08:50:01Z user=amhengly pwd=/home/amhengly ===
[WARNING]: Could not match supplied host pattern, ignoring: application

PLAY [Backup database] *********************************************************
skipping: no hosts matched

PLAY RECAP *********************************************************************

=== EXIT 0: 2025-12-17T08:50:03Z ===
=== RUN START: 2025-12-17T08:51:01Z user=amhengly pwd=/home/amhengly ===
[WARNING]: Could not match supplied host pattern, ignoring: application

PLAY [Backup database] *********************************************************
skipping: no hosts matched

PLAY RECAP *********************************************************************

=== EXIT 0: 2025-12-17T08:51:03Z ===
=== RUN START: 2025-12-17T08:52:01Z user=amhengly pwd=/home/amhengly ===
[WARNING]: Could not match supplied host pattern, ignoring: application

PLAY [Backup database] *********************************************************
skipping: no hosts matched

PLAY RECAP *********************************************************************

=== EXIT 0: 2025-12-17T08:52:02Z ===
=== RUN START: 2025-12-17T08:53:01Z user=amhengly pwd=/home/amhengly ===
[WARNING]: Could not match supplied host pattern, ignoring: application

PLAY [Backup database] *********************************************************
skipping: no hosts matched

PLAY RECAP *********************************************************************

=== EXIT 0: 2025-12-17T08:53:03Z ===
=== RUN START: 2025-12-17T08:54:01Z user=amhengly pwd=/home/amhengly ===
[WARNING]: Could not match supplied host pattern, ignoring: application

PLAY [Backup database] *********************************************************
skipping: no hosts matched

PLAY RECAP *********************************************************************

=== EXIT 0: 2025-12-17T08:54:03Z ===
=== RUN START: 2025-12-17T08:55:01Z user=amhengly pwd=/home/amhengly ===
[WARNING]: Could not match supplied host pattern, ignoring: application

PLAY [Backup database] *********************************************************
skipping: no hosts matched

PLAY RECAP *********************************************************************

=== EXIT 0: 2025-12-17T08:55:03Z ===
=== RUN START: 2025-12-17T08:56:01Z user=amhengly pwd=/home/amhengly ===
[WARNING]: Could not match supplied host pattern, ignoring: application

PLAY [Backup database] *********************************************************
skipping: no hosts matched

PLAY RECAP *********************************************************************

=== EXIT 0: 2025-12-17T08:56:02Z ===
=== RUN START: 2025-12-17T08:57:01Z user=amhengly pwd=/home/amhengly ===
[WARNING]: Could not match supplied host pattern, ignoring: application

PLAY [Backup database] *********************************************************
skipping: no hosts matched

PLAY RECAP *********************************************************************

=== EXIT 0: 2025-12-17T08:57:03Z ===
=== RUN START: 2025-12-17T08:58:01Z user=amhengly pwd=/home/amhengly ===
[WARNING]: Could not match supplied host pattern, ignoring: application

PLAY [Backup database] *********************************************************
skipping: no hosts matched

PLAY RECAP *********************************************************************

=== EXIT 0: 2025-12-17T08:58:03Z ===
=== RUN START: 2025-12-17T08:59:01Z user=amhengly pwd=/home/amhengly ===
[WARNING]: Could not match supplied host pattern, ignoring: application

PLAY [Backup database] *********************************************************
skipping: no hosts matched

PLAY RECAP *********************************************************************

=== EXIT 0: 2025-12-17T08:59:03Z ===
=== RUN START: 2025-12-17T09:00:01Z user=amhengly pwd=/home/amhengly ===
[WARNING]: Could not match supplied host pattern, ignoring: application

PLAY [Backup database] *********************************************************
skipping: no hosts matched

PLAY RECAP *********************************************************************

=== EXIT 0: 2025-12-17T09:00:03Z ===
=== RUN START: 2025-12-17T09:01:01Z user=amhengly pwd=/home/amhengly ===
[WARNING]: Could not match supplied host pattern, ignoring: application

PLAY [Backup database] *********************************************************
skipping: no hosts matched

PLAY RECAP *********************************************************************

=== EXIT 0: 2025-12-17T09:01:03Z ===
=== RUN START: 2025-12-17T09:02:01Z user=amhengly pwd=/home/amhengly ===
[WARNING]: Could not match supplied host pattern, ignoring: application

PLAY [Backup database] *********************************************************
skipping: no hosts matched

PLAY RECAP *********************************************************************

=== EXIT 0: 2025-12-17T09:02:02Z ===
=== RUN START: 2025-12-17T09:03:01Z user=amhengly pwd=/home/amhengly ===
[WARNING]: Could not match supplied host pattern, ignoring: application

PLAY [Backup database] *********************************************************
skipping: no hosts matched

PLAY RECAP *********************************************************************

=== EXIT 0: 2025-12-17T09:03:03Z ===
=== RUN START: 2025-12-17T09:04:01Z user=amhengly pwd=/home/amhengly ===
[WARNING]: Could not match supplied host pattern, ignoring: application

PLAY [Backup database] *********************************************************
skipping: no hosts matched

PLAY RECAP *********************************************************************

=== EXIT 0: 2025-12-17T09:04:03Z ===
=== RUN START: 2025-12-17T09:05:01Z user=amhengly pwd=/home/amhengly ===
[WARNING]: Could not match supplied host pattern, ignoring: application

PLAY [Backup database] *********************************************************
skipping: no hosts matched

PLAY RECAP *********************************************************************

=== EXIT 0: 2025-12-17T09:05:03Z ===
=== RUN START: 2025-12-17T09:06:01Z user=amhengly pwd=/home/amhengly ===
[WARNING]: Could not match supplied host pattern, ignoring: application

PLAY [Backup database] *********************************************************
skipping: no hosts matched

PLAY RECAP *********************************************************************

=== EXIT 0: 2025-12-17T09:06:02Z ===
=== RUN START: 2025-12-17T09:07:01Z user=amhengly pwd=/home/amhengly ===
[WARNING]: Could not match supplied host pattern, ignoring: application

PLAY [Backup database] *********************************************************
skipping: no hosts matched

PLAY RECAP *********************************************************************

=== EXIT 0: 2025-12-17T09:07:03Z ===
=== RUN START: 2025-12-17T09:08:01Z user=amhengly pwd=/home/amhengly ===
[WARNING]: Could not match supplied host pattern, ignoring: application

PLAY [Backup database] *********************************************************
skipping: no hosts matched

PLAY RECAP *********************************************************************

=== EXIT 0: 2025-12-17T09:08:03Z ===
=== RUN START: 2025-12-17T09:09:01Z user=amhengly pwd=/home/amhengly ===
[WARNING]: Could not match supplied host pattern, ignoring: application

PLAY [Backup database] *********************************************************
skipping: no hosts matched

PLAY RECAP *********************************************************************

=== EXIT 0: 2025-12-17T09:09:03Z ===
=== RUN START: 2025-12-17T09:10:01Z user=amhengly pwd=/home/amhengly ===
[WARNING]: Could not match supplied host pattern, ignoring: application

PLAY [Backup database] *********************************************************
skipping: no hosts matched

PLAY RECAP *********************************************************************

=== EXIT 0: 2025-12-17T09:10:03Z ===
=== RUN START: 2025-12-17T09:11:01Z user=amhengly pwd=/home/amhengly ===
[WARNING]: Could not match supplied host pattern, ignoring: application

PLAY [Backup database] *********************************************************
skipping: no hosts matched

PLAY RECAP *********************************************************************

=== EXIT 0: 2025-12-17T09:11:02Z ===
=== RUN START: 2025-12-17T09:12:01Z user=amhengly pwd=/home/amhengly ===
[WARNING]: Could not match supplied host pattern, ignoring: application

PLAY [Backup database] *********************************************************
skipping: no hosts matched

PLAY RECAP *********************************************************************

=== EXIT 0: 2025-12-17T09:12:03Z ===
=== RUN START: 2025-12-17T09:13:01Z user=amhengly pwd=/home/amhengly ===
[WARNING]: Could not match supplied host pattern, ignoring: application

PLAY [Backup database] *********************************************************
skipping: no hosts matched

PLAY RECAP *********************************************************************

=== EXIT 0: 2025-12-17T09:13:03Z ===
=== RUN START: 2025-12-17T09:14:01Z user=amhengly pwd=/home/amhengly ===
[WARNING]: Could not match supplied host pattern, ignoring: application

PLAY [Backup database] *********************************************************
skipping: no hosts matched

PLAY RECAP *********************************************************************

=== EXIT 0: 2025-12-17T09:14:03Z ===
=== RUN START: 2025-12-17T09:15:01Z user=amhengly pwd=/home/amhengly ===
[WARNING]: Could not match supplied host pattern, ignoring: application

PLAY [Backup database] *********************************************************
skipping: no hosts matched

PLAY RECAP *********************************************************************

=== EXIT 0: 2025-12-17T09:15:02Z ===
=== RUN START: 2025-12-17T09:16:01Z user=amhengly pwd=/home/amhengly ===
[WARNING]: Could not match supplied host pattern, ignoring: application

PLAY [Backup database] *********************************************************
skipping: no hosts matched

PLAY RECAP *********************************************************************

=== EXIT 0: 2025-12-17T09:16:03Z ===
=== RUN START: 2025-12-17T09:17:01Z user=amhengly pwd=/home/amhengly ===
[WARNING]: Could not match supplied host pattern, ignoring: application

PLAY [Backup database] *********************************************************
skipping: no hosts matched

PLAY RECAP *********************************************************************

=== EXIT 0: 2025-12-17T09:17:03Z ===
=== RUN START: 2025-12-17T09:18:01Z user=amhengly pwd=/home/amhengly ===
[WARNING]: Could not match supplied host pattern, ignoring: application

PLAY [Backup database] *********************************************************
skipping: no hosts matched

PLAY RECAP *********************************************************************

=== EXIT 0: 2025-12-17T09:18:03Z ===
=== RUN START: 2025-12-17T09:19:01Z user=amhengly pwd=/home/amhengly ===
[WARNING]: Could not match supplied host pattern, ignoring: application

PLAY [Backup database] *********************************************************
skipping: no hosts matched

PLAY RECAP *********************************************************************

=== EXIT 0: 2025-12-17T09:19:02Z ===
=== RUN START: 2025-12-17T09:20:01Z user=amhengly pwd=/home/amhengly ===
[WARNING]: Could not match supplied host pattern, ignoring: application

PLAY [Backup database] *********************************************************
skipping: no hosts matched

PLAY RECAP *********************************************************************

=== EXIT 0: 2025-12-17T09:20:03Z ===
=== RUN START: 2025-12-17T09:21:01Z user=amhengly pwd=/home/amhengly ===
[WARNING]: Could not match supplied host pattern, ignoring: application

PLAY [Backup database] *********************************************************
skipping: no hosts matched

PLAY RECAP *********************************************************************

=== EXIT 0: 2025-12-17T09:21:03Z ===
=== RUN START: 2025-12-17T09:22:01Z user=amhengly pwd=/home/amhengly ===
[WARNING]: Could not match supplied host pattern, ignoring: application

PLAY [Backup database] *********************************************************
skipping: no hosts matched

PLAY RECAP *********************************************************************

=== EXIT 0: 2025-12-17T09:22:03Z ===
=== RUN START: 2025-12-17T09:23:01Z user=amhengly pwd=/home/amhengly ===
[WARNING]: Could not match supplied host pattern, ignoring: application

PLAY [Backup database] *********************************************************
skipping: no hosts matched

PLAY RECAP *********************************************************************

=== EXIT 0: 2025-12-17T09:23:02Z ===
=== RUN START: 2025-12-17T09:24:01Z user=amhengly pwd=/home/amhengly ===
[WARNING]: Could not match supplied host pattern, ignoring: application

PLAY [Backup database] *********************************************************
skipping: no hosts matched

PLAY RECAP *********************************************************************

=== EXIT 0: 2025-12-17T09:24:03Z ===
=== RUN START: 2025-12-17T09:25:01Z user=amhengly pwd=/home/amhengly ===
[WARNING]: Could not match supplied host pattern, ignoring: application

PLAY [Backup database] *********************************************************
skipping: no hosts matched

PLAY RECAP *********************************************************************

=== EXIT 0: 2025-12-17T09:25:03Z ===
=== RUN START: 2025-12-17T09:26:01Z user=amhengly pwd=/home/amhengly ===
[WARNING]: Could not match supplied host pattern, ignoring: application

PLAY [Backup database] *********************************************************
skipping: no hosts matched

PLAY RECAP *********************************************************************

=== EXIT 0: 2025-12-17T09:26:03Z ===
=== RUN START: 2025-12-17T09:27:01Z user=amhengly pwd=/home/amhengly ===
[WARNING]: Could not match supplied host pattern, ignoring: application

PLAY [Backup database] *********************************************************
skipping: no hosts matched

PLAY RECAP *********************************************************************

=== EXIT 0: 2025-12-17T09:27:03Z ===
=== RUN START: 2025-12-17T09:28:01Z user=amhengly pwd=/home/amhengly ===
[WARNING]: Could not match supplied host pattern, ignoring: application

PLAY [Backup database] *********************************************************
skipping: no hosts matched

PLAY RECAP *********************************************************************

=== EXIT 0: 2025-12-17T09:28:02Z ===
=== RUN START: 2025-12-17T09:29:01Z user=amhengly pwd=/home/amhengly ===
[WARNING]: Could not match supplied host pattern, ignoring: application

PLAY [Backup database] *********************************************************
skipping: no hosts matched

PLAY RECAP *********************************************************************

=== EXIT 0: 2025-12-17T09:29:03Z ===
=== RUN START: 2025-12-17T09:30:01Z user=amhengly pwd=/home/amhengly ===
[WARNING]: Could not match supplied host pattern, ignoring: application

PLAY [Backup database] *********************************************************
skipping: no hosts matched

PLAY RECAP *********************************************************************

=== EXIT 0: 2025-12-17T09:30:03Z ===
=== RUN START: 2025-12-17T09:31:01Z user=amhengly pwd=/home/amhengly ===
[WARNING]: Could not match supplied host pattern, ignoring: application

PLAY [Backup database] *********************************************************
skipping: no hosts matched

PLAY RECAP *********************************************************************

=== EXIT 0: 2025-12-17T09:31:03Z ===
=== RUN START: 2025-12-17T09:32:01Z user=amhengly pwd=/home/amhengly ===
[WARNING]: Could not match supplied host pattern, ignoring: application

PLAY [Backup database] *********************************************************
skipping: no hosts matched

PLAY RECAP *********************************************************************

=== EXIT 0: 2025-12-17T09:32:03Z ===
=== RUN START: 2025-12-17T09:33:01Z user=amhengly pwd=/home/amhengly ===
[WARNING]: Could not match supplied host pattern, ignoring: application

PLAY [Backup database] *********************************************************
skipping: no hosts matched

PLAY RECAP *********************************************************************

=== EXIT 0: 2025-12-17T09:33:03Z ===
=== RUN START: 2025-12-17T09:34:01Z user=amhengly pwd=/home/amhengly ===
[WARNING]: Could not match supplied host pattern, ignoring: application

PLAY [Backup database] *********************************************************
skipping: no hosts matched

PLAY RECAP *********************************************************************

=== EXIT 0: 2025-12-17T09:34:03Z ===
=== RUN START: 2025-12-17T09:35:01Z user=amhengly pwd=/home/amhengly ===
[WARNING]: Could not match supplied host pattern, ignoring: application

PLAY [Backup database] *********************************************************
skipping: no hosts matched

PLAY RECAP *********************************************************************

=== EXIT 0: 2025-12-17T09:35:03Z ===
=== RUN START: 2025-12-17T09:36:01Z user=amhengly pwd=/home/amhengly ===
[WARNING]: Could not match supplied host pattern, ignoring: application

PLAY [Backup database] *********************************************************
skipping: no hosts matched

PLAY RECAP *********************************************************************

=== EXIT 0: 2025-12-17T09:36:02Z ===
=== RUN START: 2025-12-17T09:37:01Z user=amhengly pwd=/home/amhengly ===
[WARNING]: Could not match supplied host pattern, ignoring: application

PLAY [Backup database] *********************************************************
skipping: no hosts matched

PLAY RECAP *********************************************************************

=== EXIT 0: 2025-12-17T09:37:03Z ===
=== RUN START: 2025-12-17T09:38:01Z user=amhengly pwd=/home/amhengly ===
[WARNING]: Could not match supplied host pattern, ignoring: application

PLAY [Backup database] *********************************************************
skipping: no hosts matched

PLAY RECAP *********************************************************************

=== EXIT 0: 2025-12-17T09:38:03Z ===
=== RUN START: 2025-12-17T09:39:01Z user=amhengly pwd=/home/amhengly ===
[WARNING]: Could not match supplied host pattern, ignoring: application

PLAY [Backup database] *********************************************************
skipping: no hosts matched

PLAY RECAP *********************************************************************

=== EXIT 0: 2025-12-17T09:39:03Z ===
=== RUN START: 2025-12-17T09:40:01Z user=amhengly pwd=/home/amhengly ===
[WARNING]: Could not match supplied host pattern, ignoring: application

PLAY [Backup database] *********************************************************
skipping: no hosts matched

PLAY RECAP *********************************************************************

=== EXIT 0: 2025-12-17T09:40:03Z ===
=== RUN START: 2025-12-17T09:41:01Z user=amhengly pwd=/home/amhengly ===
[WARNING]: Could not match supplied host pattern, ignoring: application

PLAY [Backup database] *********************************************************
skipping: no hosts matched

PLAY RECAP *********************************************************************

=== EXIT 0: 2025-12-17T09:41:02Z ===
=== RUN START: 2025-12-17T09:42:01Z user=amhengly pwd=/home/amhengly ===
[WARNING]: Could not match supplied host pattern, ignoring: application

PLAY [Backup database] *********************************************************
skipping: no hosts matched

PLAY RECAP *********************************************************************

=== EXIT 0: 2025-12-17T09:42:03Z ===
=== RUN START: 2025-12-17T09:43:01Z user=amhengly pwd=/home/amhengly ===
[WARNING]: Could not match supplied host pattern, ignoring: application

PLAY [Backup database] *********************************************************
skipping: no hosts matched

PLAY RECAP *********************************************************************

=== EXIT 0: 2025-12-17T09:43:03Z ===
=== RUN START: 2025-12-17T09:44:01Z user=amhengly pwd=/home/amhengly ===
[WARNING]: Could not match supplied host pattern, ignoring: application

PLAY [Backup database] *********************************************************
skipping: no hosts matched

PLAY RECAP *********************************************************************

=== EXIT 0: 2025-12-17T09:44:03Z ===
=== RUN START: 2025-12-17T09:45:01Z user=amhengly pwd=/home/amhengly ===
[WARNING]: Could not match supplied host pattern, ignoring: application

PLAY [Backup database] *********************************************************
skipping: no hosts matched

PLAY RECAP *********************************************************************

=== EXIT 0: 2025-12-17T09:45:02Z ===
=== RUN START: 2025-12-17T09:46:01Z user=amhengly pwd=/home/amhengly ===
[WARNING]: Could not match supplied host pattern, ignoring: application

PLAY [Backup database] *********************************************************
skipping: no hosts matched

PLAY RECAP *********************************************************************

=== EXIT 0: 2025-12-17T09:46:03Z ===
=== RUN START: 2025-12-17T09:47:01Z user=amhengly pwd=/home/amhengly ===
[WARNING]: Could not match supplied host pattern, ignoring: application

PLAY [Backup database] *********************************************************
skipping: no hosts matched

PLAY RECAP *********************************************************************

=== EXIT 0: 2025-12-17T09:47:03Z ===
=== RUN START: 2025-12-17T09:48:01Z user=amhengly pwd=/home/amhengly ===
[WARNING]: Could not match supplied host pattern, ignoring: application

PLAY [Backup database] *********************************************************
skipping: no hosts matched

PLAY RECAP *********************************************************************

=== EXIT 0: 2025-12-17T09:48:02Z ===
=== RUN START: 2025-12-17T09:49:01Z user=amhengly pwd=/home/amhengly ===
[WARNING]: Could not match supplied host pattern, ignoring: application

PLAY [Backup database] *********************************************************
skipping: no hosts matched

PLAY RECAP *********************************************************************

=== EXIT 0: 2025-12-17T09:49:03Z ===
=== RUN START: 2025-12-17T09:50:01Z user=amhengly pwd=/home/amhengly ===
[WARNING]: Could not match supplied host pattern, ignoring: application

PLAY [Backup database] *********************************************************
skipping: no hosts matched

PLAY RECAP *********************************************************************

=== EXIT 0: 2025-12-17T09:50:03Z ===
=== RUN START: 2025-12-17T09:51:01Z user=amhengly pwd=/home/amhengly ===
[WARNING]: Could not match supplied host pattern, ignoring: application

PLAY [Backup database] *********************************************************
skipping: no hosts matched

PLAY RECAP *********************************************************************

=== EXIT 0: 2025-12-17T09:51:03Z ===
=== RUN START: 2025-12-17T09:52:01Z user=amhengly pwd=/home/amhengly ===
[WARNING]: Could not match supplied host pattern, ignoring: application

PLAY [Backup database] *********************************************************
skipping: no hosts matched

PLAY RECAP *********************************************************************

=== EXIT 0: 2025-12-17T09:52:02Z ===
=== RUN START: 2025-12-17T09:53:02Z user=amhengly pwd=/home/amhengly ===
[WARNING]: Could not match supplied host pattern, ignoring: application

PLAY [Backup database] *********************************************************
skipping: no hosts matched

PLAY RECAP *********************************************************************

=== EXIT 0: 2025-12-17T09:53:03Z ===
=== RUN START: 2025-12-17T09:54:01Z user=amhengly pwd=/home/amhengly ===
[WARNING]: Could not match supplied host pattern, ignoring: application

PLAY [Backup database] *********************************************************
skipping: no hosts matched

PLAY RECAP *********************************************************************

=== EXIT 0: 2025-12-17T09:54:03Z ===
=== RUN START: 2025-12-17T09:55:01Z user=amhengly pwd=/home/amhengly ===
[WARNING]: Could not match supplied host pattern, ignoring: application

PLAY [Backup database] *********************************************************
skipping: no hosts matched

PLAY RECAP *********************************************************************

=== EXIT 0: 2025-12-17T09:55:03Z ===
=== RUN START: 2025-12-17T09:56:01Z user=amhengly pwd=/home/amhengly ===
[WARNING]: Could not match supplied host pattern, ignoring: application

PLAY [Backup database] *********************************************************
skipping: no hosts matched

PLAY RECAP *********************************************************************

=== EXIT 0: 2025-12-17T09:56:03Z ===
=== RUN START: 2025-12-17T09:57:01Z user=amhengly pwd=/home/amhengly ===
[WARNING]: Could not match supplied host pattern, ignoring: application

PLAY [Backup database] *********************************************************
skipping: no hosts matched

PLAY RECAP *********************************************************************

=== EXIT 0: 2025-12-17T09:57:03Z ===
=== RUN START: 2025-12-17T09:58:01Z user=amhengly pwd=/home/amhengly ===
[WARNING]: Could not match supplied host pattern, ignoring: application

PLAY [Backup database] *********************************************************
skipping: no hosts matched

PLAY RECAP *********************************************************************

=== EXIT 0: 2025-12-17T09:58:03Z ===
=== RUN START: 2025-12-17T09:59:01Z user=amhengly pwd=/home/amhengly ===
[WARNING]: Could not match supplied host pattern, ignoring: application

PLAY [Backup database] *********************************************************
skipping: no hosts matched

PLAY RECAP *********************************************************************

=== EXIT 0: 2025-12-17T09:59:02Z ===
=== RUN START: 2025-12-17T10:00:01Z user=amhengly pwd=/home/amhengly ===
[WARNING]: Could not match supplied host pattern, ignoring: application

PLAY [Backup database] *********************************************************
skipping: no hosts matched

PLAY RECAP *********************************************************************

=== EXIT 0: 2025-12-17T10:00:03Z ===
=== RUN START: 2025-12-17T10:01:02Z user=amhengly pwd=/home/amhengly ===
[WARNING]: Could not match supplied host pattern, ignoring: application

PLAY [Backup database] *********************************************************
skipping: no hosts matched

PLAY RECAP *********************************************************************

=== EXIT 0: 2025-12-17T10:01:03Z ===
=== RUN START: 2025-12-17T10:02:01Z user=amhengly pwd=/home/amhengly ===
[WARNING]: Could not match supplied host pattern, ignoring: application

PLAY [Backup database] *********************************************************
skipping: no hosts matched

PLAY RECAP *********************************************************************

=== EXIT 0: 2025-12-17T10:02:03Z ===
=== RUN START: 2025-12-17T10:03:01Z user=amhengly pwd=/home/amhengly ===
[WARNING]: Could not match supplied host pattern, ignoring: application

PLAY [Backup database] *********************************************************
skipping: no hosts matched

PLAY RECAP *********************************************************************

=== EXIT 0: 2025-12-17T10:03:03Z ===
=== RUN START: 2025-12-17T10:04:01Z user=amhengly pwd=/home/amhengly ===
[WARNING]: Could not match supplied host pattern, ignoring: application

PLAY [Backup database] *********************************************************
skipping: no hosts matched

PLAY RECAP *********************************************************************

=== EXIT 0: 2025-12-17T10:04:03Z ===
=== RUN START: 2025-12-17T10:05:01Z user=amhengly pwd=/home/amhengly ===
[WARNING]: Could not match supplied host pattern, ignoring: application

PLAY [Backup database] *********************************************************
skipping: no hosts matched

PLAY RECAP *********************************************************************

=== EXIT 0: 2025-12-17T10:05:03Z ===
=== RUN START: 2025-12-17T10:06:01Z user=amhengly pwd=/home/amhengly ===
[WARNING]: Could not match supplied host pattern, ignoring: application

PLAY [Backup database] *********************************************************
skipping: no hosts matched

PLAY RECAP *********************************************************************

=== EXIT 0: 2025-12-17T10:06:02Z ===
=== RUN START: 2025-12-17T10:07:01Z user=amhengly pwd=/home/amhengly ===
[ERROR]: YAML parsing failed: While scanning for the next token found character that cannot start any token.
Origin: /ansible/roles/db_backup/tasks/backup_data.yml:60:4

58       🔗 BACKUP FILE      : {{ backup_file_prefix }}.sql
59       💾 FILE SIZE : >
60   {% if backup_file_stat.stat.size / 1024 / 1024 < 1 %}
      ^ column 4

=== EXIT 4: 2025-12-17T10:07:03Z ===
=== RUN START: 2025-12-17T10:08:01Z user=amhengly pwd=/home/amhengly ===
[WARNING]: Could not match supplied host pattern, ignoring: application

PLAY [Backup database] *********************************************************
skipping: no hosts matched

PLAY RECAP *********************************************************************

=== EXIT 0: 2025-12-17T10:08:03Z ===
=== RUN START: 2025-12-17T10:09:01Z user=amhengly pwd=/home/amhengly ===
[WARNING]: Could not match supplied host pattern, ignoring: application

PLAY [Backup database] *********************************************************
skipping: no hosts matched

PLAY RECAP *********************************************************************

=== EXIT 0: 2025-12-17T10:09:02Z ===
=== RUN START: 2025-12-17T10:10:01Z user=amhengly pwd=/home/amhengly ===
[WARNING]: Could not match supplied host pattern, ignoring: application

PLAY [Backup database] *********************************************************
skipping: no hosts matched

PLAY RECAP *********************************************************************

=== EXIT 0: 2025-12-17T10:10:03Z ===
=== RUN START: 2025-12-17T10:11:01Z user=amhengly pwd=/home/amhengly ===
[WARNING]: Could not match supplied host pattern, ignoring: application

PLAY [Backup database] *********************************************************
skipping: no hosts matched

PLAY RECAP *********************************************************************

=== EXIT 0: 2025-12-17T10:11:03Z ===
=== RUN START: 2025-12-17T10:12:01Z user=amhengly pwd=/home/amhengly ===
[WARNING]: Could not match supplied host pattern, ignoring: application

PLAY [Backup database] *********************************************************
skipping: no hosts matched

PLAY RECAP *********************************************************************

=== EXIT 0: 2025-12-17T10:12:03Z ===
=== RUN START: 2025-12-17T10:13:01Z user=amhengly pwd=/home/amhengly ===
[WARNING]: Could not match supplied host pattern, ignoring: application

PLAY [Backup database] *********************************************************
skipping: no hosts matched

PLAY RECAP *********************************************************************

=== EXIT 0: 2025-12-17T10:13:02Z ===
=== RUN START: 2025-12-17T10:14:01Z user=amhengly pwd=/home/amhengly ===
[WARNING]: Could not match supplied host pattern, ignoring: application

PLAY [Backup database] *********************************************************
skipping: no hosts matched

PLAY RECAP *********************************************************************

=== EXIT 0: 2025-12-17T10:14:03Z ===
=== RUN START: 2025-12-17T10:15:01Z user=amhengly pwd=/home/amhengly ===
[WARNING]: Could not match supplied host pattern, ignoring: application

PLAY [Backup database] *********************************************************
skipping: no hosts matched

PLAY RECAP *********************************************************************

=== EXIT 0: 2025-12-17T10:15:03Z ===
=== RUN START: 2025-12-17T10:16:01Z user=amhengly pwd=/home/amhengly ===
[WARNING]: Could not match supplied host pattern, ignoring: application

PLAY [Backup database] *********************************************************
skipping: no hosts matched

PLAY RECAP *********************************************************************

=== EXIT 0: 2025-12-17T10:16:03Z ===
=== RUN START: 2025-12-17T10:17:01Z user=amhengly pwd=/home/amhengly ===
[WARNING]: Could not match supplied host pattern, ignoring: application

PLAY [Backup database] *********************************************************
skipping: no hosts matched

PLAY RECAP *********************************************************************

=== EXIT 0: 2025-12-17T10:17:03Z ===
=== RUN START: 2025-12-17T10:18:01Z user=amhengly pwd=/home/amhengly ===
[WARNING]: Could not match supplied host pattern, ignoring: application

PLAY [Backup database] *********************************************************
skipping: no hosts matched

PLAY RECAP *********************************************************************

=== EXIT 0: 2025-12-17T10:18:03Z ===
=== RUN START: 2025-12-17T10:19:01Z user=amhengly pwd=/home/amhengly ===
[WARNING]: Could not match supplied host pattern, ignoring: application

PLAY [Backup database] *********************************************************
skipping: no hosts matched

PLAY RECAP *********************************************************************

=== EXIT 0: 2025-12-17T10:19:02Z ===
=== RUN START: 2025-12-17T10:20:01Z user=amhengly pwd=/home/amhengly ===
[WARNING]: Could not match supplied host pattern, ignoring: application

PLAY [Backup database] *********************************************************
skipping: no hosts matched

PLAY RECAP *********************************************************************

=== EXIT 0: 2025-12-17T10:20:03Z ===
=== RUN START: 2025-12-17T10:21:01Z user=amhengly pwd=/home/amhengly ===
[WARNING]: Could not match supplied host pattern, ignoring: application

PLAY [Backup database] *********************************************************
skipping: no hosts matched

PLAY RECAP *********************************************************************

=== EXIT 0: 2025-12-17T10:21:03Z ===
=== RUN START: 2025-12-17T10:22:01Z user=amhengly pwd=/home/amhengly ===
[WARNING]: Could not match supplied host pattern, ignoring: application

PLAY [Backup database] *********************************************************
skipping: no hosts matched

PLAY RECAP *********************************************************************

=== EXIT 0: 2025-12-17T10:22:03Z ===
=== RUN START: 2025-12-17T10:23:01Z user=amhengly pwd=/home/amhengly ===
[WARNING]: Could not match supplied host pattern, ignoring: application

PLAY [Backup database] *********************************************************
skipping: no hosts matched

PLAY RECAP *********************************************************************

=== EXIT 0: 2025-12-17T10:23:02Z ===
=== RUN START: 2025-12-17T10:24:01Z user=amhengly pwd=/home/amhengly ===
[WARNING]: Could not match supplied host pattern, ignoring: application

PLAY [Backup database] *********************************************************
skipping: no hosts matched

PLAY RECAP *********************************************************************

=== EXIT 0: 2025-12-17T10:24:03Z ===
=== RUN START: 2025-12-17T10:25:01Z user=amhengly pwd=/home/amhengly ===
[WARNING]: Could not match supplied host pattern, ignoring: application

PLAY [Backup database] *********************************************************
skipping: no hosts matched

PLAY RECAP *********************************************************************

=== EXIT 0: 2025-12-17T10:25:03Z ===
=== RUN START: 2025-12-17T10:26:01Z user=amhengly pwd=/home/amhengly ===
[WARNING]: Could not match supplied host pattern, ignoring: application

PLAY [Backup database] *********************************************************
skipping: no hosts matched

PLAY RECAP *********************************************************************

=== EXIT 0: 2025-12-17T10:26:03Z ===
=== RUN START: 2025-12-17T10:27:01Z user=amhengly pwd=/home/amhengly ===
[WARNING]: Could not match supplied host pattern, ignoring: application

PLAY [Backup database] *********************************************************
skipping: no hosts matched

PLAY RECAP *********************************************************************

=== EXIT 0: 2025-12-17T10:27:02Z ===
=== RUN START: 2025-12-17T10:28:01Z user=amhengly pwd=/home/amhengly ===
[WARNING]: Could not match supplied host pattern, ignoring: application

PLAY [Backup database] *********************************************************
skipping: no hosts matched

PLAY RECAP *********************************************************************

=== EXIT 0: 2025-12-17T10:28:03Z ===
=== RUN START: 2025-12-17T10:29:01Z user=amhengly pwd=/home/amhengly ===
[WARNING]: Could not match supplied host pattern, ignoring: application

PLAY [Backup database] *********************************************************
skipping: no hosts matched

PLAY RECAP *********************************************************************

=== EXIT 0: 2025-12-17T10:29:03Z ===
=== RUN START: 2025-12-17T10:30:01Z user=amhengly pwd=/home/amhengly ===
[WARNING]: Could not match supplied host pattern, ignoring: application

PLAY [Backup database] *********************************************************
skipping: no hosts matched

PLAY RECAP *********************************************************************

=== EXIT 0: 2025-12-17T10:30:03Z ===
=== RUN START: 2025-12-17T10:31:01Z user=amhengly pwd=/home/amhengly ===
[WARNING]: Could not match supplied host pattern, ignoring: application

PLAY [Backup database] *********************************************************
skipping: no hosts matched

PLAY RECAP *********************************************************************

=== EXIT 0: 2025-12-17T10:31:03Z ===
=== RUN START: 2025-12-17T10:32:01Z user=amhengly pwd=/home/amhengly ===
[WARNING]: Could not match supplied host pattern, ignoring: application

PLAY [Backup database] *********************************************************
skipping: no hosts matched

PLAY RECAP *********************************************************************

=== EXIT 0: 2025-12-17T10:32:03Z ===
=== RUN START: 2025-12-17T10:33:01Z user=amhengly pwd=/home/amhengly ===
[WARNING]: Could not match supplied host pattern, ignoring: application

PLAY [Backup database] *********************************************************
skipping: no hosts matched

PLAY RECAP *********************************************************************

=== EXIT 0: 2025-12-17T10:33:02Z ===
=== RUN START: 2025-12-17T10:34:01Z user=amhengly pwd=/home/amhengly ===
[WARNING]: Could not match supplied host pattern, ignoring: application

PLAY [Backup database] *********************************************************
skipping: no hosts matched

PLAY RECAP *********************************************************************

=== EXIT 0: 2025-12-17T10:34:06Z ===
=== RUN START: 2025-12-17T10:35:01Z user=amhengly pwd=/home/amhengly ===
[WARNING]: Could not match supplied host pattern, ignoring: application

PLAY [Backup database] *********************************************************
skipping: no hosts matched

PLAY RECAP *********************************************************************

=== EXIT 0: 2025-12-17T10:35:02Z ===
=== RUN START: 2025-12-17T10:36:01Z user=amhengly pwd=/home/amhengly ===
[WARNING]: Could not match supplied host pattern, ignoring: application

PLAY [Backup database] *********************************************************
skipping: no hosts matched

PLAY RECAP *********************************************************************

=== EXIT 0: 2025-12-17T10:36:03Z ===
=== RUN START: 2025-12-17T10:37:01Z user=amhengly pwd=/home/amhengly ===
[WARNING]: Could not match supplied host pattern, ignoring: application

PLAY [Backup database] *********************************************************
skipping: no hosts matched

PLAY RECAP *********************************************************************

=== EXIT 0: 2025-12-17T10:37:03Z ===
=== RUN START: 2025-12-17T10:38:01Z user=amhengly pwd=/home/amhengly ===
[WARNING]: Could not match supplied host pattern, ignoring: application

PLAY [Backup database] *********************************************************
skipping: no hosts matched

PLAY RECAP *********************************************************************

=== EXIT 0: 2025-12-17T10:38:02Z ===
=== RUN START: 2025-12-17T10:39:01Z user=amhengly pwd=/home/amhengly ===
[WARNING]: Could not match supplied host pattern, ignoring: application

PLAY [Backup database] *********************************************************
skipping: no hosts matched

PLAY RECAP *********************************************************************

=== EXIT 0: 2025-12-17T10:39:03Z ===
=== RUN START: 2025-12-17T10:40:01Z user=amhengly pwd=/home/amhengly ===
[WARNING]: Could not match supplied host pattern, ignoring: application

PLAY [Backup database] *********************************************************
skipping: no hosts matched

PLAY RECAP *********************************************************************

=== EXIT 0: 2025-12-17T10:40:03Z ===
=== RUN START: 2025-12-17T10:41:01Z user=amhengly pwd=/home/amhengly ===
[WARNING]: Could not match supplied host pattern, ignoring: application

PLAY [Backup database] *********************************************************
skipping: no hosts matched

PLAY RECAP *********************************************************************

=== EXIT 0: 2025-12-17T10:41:03Z ===
=== RUN START: 2025-12-17T10:42:01Z user=amhengly pwd=/home/amhengly ===
[WARNING]: Could not match supplied host pattern, ignoring: application

PLAY [Backup database] *********************************************************
skipping: no hosts matched

PLAY RECAP *********************************************************************

=== EXIT 0: 2025-12-17T10:42:02Z ===
=== RUN START: 2025-12-17T10:43:01Z user=amhengly pwd=/home/amhengly ===
[WARNING]: Could not match supplied host pattern, ignoring: application

PLAY [Backup database] *********************************************************
skipping: no hosts matched

PLAY RECAP *********************************************************************

=== EXIT 0: 2025-12-17T10:43:03Z ===
=== RUN START: 2025-12-17T10:44:01Z user=amhengly pwd=/home/amhengly ===
[WARNING]: Could not match supplied host pattern, ignoring: application

PLAY [Backup database] *********************************************************
skipping: no hosts matched

PLAY RECAP *********************************************************************

=== EXIT 0: 2025-12-17T10:44:03Z ===
=== RUN START: 2025-12-17T10:45:01Z user=amhengly pwd=/home/amhengly ===
[WARNING]: Could not match supplied host pattern, ignoring: application

PLAY [Backup database] *********************************************************
skipping: no hosts matched

PLAY RECAP *********************************************************************

=== EXIT 0: 2025-12-17T10:45:03Z ===
=== RUN START: 2025-12-17T10:46:01Z user=amhengly pwd=/home/amhengly ===
[WARNING]: Could not match supplied host pattern, ignoring: application

PLAY [Backup database] *********************************************************
skipping: no hosts matched

PLAY RECAP *********************************************************************

=== EXIT 0: 2025-12-17T10:46:03Z ===
=== RUN START: 2025-12-17T10:47:01Z user=amhengly pwd=/home/amhengly ===
[WARNING]: Could not match supplied host pattern, ignoring: application

PLAY [Backup database] *********************************************************
skipping: no hosts matched

PLAY RECAP *********************************************************************

=== EXIT 0: 2025-12-17T10:47:02Z ===
=== RUN START: 2025-12-17T10:48:01Z user=amhengly pwd=/home/amhengly ===
[WARNING]: Could not match supplied host pattern, ignoring: application

PLAY [Backup database] *********************************************************
skipping: no hosts matched

PLAY RECAP *********************************************************************

=== EXIT 0: 2025-12-17T10:48:03Z ===
=== RUN START: 2025-12-17T10:49:01Z user=amhengly pwd=/home/amhengly ===
[WARNING]: Could not match supplied host pattern, ignoring: application

PLAY [Backup database] *********************************************************
skipping: no hosts matched

PLAY RECAP *********************************************************************

=== EXIT 0: 2025-12-17T10:49:03Z ===
=== RUN START: 2025-12-17T10:50:01Z user=amhengly pwd=/home/amhengly ===
[WARNING]: Could not match supplied host pattern, ignoring: application

PLAY [Backup database] *********************************************************
skipping: no hosts matched

PLAY RECAP *********************************************************************

=== EXIT 0: 2025-12-17T10:50:03Z ===
=== RUN START: 2025-12-17T10:51:01Z user=amhengly pwd=/home/amhengly ===
[WARNING]: Could not match supplied host pattern, ignoring: application

PLAY [Backup database] *********************************************************
skipping: no hosts matched

PLAY RECAP *********************************************************************

=== EXIT 0: 2025-12-17T10:51:02Z ===
=== RUN START: 2025-12-17T10:52:01Z user=amhengly pwd=/home/amhengly ===
[WARNING]: Could not match supplied host pattern, ignoring: application

PLAY [Backup database] *********************************************************
skipping: no hosts matched

PLAY RECAP *********************************************************************

=== EXIT 0: 2025-12-17T10:52:03Z ===
=== RUN START: 2025-12-17T10:53:01Z user=amhengly pwd=/home/amhengly ===
[WARNING]: Could not match supplied host pattern, ignoring: application

PLAY [Backup database] *********************************************************
skipping: no hosts matched

PLAY RECAP *********************************************************************

=== EXIT 0: 2025-12-17T10:53:03Z ===
=== RUN START: 2025-12-17T10:54:01Z user=amhengly pwd=/home/amhengly ===
[WARNING]: Could not match supplied host pattern, ignoring: application

PLAY [Backup database] *********************************************************
skipping: no hosts matched

PLAY RECAP *********************************************************************

=== EXIT 0: 2025-12-17T10:54:03Z ===
=== RUN START: 2025-12-17T10:55:01Z user=amhengly pwd=/home/amhengly ===
[WARNING]: Could not match supplied host pattern, ignoring: application

PLAY [Backup database] *********************************************************
skipping: no hosts matched

PLAY RECAP *********************************************************************

=== EXIT 0: 2025-12-17T10:55:03Z ===
=== RUN START: 2025-12-17T10:56:01Z user=amhengly pwd=/home/amhengly ===
[WARNING]: Could not match supplied host pattern, ignoring: application

PLAY [Backup database] *********************************************************
skipping: no hosts matched

PLAY RECAP *********************************************************************

=== EXIT 0: 2025-12-17T10:56:03Z ===
